match_id,league,date,time,kickoff_time_utc,home_team,away_team,home_goals,away_goals,result,home_odds,draw_odds,away_odds
SP1_2024-08-15_ath-bilbao_getafe,SP1,2024-08-15,18:00,2024-08-15 17:00:00+00:00,Ath Bilbao,Getafe,1,1,D,1.59,3.63,6.96
SP1_2024-08-15_betis_girona,SP1,2024-08-15,20:30,2024-08-15 19:30:00+00:00,Betis,Girona,1,1,D,2.35,3.37,3.1
SP1_2024-08-16_celta_alaves,SP1,2024-08-16,18:00,2024-08-16 17:00:00+00:00,Celta,Alaves,2,1,H,2.1,3.24,3.86
F1_2024-08-16_le-havre_paris-sg,F1,2024-08-16,19:45,2024-08-16 18:45:00+00:00,Le Havre,Paris SG,1,4,A,7.3,4.73,1.43
E0_2024-08-16_man-united_fulham,E0,2024-08-16,20:00,2024-08-16 19:00:00+00:00,Man United,Fulham,1,0,H,1.66,4.2,5.02
SP1_2024-08-16_las-palmas_sevilla,SP1,2024-08-16,20:30,2024-08-16 19:30:00+00:00,Las Palmas,Sevilla,2,2,D,2.66,3.19,2.83
E0_2024-08-17_ipswich_liverpool,E0,2024-08-17,12:30,2024-08-17 11:30:00+00:00,Ipswich,Liverpool,0,2,A,7.87,5.81,1.35
E0_2024-08-17_arsenal_wolves,E0,2024-08-17,15:00,2024-08-17 14:00:00+00:00,Arsenal,Wolves,2,0,H,1.15,8.62,18.11
E0_2024-08-17_everton_brighton,E0,2024-08-17,15:00,2024-08-17 14:00:00+00:00,Everton,Brighton,0,3,A,3.06,3.4,2.38
E0_2024-08-17_newcastle_southampton,E0,2024-08-17,15:00,2024-08-17 14:00:00+00:00,Newcastle,Southampton,1,0,H,1.39,5.27,7.33
E0_2024-08-17_nott-m-forest_bournemouth,E0,2024-08-17,15:00,2024-08-17 14:00:00+00:00,Nott'm Forest,Bournemouth,1,1,D,2.25,3.44,3.23
F1_2024-08-17_brest_marseille,F1,2024-08-17,16:00,2024-08-17 15:00:00+00:00,Brest,Marseille,1,5,A,3.16,3.32,2.34
E0_2024-08-17_west-ham_aston-villa,E0,2024-08-17,17:30,2024-08-17 16:30:00+00:00,West Ham,Aston Villa,1,2,A,2.47,3.51,2.83
I1_2024-08-17_genoa_inter,I1,2024-08-17,17:30,2024-08-17 16:30:00+00:00,Genoa,Inter,2,2,D,7.03,4.27,1.49
I1_2024-08-17_parma_fiorentina,I1,2024-08-17,17:30,2024-08-17 16:30:00+00:00,Parma,Fiorentina,1,1,D,3.52,3.36,2.15
F1_2024-08-17_reims_lille,F1,2024-08-17,18:00,2024-08-17 17:00:00+00:00,Reims,Lille,0,2,A,2.87,3.28,2.55
SP1_2024-08-17_osasuna_leganes,SP1,2024-08-17,18:00,2024-08-17 17:00:00+00:00,Osasuna,Leganes,1,1,D,1.87,3.26,4.92
I1_2024-08-17_empoli_monza,I1,2024-08-17,19:45,2024-08-17 18:45:00+00:00,Empoli,Monza,0,0,D,2.46,3.15,3.12
I1_2024-08-17_milan_torino,I1,2024-08-17,19:45,2024-08-17 18:45:00+00:00,Milan,Torino,2,2,D,1.51,4.37,6.58
F1_2024-08-17_monaco_st-etienne,F1,2024-08-17,20:00,2024-08-17 19:00:00+00:00,Monaco,St Etienne,1,0,H,1.35,5.43,7.95
SP1_2024-08-17_valencia_barcelona,SP1,2024-08-17,20:30,2024-08-17 19:30:00+00:00,Valencia,Barcelona,1,2,A,4.3,3.74,1.84
E0_2024-08-18_brentford_crystal-palace,E0,2024-08-18,14:00,2024-08-18 13:00:00+00:00,Brentford,Crystal Palace,2,1,H,2.85,3.28,2.62
F1_2024-08-18_auxerre_nice,F1,2024-08-18,14:00,2024-08-18 13:00:00+00:00,Auxerre,Nice,2,1,H,2.97,3.3,2.46
F1_2024-08-18_angers_lens,F1,2024-08-18,16:00,2024-08-18 15:00:00+00:00,Angers,Lens,0,1,A,6.48,3.93,1.57
F1_2024-08-18_montpellier_strasbourg,F1,2024-08-18,16:00,2024-08-18 15:00:00+00:00,Montpellier,Strasbourg,1,1,D,2.08,3.53,3.54
F1_2024-08-18_toulouse_nantes,F1,2024-08-18,16:00,2024-08-18 15:00:00+00:00,Toulouse,Nantes,0,0,D,2.08,3.33,3.75
E0_2024-08-18_chelsea_man-city,E0,2024-08-18,16:30,2024-08-18 15:30:00+00:00,Chelsea,Man City,0,2,A,3.64,3.83,1.98
I1_2024-08-18_bologna_udinese,I1,2024-08-18,17:30,2024-08-18 16:30:00+00:00,Bologna,Udinese,1,1,D,2.06,3.22,3.96
I1_2024-08-18_verona_napoli,I1,2024-08-18,17:30,2024-08-18 16:30:00+00:00,Verona,Napoli,3,0,H,5.17,3.7,1.72
SP1_2024-08-18_sociedad_vallecano,SP1,2024-08-18,18:00,2024-08-18 17:00:00+00:00,Sociedad,Vallecano,1,2,A,1.77,3.38,5.37
F1_2024-08-18_rennes_lyon,F1,2024-08-18,19:45,2024-08-18 18:45:00+00:00,Rennes,Lyon,3,0,H,2.33,3.42,3.08
I1_2024-08-18_cagliari_roma,I1,2024-08-18,19:45,2024-08-18 18:45:00+00:00,Cagliari,Roma,0,0,D,3.7,3.45,2.07
I1_2024-08-18_lazio_venezia,I1,2024-08-18,19:45,2024-08-18 18:45:00+00:00,Lazio,Venezia,3,1,H,1.4,4.65,8.56
SP1_2024-08-18_mallorca_real-madrid,SP1,2024-08-18,20:30,2024-08-18 19:30:00+00:00,Mallorca,Real Madrid,1,1,D,8.64,4.85,1.38
I1_2024-08-19_lecce_atalanta,I1,2024-08-19,17:30,2024-08-19 16:30:00+00:00,Lecce,Atalanta,0,4,A,3.58,3.35,2.14
SP1_2024-08-19_valladolid_espanol,SP1,2024-08-19,18:00,2024-08-19 17:00:00+00:00,Valladolid,Espanol,1,0,H,2.3,2.9,3.71
I1_2024-08-19_juventus_como,I1,2024-08-19,19:45,2024-08-19 18:45:00+00:00,Juventus,Como,3,0,H,1.54,4.15,6.46
E0_2024-08-19_leicester_tottenham,E0,2024-08-19,20:00,2024-08-19 19:00:00+00:00,Leicester,Tottenham,1,1,D,4.57,4.23,1.71
SP1_2024-08-19_villarreal_ath-madrid,SP1,2024-08-19,20:30,2024-08-19 19:30:00+00:00,Villarreal,Ath Madrid,2,2,D,3.48,3.57,2.08
SP1_2024-08-23_celta_valencia,SP1,2024-08-23,18:00,2024-08-23 17:00:00+00:00,Celta,Valencia,3,1,H,2.17,3.35,3.53
D1_2024-08-23_m-gladbach_leverkusen,D1,2024-08-23,19:30,2024-08-23 18:30:00+00:00,M'gladbach,Leverkusen,2,3,A,5.09,4.46,1.6
F1_2024-08-23_paris-sg_montpellier,F1,2024-08-23,19:45,2024-08-23 18:45:00+00:00,Paris SG,Montpellier,6,0,H,1.21,6.96,11.63
SP1_2024-08-23_sevilla_villarreal,SP1,2024-08-23,20:30,2024-08-23 19:30:00+00:00,Sevilla,Villarreal,1,2,A,2.19,3.61,3.22
E0_2024-08-24_brighton_man-united,E0,2024-08-24,12:30,2024-08-24 11:30:00+00:00,Brighton,Man United,2,1,H,2.41,3.72,2.81
D1_2024-08-24_augsburg_werder-bremen,D1,2024-08-24,14:30,2024-08-24 13:30:00+00:00,Augsburg,Werder Bremen,2,2,D,2.46,3.54,2.82
D1_2024-08-24_freiburg_stuttgart,D1,2024-08-24,14:30,2024-08-24 13:30:00+00:00,Freiburg,Stuttgart,3,1,H,3.62,3.81,1.98
D1_2024-08-24_hoffenheim_holstein-kiel,D1,2024-08-24,14:30,2024-08-24 13:30:00+00:00,Hoffenheim,Holstein Kiel,3,2,H,1.62,4.54,4.87
D1_2024-08-24_mainz_union-berlin,D1,2024-08-24,14:30,2024-08-24 13:30:00+00:00,Mainz,Union Berlin,1,1,D,2.08,3.34,3.8
D1_2024-08-24_rb-leipzig_bochum,D1,2024-08-24,14:30,2024-08-24 13:30:00+00:00,RB Leipzig,Bochum,1,0,H,1.22,7.05,11.94
E0_2024-08-24_crystal-palace_west-ham,E0,2024-08-24,15:00,2024-08-24 14:00:00+00:00,Crystal Palace,West Ham,0,2,A,1.98,3.78,3.72
E0_2024-08-24_fulham_leicester,E0,2024-08-24,15:00,2024-08-24 14:00:00+00:00,Fulham,Leicester,2,1,H,1.88,3.71,4.21
E0_2024-08-24_man-city_ipswich,E0,2024-08-24,15:00,2024-08-24 14:00:00+00:00,Man City,Ipswich,4,1,H,1.09,11.44,27.5
E0_2024-08-24_southampton_nott-m-forest,E0,2024-08-24,15:00,2024-08-24 14:00:00+00:00,Southampton,Nott'm Forest,0,1,A,2.36,3.48,3.04
E0_2024-08-24_tottenham_everton,E0,2024-08-24,15:00,2024-08-24 14:00:00+00:00,Tottenham,Everton,4,0,H,1.37,5.39,7.91
F1_2024-08-24_lyon_monaco,F1,2024-08-24,16:00,2024-08-24 15:00:00+00:00,Lyon,Monaco,0,2,A,2.71,3.72,2.46
SP1_2024-08-24_osasuna_mallorca,SP1,2024-08-24,16:00,2024-08-24 15:00:00+00:00,Osasuna,Mallorca,1,0,H,2.37,3.11,3.33
D1_2024-08-24_dortmund_ein-frankfurt,D1,2024-08-24,17:30,2024-08-24 16:30:00+00:00,Dortmund,Ein Frankfurt,2,0,H,1.76,4.1,4.36
E0_2024-08-24_aston-villa_arsenal,E0,2024-08-24,17:30,2024-08-24 16:30:00+00:00,Aston Villa,Arsenal,0,2,A,4.66,4.02,1.74
I1_2024-08-24_parma_milan,I1,2024-08-24,17:30,2024-08-24 16:30:00+00:00,Parma,Milan,2,1,H,5.36,4.17,1.62
I1_2024-08-24_udinese_lazio,I1,2024-08-24,17:30,2024-08-24 16:30:00+00:00,Udinese,Lazio,2,1,H,3.34,3.14,2.35
F1_2024-08-24_lille_angers,F1,2024-08-24,18:00,2024-08-24 17:00:00+00:00,Lille,Angers,2,0,H,1.35,4.92,9.81
SP1_2024-08-24_barcelona_ath-bilbao,SP1,2024-08-24,18:00,2024-08-24 17:00:00+00:00,Barcelona,Ath Bilbao,2,1,H,1.59,4.28,5.45
I1_2024-08-24_inter_lecce,I1,2024-08-24,19:45,2024-08-24 18:45:00+00:00,Inter,Lecce,2,0,H,1.2,6.81,14.71
I1_2024-08-24_monza_genoa,I1,2024-08-24,19:45,2024-08-24 18:45:00+00:00,Monza,Genoa,0,1,A,2.7,3.06,2.87
F1_2024-08-24_st-etienne_le-havre,F1,2024-08-24,20:00,2024-08-24 19:00:00+00:00,St Etienne,Le Havre,0,2,A,2.02,3.36,3.95
SP1_2024-08-24_espanol_sociedad,SP1,2024-08-24,20:30,2024-08-24 19:30:00+00:00,Espanol,Sociedad,0,1,A,3.86,3.11,2.16
SP1_2024-08-24_getafe_vallecano,SP1,2024-08-24,20:30,2024-08-24 19:30:00+00:00,Getafe,Vallecano,0,0,D,2.66,2.8,3.22
E0_2024-08-25_bournemouth_newcastle,E0,2024-08-25,14:00,2024-08-25 13:00:00+00:00,Bournemouth,Newcastle,1,1,D,2.57,3.65,2.64
E0_2024-08-25_wolves_chelsea,E0,2024-08-25,14:00,2024-08-25 13:00:00+00:00,Wolves,Chelsea,2,6,A,3.89,3.89,1.91
F1_2024-08-25_lens_brest,F1,2024-08-25,14:00,2024-08-25 13:00:00+00:00,Lens,Brest,2,0,H,1.88,3.51,4.37
D1_2024-08-25_wolfsburg_bayern-munich,D1,2024-08-25,14:30,2024-08-25 13:30:00+00:00,Wolfsburg,Bayern Munich,2,3,A,6.36,4.67,1.49
F1_2024-08-25_nantes_auxerre,F1,2024-08-25,16:00,2024-08-25 15:00:00+00:00,Nantes,Auxerre,2,0,H,2.47,3.36,2.93
F1_2024-08-25_nice_toulouse,F1,2024-08-25,16:00,2024-08-25 15:00:00+00:00,Nice,Toulouse,1,1,D,2.08,3.29,3.85
F1_2024-08-25_strasbourg_rennes,F1,2024-08-25,16:00,2024-08-25 15:00:00+00:00,Strasbourg,Rennes,3,1,H,3.26,3.28,2.28
SP1_2024-08-25_real-madrid_valladolid,SP1,2024-08-25,16:00,2024-08-25 15:00:00+00:00,Real Madrid,Valladolid,3,0,H,1.14,9.12,18.96
D1_2024-08-25_st-pauli_heidenheim,D1,2024-08-25,16:30,2024-08-25 15:30:00+00:00,St Pauli,Heidenheim,0,2,A,2.0,3.51,3.8
E0_2024-08-25_liverpool_brentford,E0,2024-08-25,16:30,2024-08-25 15:30:00+00:00,Liverpool,Brentford,2,0,H,1.22,7.19,11.82
I1_2024-08-25_fiorentina_venezia,I1,2024-08-25,17:30,2024-08-25 16:30:00+00:00,Fiorentina,Venezia,0,0,D,1.47,4.59,6.75
I1_2024-08-25_torino_atalanta,I1,2024-08-25,17:30,2024-08-25 16:30:00+00:00,Torino,Atalanta,2,1,H,3.53,3.26,2.2
SP1_2024-08-25_leganes_las-palmas,SP1,2024-08-25,18:00,2024-08-25 17:00:00+00:00,Leganes,Las Palmas,2,1,H,2.43,2.98,3.38
SP1_2024-08-25_alaves_betis,SP1,2024-08-25,18:15,2024-08-25 17:15:00+00:00,Alaves,Betis,0,0,D,2.45,2.97,3.3
F1_2024-08-25_marseille_reims,F1,2024-08-25,19:45,2024-08-25 18:45:00+00:00,Marseille,Reims,2,2,D,1.35,5.36,8.48
I1_2024-08-25_napoli_bologna,I1,2024-08-25,19:45,2024-08-25 18:45:00+00:00,Napoli,Bologna,3,0,H,1.98,3.38,4.1
I1_2024-08-25_roma_empoli,I1,2024-08-25,19:45,2024-08-25 18:45:00+00:00,Roma,Empoli,1,2,A,1.46,4.43,7.44
SP1_2024-08-25_ath-madrid_girona,SP1,2024-08-25,20:30,2024-08-25 19:30:00+00:00,Ath Madrid,Girona,3,0,H,1.48,4.65,6.44
I1_2024-08-26_cagliari_como,I1,2024-08-26,17:30,2024-08-26 16:30:00+00:00,Cagliari,Como,1,1,D,2.24,3.3,3.35
I1_2024-08-26_verona_juventus,I1,2024-08-26,19:45,2024-08-26 18:45:00+00:00,Verona,Juventus,0,3,A,4.69,3.46,1.85
SP1_2024-08-26_villarreal_celta,SP1,2024-08-26,20:30,2024-08-26 19:30:00+00:00,Villarreal,Celta,4,3,H,1.66,4.2,4.91
SP1_2024-08-27_mallorca_sevilla,SP1,2024-08-27,18:00,2024-08-27 17:00:00+00:00,Mallorca,Sevilla,0,0,D,2.32,3.18,3.37
SP1_2024-08-27_vallecano_barcelona,SP1,2024-08-27,20:30,2024-08-27 19:30:00+00:00,Vallecano,Barcelona,1,2,A,5.26,3.98,1.67
SP1_2024-08-28_ath-bilbao_valencia,SP1,2024-08-28,18:00,2024-08-28 17:00:00+00:00,Ath Bilbao,Valencia,1,0,H,1.73,3.69,5.14
SP1_2024-08-28_valladolid_leganes,SP1,2024-08-28,18:00,2024-08-28 17:00:00+00:00,Valladolid,Leganes,0,0,D,2.21,3.01,3.88
SP1_2024-08-28_ath-madrid_espanol,SP1,2024-08-28,20:30,2024-08-28 19:30:00+00:00,Ath Madrid,Espanol,0,0,D,1.26,5.74,13.11
SP1_2024-08-28_sociedad_alaves,SP1,2024-08-28,20:30,2024-08-28 19:30:00+00:00,Sociedad,Alaves,1,2,A,1.6,3.77,6.61
SP1_2024-08-29_girona_osasuna,SP1,2024-08-29,18:00,2024-08-29 17:00:00+00:00,Girona,Osasuna,4,0,H,1.69,3.93,4.99
SP1_2024-08-29_las-palmas_real-madrid,SP1,2024-08-29,20:30,2024-08-29 19:30:00+00:00,Las Palmas,Real Madrid,1,1,D,9.07,5.49,1.33
I1_2024-08-30_venezia_torino,I1,2024-08-30,17:30,2024-08-30 16:30:00+00:00,Venezia,Torino,0,1,A,3.39,3.27,2.26
D1_2024-08-30_union-berlin_st-pauli,D1,2024-08-30,19:30,2024-08-30 18:30:00+00:00,Union Berlin,St Pauli,1,0,H,1.97,3.43,4.13
F1_2024-08-30_lyon_strasbourg,F1,2024-08-30,19:45,2024-08-30 18:45:00+00:00,Lyon,Strasbourg,4,3,H,2.04,3.64,3.59
I1_2024-08-30_inter_atalanta,I1,2024-08-30,19:45,2024-08-30 18:45:00+00:00,Inter,Atalanta,4,0,H,1.52,4.42,6.14
E0_2024-08-31_arsenal_brighton,E0,2024-08-31,12:30,2024-08-31 11:30:00+00:00,Arsenal,Brighton,1,1,D,1.37,5.37,8.0
D1_2024-08-31_bochum_m-gladbach,D1,2024-08-31,14:30,2024-08-31 13:30:00+00:00,Bochum,M'gladbach,0,2,A,2.86,3.75,2.34
D1_2024-08-31_ein-frankfurt_hoffenheim,D1,2024-08-31,14:30,2024-08-31 13:30:00+00:00,Ein Frankfurt,Hoffenheim,3,1,H,1.67,4.4,4.62
D1_2024-08-31_holstein-kiel_wolfsburg,D1,2024-08-31,14:30,2024-08-31 13:30:00+00:00,Holstein Kiel,Wolfsburg,0,2,A,2.97,3.64,2.32
D1_2024-08-31_stuttgart_mainz,D1,2024-08-31,14:30,2024-08-31 13:30:00+00:00,Stuttgart,Mainz,3,3,D,1.66,4.25,4.88
D1_2024-08-31_werder-bremen_dortmund,D1,2024-08-31,14:30,2024-08-31 13:30:00+00:00,Werder Bremen,Dortmund,0,0,D,3.79,3.89,1.91
E0_2024-08-31_brentford_southampton,E0,2024-08-31,15:00,2024-08-31 14:00:00+00:00,Brentford,Southampton,3,1,H,1.8,3.86,4.42
E0_2024-08-31_everton_bournemouth,E0,2024-08-31,15:00,2024-08-31 14:00:00+00:00,Everton,Bournemouth,2,3,A,2.96,3.45,2.43
E0_2024-08-31_ipswich_fulham,E0,2024-08-31,15:00,2024-08-31 14:00:00+00:00,Ipswich,Fulham,1,1,D,3.03,3.41,2.4
E0_2024-08-31_leicester_aston-villa,E0,2024-08-31,15:00,2024-08-31 14:00:00+00:00,Leicester,Aston Villa,1,2,A,4.0,3.76,1.91
E0_2024-08-31_nott-m-forest_wolves,E0,2024-08-31,15:00,2024-08-31 14:00:00+00:00,Nott'm Forest,Wolves,1,1,D,2.0,3.61,3.73
F1_2024-08-31_brest_st-etienne,F1,2024-08-31,16:00,2024-08-31 15:00:00+00:00,Brest,St Etienne,4,0,H,1.74,3.86,4.71
SP1_2024-08-31_barcelona_valladolid,SP1,2024-08-31,16:00,2024-08-31 15:00:00+00:00,Barcelona,Valladolid,7,0,H,1.2,7.23,13.12
D1_2024-08-31_leverkusen_rb-leipzig,D1,2024-08-31,17:30,2024-08-31 16:30:00+00:00,Leverkusen,RB Leipzig,2,3,A,1.67,4.34,4.66
E0_2024-08-31_west-ham_man-city,E0,2024-08-31,17:30,2024-08-31 16:30:00+00:00,West Ham,Man City,1,3,A,7.32,5.14,1.4
I1_2024-08-31_bologna_empoli,I1,2024-08-31,17:30,2024-08-31 16:30:00+00:00,Bologna,Empoli,1,1,D,1.72,3.62,5.37
I1_2024-08-31_lecce_cagliari,I1,2024-08-31,17:30,2024-08-31 16:30:00+00:00,Lecce,Cagliari,1,0,H,2.26,3.16,3.5
F1_2024-08-31_montpellier_nantes,F1,2024-08-31,18:00,2024-08-31 17:00:00+00:00,Montpellier,Nantes,1,3,A,2.26,3.51,3.15
SP1_2024-08-31_ath-bilbao_ath-madrid,SP1,2024-08-31,18:00,2024-08-31 17:00:00+00:00,Ath Bilbao,Ath Madrid,0,1,A,2.8,3.25,2.64
SP1_2024-08-31_espanol_vallecano,SP1,2024-08-31,18:15,2024-08-31 17:15:00+00:00,Espanol,Vallecano,2,1,H,2.79,2.91,2.92
I1_2024-08-31_lazio_milan,I1,2024-08-31,19:45,2024-08-31 18:45:00+00:00,Lazio,Milan,2,2,D,2.81,3.37,2.55
I1_2024-08-31_napoli_parma,I1,2024-08-31,19:45,2024-08-31 18:45:00+00:00,Napoli,Parma,2,1,H,1.43,4.83,7.25
F1_2024-08-31_toulouse_marseille,F1,2024-08-31,20:00,2024-08-31 19:00:00+00:00,Toulouse,Marseille,1,3,A,3.13,3.59,2.23
SP1_2024-08-31_leganes_mallorca,SP1,2024-08-31,20:30,2024-08-31 19:30:00+00:00,Leganes,Mallorca,0,1,A,2.84,2.73,3.03
SP1_2024-08-31_valencia_villarreal,SP1,2024-08-31,20:30,2024-08-31 19:30:00+00:00,Valencia,Villarreal,1,1,D,2.66,3.28,2.76
E0_2024-09-01_chelsea_crystal-palace,E0,2024-09-01,13:30,2024-09-01 12:30:00+00:00,Chelsea,Crystal Palace,1,1,D,1.65,4.3,4.97
E0_2024-09-01_newcastle_tottenham,E0,2024-09-01,13:30,2024-09-01 12:30:00+00:00,Newcastle,Tottenham,2,1,H,2.46,3.89,2.64
F1_2024-09-01_monaco_lens,F1,2024-09-01,14:00,2024-09-01 13:00:00+00:00,Monaco,Lens,1,1,D,1.99,3.72,3.65
D1_2024-09-01_heidenheim_augsburg,D1,2024-09-01,14:30,2024-09-01 13:30:00+00:00,Heidenheim,Augsburg,4,0,H,2.42,3.47,2.92
E0_2024-09-01_man-united_liverpool,E0,2024-09-01,16:00,2024-09-01 15:00:00+00:00,Man United,Liverpool,0,3,A,3.56,4.04,1.95
F1_2024-09-01_angers_nice,F1,2024-09-01,16:00,2024-09-01 15:00:00+00:00,Angers,Nice,1,4,A,4.3,3.32,1.95
F1_2024-09-01_le-havre_auxerre,F1,2024-09-01,16:00,2024-09-01 15:00:00+00:00,Le Havre,Auxerre,3,1,H,2.83,3.26,2.59
F1_2024-09-01_reims_rennes,F1,2024-09-01,16:00,2024-09-01 15:00:00+00:00,Reims,Rennes,2,1,H,3.19,3.48,2.24
SP1_2024-09-01_alaves_las-palmas,SP1,2024-09-01,16:00,2024-09-01 15:00:00+00:00,Alaves,Las Palmas,2,0,H,1.74,3.56,5.2
SP1_2024-09-01_osasuna_celta,SP1,2024-09-01,16:00,2024-09-01 15:00:00+00:00,Osasuna,Celta,3,2,H,2.51,3.26,2.95
D1_2024-09-01_bayern-munich_freiburg,D1,2024-09-01,16:30,2024-09-01 15:30:00+00:00,Bayern Munich,Freiburg,2,0,H,1.2,7.84,12.66
I1_2024-09-01_fiorentina_monza,I1,2024-09-01,17:30,2024-09-01 16:30:00+00:00,Fiorentina,Monza,2,2,D,1.81,3.51,4.76
I1_2024-09-01_genoa_verona,I1,2024-09-01,17:30,2024-09-01 16:30:00+00:00,Genoa,Verona,0,2,A,2.09,3.24,3.88
SP1_2024-09-01_sevilla_girona,SP1,2024-09-01,18:00,2024-09-01 17:00:00+00:00,Sevilla,Girona,0,2,A,2.83,3.62,2.41
SP1_2024-09-01_getafe_sociedad,SP1,2024-09-01,18:15,2024-09-01 17:15:00+00:00,Getafe,Sociedad,0,0,D,3.15,2.72,2.78
F1_2024-09-01_lille_paris-sg,F1,2024-09-01,19:45,2024-09-01 18:45:00+00:00,Lille,Paris SG,1,3,A,4.36,3.87,1.78
I1_2024-09-01_juventus_roma,I1,2024-09-01,19:45,2024-09-01 18:45:00+00:00,Juventus,Roma,0,0,D,1.76,3.62,4.92
I1_2024-09-01_udinese_como,I1,2024-09-01,19:45,2024-09-01 18:45:00+00:00,Udinese,Como,1,0,H,2.27,3.22,3.35
SP1_2024-09-01_real-madrid_betis,SP1,2024-09-01,20:30,2024-09-01 19:30:00+00:00,Real Madrid,Betis,2,0,H,1.25,6.27,11.97
D1_2024-09-13_dortmund_heidenheim,D1,2024-09-13,19:30,2024-09-13 18:30:00+00:00,Dortmund,Heidenheim,4,2,H,1.35,5.56,8.14
F1_2024-09-13_st-etienne_lille,F1,2024-09-13,19:45,2024-09-13 18:45:00+00:00,St Etienne,Lille,1,0,H,5.2,3.7,1.71
SP1_2024-09-13_betis_leganes,SP1,2024-09-13,20:00,2024-09-13 19:00:00+00:00,Betis,Leganes,2,0,H,1.67,3.59,5.99
E0_2024-09-14_southampton_man-united,E0,2024-09-14,12:30,2024-09-14 11:30:00+00:00,Southampton,Man United,0,3,A,4.19,4.05,1.8
SP1_2024-09-14_mallorca_villarreal,SP1,2024-09-14,13:00,2024-09-14 12:00:00+00:00,Mallorca,Villarreal,1,2,A,2.36,3.24,3.21
I1_2024-09-14_como_bologna,I1,2024-09-14,14:00,2024-09-14 13:00:00+00:00,Como,Bologna,2,2,D,3.0,3.07,2.59
D1_2024-09-14_freiburg_bochum,D1,2024-09-14,14:30,2024-09-14 13:30:00+00:00,Freiburg,Bochum,2,1,H,1.58,4.29,5.58
D1_2024-09-14_hoffenheim_leverkusen,D1,2024-09-14,14:30,2024-09-14 13:30:00+00:00,Hoffenheim,Leverkusen,1,4,A,6.66,5.22,1.42
D1_2024-09-14_m-gladbach_stuttgart,D1,2024-09-14,14:30,2024-09-14 13:30:00+00:00,M'gladbach,Stuttgart,1,3,A,2.68,3.84,2.44
D1_2024-09-14_rb-leipzig_union-berlin,D1,2024-09-14,14:30,2024-09-14 13:30:00+00:00,RB Leipzig,Union Berlin,0,0,D,1.46,4.77,6.67
D1_2024-09-14_wolfsburg_ein-frankfurt,D1,2024-09-14,14:30,2024-09-14 13:30:00+00:00,Wolfsburg,Ein Frankfurt,1,2,A,2.75,3.46,2.55
E0_2024-09-14_brighton_ipswich,E0,2024-09-14,15:00,2024-09-14 14:00:00+00:00,Brighton,Ipswich,0,0,D,1.48,4.7,6.48
E0_2024-09-14_crystal-palace_leicester,E0,2024-09-14,15:00,2024-09-14 14:00:00+00:00,Crystal Palace,Leicester,2,2,D,1.67,3.98,5.27
E0_2024-09-14_fulham_west-ham,E0,2024-09-14,15:00,2024-09-14 14:00:00+00:00,Fulham,West Ham,1,1,D,2.33,3.39,3.15
E0_2024-09-14_liverpool_nott-m-forest,E0,2024-09-14,15:00,2024-09-14 14:00:00+00:00,Liverpool,Nott'm Forest,0,1,A,1.23,6.75,11.99
E0_2024-09-14_man-city_brentford,E0,2024-09-14,15:00,2024-09-14 14:00:00+00:00,Man City,Brentford,2,1,H,1.19,7.64,13.85
SP1_2024-09-14_espanol_alaves,SP1,2024-09-14,15:15,2024-09-14 14:15:00+00:00,Espanol,Alaves,3,2,H,2.93,3.0,2.71
F1_2024-09-14_marseille_nice,F1,2024-09-14,16:00,2024-09-14 15:00:00+00:00,Marseille,Nice,2,0,H,1.88,3.59,4.29
I1_2024-09-14_empoli_juventus,I1,2024-09-14,17:00,2024-09-14 16:00:00+00:00,Empoli,Juventus,0,0,D,6.05,3.72,1.64
D1_2024-09-14_holstein-kiel_bayern-munich,D1,2024-09-14,17:30,2024-09-14 16:30:00+00:00,Holstein Kiel,Bayern Munich,1,6,A,12.51,7.61,1.2
E0_2024-09-14_aston-villa_everton,E0,2024-09-14,17:30,2024-09-14 16:30:00+00:00,Aston Villa,Everton,3,2,H,1.68,3.94,5.24
SP1_2024-09-14_sevilla_getafe,SP1,2024-09-14,17:30,2024-09-14 16:30:00+00:00,Sevilla,Getafe,1,0,H,2.26,3.05,3.69
F1_2024-09-14_auxerre_monaco,F1,2024-09-14,18:00,2024-09-14 17:00:00+00:00,Auxerre,Monaco,0,3,A,4.31,3.96,1.79
I1_2024-09-14_milan_venezia,I1,2024-09-14,19:45,2024-09-14 18:45:00+00:00,Milan,Venezia,4,0,H,1.27,6.19,10.79
E0_2024-09-14_bournemouth_chelsea,E0,2024-09-14,20:00,2024-09-14 19:00:00+00:00,Bournemouth,Chelsea,0,1,A,3.11,3.8,2.19
F1_2024-09-14_paris-sg_brest,F1,2024-09-14,20:00,2024-09-14 19:00:00+00:00,Paris SG,Brest,3,1,H,1.29,5.99,9.74
SP1_2024-09-14_sociedad_real-madrid,SP1,2024-09-14,20:00,2024-09-14 19:00:00+00:00,Sociedad,Real Madrid,0,2,A,4.79,3.73,1.76
I1_2024-09-15_genoa_roma,I1,2024-09-15,11:30,2024-09-15 10:30:00+00:00,Genoa,Roma,1,1,D,3.52,3.25,2.21
SP1_2024-09-15_celta_valladolid,SP1,2024-09-15,13:00,2024-09-15 12:00:00+00:00,Celta,Valladolid,3,1,H,1.65,3.95,5.36
E0_2024-09-15_tottenham_arsenal,E0,2024-09-15,14:00,2024-09-15 13:00:00+00:00,Tottenham,Arsenal,0,1,A,2.77,3.51,2.53
F1_2024-09-15_rennes_montpellier,F1,2024-09-15,14:00,2024-09-15 13:00:00+00:00,Rennes,Montpellier,3,0,H,1.43,4.99,6.74
I1_2024-09-15_atalanta_fiorentina,I1,2024-09-15,14:00,2024-09-15 13:00:00+00:00,Atalanta,Fiorentina,3,2,H,1.85,3.58,4.38
I1_2024-09-15_torino_lecce,I1,2024-09-15,14:00,2024-09-15 13:00:00+00:00,Torino,Lecce,0,0,D,1.92,3.34,4.47
D1_2024-09-15_augsburg_st-pauli,D1,2024-09-15,14:30,2024-09-15 13:30:00+00:00,Augsburg,St Pauli,3,1,H,2.07,3.36,3.81
SP1_2024-09-15_girona_barcelona,SP1,2024-09-15,15:15,2024-09-15 14:15:00+00:00,Girona,Barcelona,1,4,A,4.3,4.21,1.74
F1_2024-09-15_nantes_reims,F1,2024-09-15,16:00,2024-09-15 15:00:00+00:00,Nantes,Reims,1,2,A,2.42,3.25,3.09
F1_2024-09-15_strasbourg_angers,F1,2024-09-15,16:00,2024-09-15 15:00:00+00:00,Strasbourg,Angers,1,1,D,1.63,3.98,5.51
F1_2024-09-15_toulouse_le-havre,F1,2024-09-15,16:00,2024-09-15 15:00:00+00:00,Toulouse,Le Havre,2,0,H,1.91,3.49,4.27
D1_2024-09-15_mainz_werder-bremen,D1,2024-09-15,16:30,2024-09-15 15:30:00+00:00,Mainz,Werder Bremen,1,2,A,2.17,3.58,3.31
E0_2024-09-15_wolves_newcastle,E0,2024-09-15,16:30,2024-09-15 15:30:00+00:00,Wolves,Newcastle,1,2,A,3.59,3.69,2.04
I1_2024-09-15_cagliari_napoli,I1,2024-09-15,17:00,2024-09-15 16:00:00+00:00,Cagliari,Napoli,0,4,A,4.47,3.73,1.8
SP1_2024-09-15_las-palmas_ath-bilbao,SP1,2024-09-15,17:30,2024-09-15 16:30:00+00:00,Las Palmas,Ath Bilbao,2,3,A,3.97,3.42,2.01
F1_2024-09-15_lens_lyon,F1,2024-09-15,19:45,2024-09-15 18:45:00+00:00,Lens,Lyon,0,0,D,1.8,3.95,4.2
I1_2024-09-15_monza_inter,I1,2024-09-15,19:45,2024-09-15 18:45:00+00:00,Monza,Inter,1,1,D,8.66,4.95,1.37
SP1_2024-09-15_ath-madrid_valencia,SP1,2024-09-15,20:00,2024-09-15 19:00:00+00:00,Ath Madrid,Valencia,3,0,H,1.35,4.96,9.87
I1_2024-09-16_parma_udinese,I1,2024-09-16,17:30,2024-09-16 16:30:00+00:00,Parma,Udinese,2,3,A,2.23,3.4,3.31
I1_2024-09-16_lazio_verona,I1,2024-09-16,19:45,2024-09-16 18:45:00+00:00,Lazio,Verona,2,1,H,1.57,4.06,6.2
SP1_2024-09-16_vallecano_osasuna,SP1,2024-09-16,20:00,2024-09-16 19:00:00+00:00,Vallecano,Osasuna,3,1,H,2.11,3.16,3.97
SP1_2024-09-17_mallorca_sociedad,SP1,2024-09-17,18:00,2024-09-17 17:00:00+00:00,Mallorca,Sociedad,1,0,H,3.01,2.65,3.0
SP1_2024-09-18_betis_getafe,SP1,2024-09-18,18:00,2024-09-18 17:00:00+00:00,Betis,Getafe,2,1,H,1.9,3.12,5.05
SP1_2024-09-19_leganes_ath-bilbao,SP1,2024-09-19,18:00,2024-09-19 17:00:00+00:00,Leganes,Ath Bilbao,0,2,A,4.19,3.03,2.11
I1_2024-09-20_cagliari_empoli,I1,2024-09-20,17:30,2024-09-20 16:30:00+00:00,Cagliari,Empoli,0,2,A,2.08,3.29,3.84
D1_2024-09-20_augsburg_mainz,D1,2024-09-20,19:30,2024-09-20 18:30:00+00:00,Augsburg,Mainz,2,3,A,2.37,3.51,2.98
F1_2024-09-20_nice_st-etienne,F1,2024-09-20,19:45,2024-09-20 18:45:00+00:00,Nice,St Etienne,8,0,H,1.48,4.35,7.03
I1_2024-09-20_verona_torino,I1,2024-09-20,19:45,2024-09-20 18:45:00+00:00,Verona,Torino,2,3,A,2.84,2.97,2.82
SP1_2024-09-20_alaves_sevilla,SP1,2024-09-20,20:00,2024-09-20 19:00:00+00:00,Alaves,Sevilla,2,1,H,2.18,3.21,3.66
E0_2024-09-21_west-ham_chelsea,E0,2024-09-21,12:30,2024-09-21 11:30:00+00:00,West Ham,Chelsea,0,3,A,3.53,3.91,2.0
SP1_2024-09-21_valladolid_sociedad,SP1,2024-09-21,13:00,2024-09-21 12:00:00+00:00,Valladolid,Sociedad,0,0,D,3.98,3.04,2.16
I1_2024-09-21_venezia_genoa,I1,2024-09-21,14:00,2024-09-21 13:00:00+00:00,Venezia,Genoa,2,0,H,2.93,3.12,2.62
D1_2024-09-21_bochum_holstein-kiel,D1,2024-09-21,14:30,2024-09-21 13:30:00+00:00,Bochum,Holstein Kiel,2,2,D,1.83,3.89,4.17
D1_2024-09-21_heidenheim_freiburg,D1,2024-09-21,14:30,2024-09-21 13:30:00+00:00,Heidenheim,Freiburg,0,3,A,3.23,3.48,2.25
D1_2024-09-21_union-berlin_hoffenheim,D1,2024-09-21,14:30,2024-09-21 13:30:00+00:00,Union Berlin,Hoffenheim,2,1,H,1.83,3.88,4.17
D1_2024-09-21_werder-bremen_bayern-munich,D1,2024-09-21,14:30,2024-09-21 13:30:00+00:00,Werder Bremen,Bayern Munich,0,5,A,9.06,6.0,1.3
E0_2024-09-21_aston-villa_wolves,E0,2024-09-21,15:00,2024-09-21 14:00:00+00:00,Aston Villa,Wolves,3,1,H,1.62,4.27,5.28
E0_2024-09-21_fulham_newcastle,E0,2024-09-21,15:00,2024-09-21 14:00:00+00:00,Fulham,Newcastle,3,1,H,2.89,3.51,2.45
E0_2024-09-21_leicester_everton,E0,2024-09-21,15:00,2024-09-21 14:00:00+00:00,Leicester,Everton,1,1,D,2.11,3.5,3.57
E0_2024-09-21_liverpool_bournemouth,E0,2024-09-21,15:00,2024-09-21 14:00:00+00:00,Liverpool,Bournemouth,3,0,H,1.26,6.7,10.38
E0_2024-09-21_southampton_ipswich,E0,2024-09-21,15:00,2024-09-21 14:00:00+00:00,Southampton,Ipswich,1,1,D,2.44,3.44,2.95
E0_2024-09-21_tottenham_brentford,E0,2024-09-21,15:00,2024-09-21 14:00:00+00:00,Tottenham,Brentford,3,1,H,1.47,4.99,6.19
SP1_2024-09-21_osasuna_las-palmas,SP1,2024-09-21,15:15,2024-09-21 14:15:00+00:00,Osasuna,Las Palmas,2,1,H,1.85,3.57,4.48
F1_2024-09-21_lille_strasbourg,F1,2024-09-21,16:00,2024-09-21 15:00:00+00:00,Lille,Strasbourg,3,3,D,1.57,4.32,5.74
I1_2024-09-21_juventus_napoli,I1,2024-09-21,17:00,2024-09-21 16:00:00+00:00,Juventus,Napoli,0,0,D,2.41,3.17,3.17
D1_2024-09-21_ein-frankfurt_m-gladbach,D1,2024-09-21,17:30,2024-09-21 16:30:00+00:00,Ein Frankfurt,M'gladbach,2,0,H,1.76,4.23,4.22
E0_2024-09-21_crystal-palace_man-united,E0,2024-09-21,17:30,2024-09-21 16:30:00+00:00,Crystal Palace,Man United,0,0,D,2.85,3.58,2.44
SP1_2024-09-21_valencia_girona,SP1,2024-09-21,17:30,2024-09-21 16:30:00+00:00,Valencia,Girona,2,0,H,2.57,3.18,2.98
F1_2024-09-21_rennes_lens,F1,2024-09-21,18:00,2024-09-21 17:00:00+00:00,Rennes,Lens,1,1,D,2.38,3.44,2.98
I1_2024-09-21_lecce_parma,I1,2024-09-21,19:45,2024-09-21 18:45:00+00:00,Lecce,Parma,2,2,D,2.11,3.47,3.55
F1_2024-09-21_reims_paris-sg,F1,2024-09-21,20:00,2024-09-21 19:00:00+00:00,Reims,Paris SG,1,1,D,7.37,5.02,1.4
SP1_2024-09-21_real-madrid_espanol,SP1,2024-09-21,20:00,2024-09-21 19:00:00+00:00,Real Madrid,Espanol,4,1,H,1.12,9.28,20.24
I1_2024-09-22_fiorentina_lazio,I1,2024-09-22,11:30,2024-09-22 10:30:00+00:00,Fiorentina,Lazio,2,1,H,2.38,3.27,3.14
SP1_2024-09-22_getafe_leganes,SP1,2024-09-22,13:00,2024-09-22 12:00:00+00:00,Getafe,Leganes,1,1,D,2.05,2.78,5.08
E0_2024-09-22_brighton_nott-m-forest,E0,2024-09-22,14:00,2024-09-22 13:00:00+00:00,Brighton,Nott'm Forest,2,2,D,1.84,3.75,4.33
F1_2024-09-22_monaco_le-havre,F1,2024-09-22,14:00,2024-09-22 13:00:00+00:00,Monaco,Le Havre,3,1,H,1.42,4.74,7.55
I1_2024-09-22_monza_bologna,I1,2024-09-22,14:00,2024-09-22 13:00:00+00:00,Monza,Bologna,1,2,A,3.19,2.93,2.57
D1_2024-09-22_leverkusen_wolfsburg,D1,2024-09-22,14:30,2024-09-22 13:30:00+00:00,Leverkusen,Wolfsburg,4,3,H,1.27,6.27,10.09
SP1_2024-09-22_ath-bilbao_celta,SP1,2024-09-22,15:15,2024-09-22 14:15:00+00:00,Ath Bilbao,Celta,3,1,H,1.8,3.6,4.74
F1_2024-09-22_angers_nantes,F1,2024-09-22,16:00,2024-09-22 15:00:00+00:00,Angers,Nantes,1,1,D,3.19,3.18,2.4
F1_2024-09-22_brest_toulouse,F1,2024-09-22,16:00,2024-09-22 15:00:00+00:00,Brest,Toulouse,2,0,H,2.76,3.26,2.66
F1_2024-09-22_montpellier_auxerre,F1,2024-09-22,16:00,2024-09-22 15:00:00+00:00,Montpellier,Auxerre,3,2,H,2.13,3.57,3.4
D1_2024-09-22_stuttgart_dortmund,D1,2024-09-22,16:30,2024-09-22 15:30:00+00:00,Stuttgart,Dortmund,5,1,H,2.3,3.77,2.92
E0_2024-09-22_man-city_arsenal,E0,2024-09-22,16:30,2024-09-22 15:30:00+00:00,Man City,Arsenal,2,2,D,1.78,3.58,4.98
I1_2024-09-22_roma_udinese,I1,2024-09-22,17:00,2024-09-22 16:00:00+00:00,Roma,Udinese,3,0,H,1.69,4.0,4.94
SP1_2024-09-22_villarreal_barcelona,SP1,2024-09-22,17:30,2024-09-22 16:30:00+00:00,Villarreal,Barcelona,1,5,A,3.76,4.01,1.9
D1_2024-09-22_st-pauli_rb-leipzig,D1,2024-09-22,18:30,2024-09-22 17:30:00+00:00,St Pauli,RB Leipzig,0,0,D,5.12,4.1,1.65
F1_2024-09-22_lyon_marseille,F1,2024-09-22,19:45,2024-09-22 18:45:00+00:00,Lyon,Marseille,2,3,A,2.83,3.67,2.38
I1_2024-09-22_inter_milan,I1,2024-09-22,19:45,2024-09-22 18:45:00+00:00,Inter,Milan,1,2,A,1.69,3.88,5.17
SP1_2024-09-22_vallecano_ath-madrid,SP1,2024-09-22,20:00,2024-09-22 19:00:00+00:00,Vallecano,Ath Madrid,1,1,D,5.32,3.54,1.74
SP1_2024-09-23_betis_mallorca,SP1,2024-09-23,20:00,2024-09-23 19:00:00+00:00,Betis,Mallorca,1,2,A,1.86,3.18,5.16
SP1_2024-09-24_sevilla_valladolid,SP1,2024-09-24,18:00,2024-09-24 17:00:00+00:00,Sevilla,Valladolid,2,1,H,1.61,3.9,6.01
SP1_2024-09-24_valencia_osasuna,SP1,2024-09-24,18:00,2024-09-24 17:00:00+00:00,Valencia,Osasuna,0,0,D,2.0,3.14,4.43
I1_2024-09-24_atalanta_como,I1,2024-09-24,19:45,2024-09-24 18:45:00+00:00,Atalanta,Como,2,3,A,1.52,4.42,6.22
SP1_2024-09-24_real-madrid_alaves,SP1,2024-09-24,20:00,2024-09-24 19:00:00+00:00,Real Madrid,Alaves,3,2,H,1.16,7.96,18.08
SP1_2024-09-25_girona_vallecano,SP1,2024-09-25,18:00,2024-09-25 17:00:00+00:00,Girona,Vallecano,0,0,D,1.69,3.86,5.16
SP1_2024-09-25_barcelona_getafe,SP1,2024-09-25,20:00,2024-09-25 19:00:00+00:00,Barcelona,Getafe,1,0,H,1.25,6.22,11.87
SP1_2024-09-26_espanol_villarreal,SP1,2024-09-26,18:00,2024-09-26 17:00:00+00:00,Espanol,Villarreal,1,2,A,3.51,3.53,2.11
SP1_2024-09-26_las-palmas_betis,SP1,2024-09-26,18:00,2024-09-26 17:00:00+00:00,Las Palmas,Betis,1,1,D,3.63,3.34,2.13
SP1_2024-09-26_celta_ath-madrid,SP1,2024-09-26,20:00,2024-09-26 19:00:00+00:00,Celta,Ath Madrid,0,1,A,4.14,3.6,1.91
F1_2024-09-27_auxerre_brest,F1,2024-09-27,18:00,2024-09-27 17:00:00+00:00,Auxerre,Brest,3,0,H,3.01,3.33,2.42
D1_2024-09-27_dortmund_bochum,D1,2024-09-27,19:30,2024-09-27 18:30:00+00:00,Dortmund,Bochum,4,2,H,1.2,7.53,12.5
I1_2024-09-27_milan_lecce,I1,2024-09-27,19:45,2024-09-27 18:45:00+00:00,Milan,Lecce,3,0,H,1.29,5.9,9.91
F1_2024-09-27_paris-sg_rennes,F1,2024-09-27,20:00,2024-09-27 19:00:00+00:00,Paris SG,Rennes,3,1,H,1.41,4.97,7.49
SP1_2024-09-27_valladolid_mallorca,SP1,2024-09-27,20:00,2024-09-27 19:00:00+00:00,Valladolid,Mallorca,1,2,A,3.32,2.89,2.52
E0_2024-09-28_newcastle_man-city,E0,2024-09-28,12:30,2024-09-28 11:30:00+00:00,Newcastle,Man City,1,1,D,4.95,4.2,1.67
SP1_2024-09-28_getafe_alaves,SP1,2024-09-28,13:00,2024-09-28 12:00:00+00:00,Getafe,Alaves,2,0,H,2.53,2.74,3.51
I1_2024-09-28_udinese_inter,I1,2024-09-28,14:00,2024-09-28 13:00:00+00:00,Udinese,Inter,2,3,A,7.54,4.57,1.45
D1_2024-09-28_freiburg_st-pauli,D1,2024-09-28,14:30,2024-09-28 13:30:00+00:00,Freiburg,St Pauli,0,3,A,1.57,4.18,5.77
D1_2024-09-28_m-gladbach_union-berlin,D1,2024-09-28,14:30,2024-09-28 13:30:00+00:00,M'gladbach,Union Berlin,1,0,H,2.19,3.44,3.37
D1_2024-09-28_mainz_heidenheim,D1,2024-09-28,14:30,2024-09-28 13:30:00+00:00,Mainz,Heidenheim,0,2,A,1.85,3.67,4.35
D1_2024-09-28_rb-leipzig_augsburg,D1,2024-09-28,14:30,2024-09-28 13:30:00+00:00,RB Leipzig,Augsburg,4,0,H,1.5,4.77,5.92
D1_2024-09-28_wolfsburg_stuttgart,D1,2024-09-28,14:30,2024-09-28 13:30:00+00:00,Wolfsburg,Stuttgart,2,2,D,3.48,3.76,2.04
E0_2024-09-28_arsenal_leicester,E0,2024-09-28,15:00,2024-09-28 14:00:00+00:00,Arsenal,Leicester,4,2,H,1.2,7.13,15.65
E0_2024-09-28_brentford_west-ham,E0,2024-09-28,15:00,2024-09-28 14:00:00+00:00,Brentford,West Ham,1,1,D,2.23,3.57,3.2
E0_2024-09-28_chelsea_brighton,E0,2024-09-28,15:00,2024-09-28 14:00:00+00:00,Chelsea,Brighton,4,2,H,1.77,4.18,4.26
E0_2024-09-28_everton_crystal-palace,E0,2024-09-28,15:00,2024-09-28 14:00:00+00:00,Everton,Crystal Palace,2,1,H,2.75,3.34,2.65
E0_2024-09-28_nott-m-forest_fulham,E0,2024-09-28,15:00,2024-09-28 14:00:00+00:00,Nott'm Forest,Fulham,0,1,A,2.54,3.17,3.03
SP1_2024-09-28_vallecano_leganes,SP1,2024-09-28,15:15,2024-09-28 14:15:00+00:00,Vallecano,Leganes,1,1,D,1.87,3.12,5.33
F1_2024-09-28_lens_nice,F1,2024-09-28,16:00,2024-09-28 15:00:00+00:00,Lens,Nice,0,0,D,1.92,3.44,4.27
I1_2024-09-28_genoa_juventus,I1,2024-09-28,17:00,2024-09-28 16:00:00+00:00,Genoa,Juventus,0,3,A,5.3,3.33,1.8
D1_2024-09-28_bayern-munich_leverkusen,D1,2024-09-28,17:30,2024-09-28 16:30:00+00:00,Bayern Munich,Leverkusen,1,1,D,1.64,4.49,4.75
E0_2024-09-28_wolves_liverpool,E0,2024-09-28,17:30,2024-09-28 16:30:00+00:00,Wolves,Liverpool,1,2,A,8.71,5.91,1.32
SP1_2024-09-28_sociedad_valencia,SP1,2024-09-28,17:30,2024-09-28 16:30:00+00:00,Sociedad,Valencia,3,0,H,1.85,3.27,5.1
F1_2024-09-28_le-havre_lille,F1,2024-09-28,18:00,2024-09-28 17:00:00+00:00,Le Havre,Lille,0,3,A,4.24,3.5,1.91
I1_2024-09-28_bologna_atalanta,I1,2024-09-28,19:45,2024-09-28 18:45:00+00:00,Bologna,Atalanta,1,1,D,2.92,3.11,2.64
F1_2024-09-28_monaco_montpellier,F1,2024-09-28,20:00,2024-09-28 19:00:00+00:00,Monaco,Montpellier,2,1,H,1.26,6.35,10.11
SP1_2024-09-28_osasuna_barcelona,SP1,2024-09-28,20:00,2024-09-28 19:00:00+00:00,Osasuna,Barcelona,4,2,H,4.48,3.94,1.77
I1_2024-09-29_torino_lazio,I1,2024-09-29,11:30,2024-09-29 10:30:00+00:00,Torino,Lazio,2,3,A,3.09,3.08,2.53
SP1_2024-09-29_celta_girona,SP1,2024-09-29,13:00,2024-09-29 12:00:00+00:00,Celta,Girona,1,1,D,2.59,3.42,2.74
E0_2024-09-29_ipswich_aston-villa,E0,2024-09-29,14:00,2024-09-29 13:00:00+00:00,Ipswich,Aston Villa,2,2,D,3.65,3.58,2.06
F1_2024-09-29_toulouse_lyon,F1,2024-09-29,14:00,2024-09-29 13:00:00+00:00,Toulouse,Lyon,1,2,A,2.4,3.5,2.92
I1_2024-09-29_como_verona,I1,2024-09-29,14:00,2024-09-29 13:00:00+00:00,Como,Verona,3,2,H,1.92,3.39,4.39
I1_2024-09-29_roma_venezia,I1,2024-09-29,14:00,2024-09-29 13:00:00+00:00,Roma,Venezia,2,1,H,1.47,4.55,7.03
D1_2024-09-29_holstein-kiel_ein-frankfurt,D1,2024-09-29,14:30,2024-09-29 13:30:00+00:00,Holstein Kiel,Ein Frankfurt,2,4,A,3.66,3.86,1.96
SP1_2024-09-29_ath-bilbao_sevilla,SP1,2024-09-29,15:15,2024-09-29 14:15:00+00:00,Ath Bilbao,Sevilla,1,1,D,1.73,3.73,5.1
F1_2024-09-29_angers_reims,F1,2024-09-29,16:00,2024-09-29 15:00:00+00:00,Angers,Reims,1,3,A,3.65,3.23,2.17
F1_2024-09-29_nantes_st-etienne,F1,2024-09-29,16:00,2024-09-29 15:00:00+00:00,Nantes,St Etienne,2,2,D,1.75,3.74,4.83
D1_2024-09-29_hoffenheim_werder-bremen,D1,2024-09-29,16:30,2024-09-29 15:30:00+00:00,Hoffenheim,Werder Bremen,3,4,A,2.28,3.73,2.95
E0_2024-09-29_man-united_tottenham,E0,2024-09-29,16:30,2024-09-29 15:30:00+00:00,Man United,Tottenham,0,3,A,2.11,3.86,3.24
I1_2024-09-29_empoli_fiorentina,I1,2024-09-29,17:00,2024-09-29 16:00:00+00:00,Empoli,Fiorentina,0,0,D,3.45,3.28,2.21
SP1_2024-09-29_betis_espanol,SP1,2024-09-29,17:30,2024-09-29 16:30:00+00:00,Betis,Espanol,1,0,H,1.51,4.17,6.86
F1_2024-09-29_strasbourg_marseille,F1,2024-09-29,19:45,2024-09-29 18:45:00+00:00,Strasbourg,Marseille,1,0,H,3.18,3.69,2.17
I1_2024-09-29_napoli_monza,I1,2024-09-29,19:45,2024-09-29 18:45:00+00:00,Napoli,Monza,2,0,H,1.3,5.51,10.54
SP1_2024-09-29_ath-madrid_real-madrid,SP1,2024-09-29,20:00,2024-09-29 19:00:00+00:00,Ath Madrid,Real Madrid,1,1,D,2.86,3.2,2.62
I1_2024-09-30_parma_cagliari,I1,2024-09-30,19:45,2024-09-30 18:45:00+00:00,Parma,Cagliari,2,3,A,2.01,3.59,3.65
E0_2024-09-30_bournemouth_southampton,E0,2024-09-30,20:00,2024-09-30 19:00:00+00:00,Bournemouth,Southampton,3,1,H,1.52,4.52,6.1
SP1_2024-09-30_villarreal_las-palmas,SP1,2024-09-30,20:00,2024-09-30 19:00:00+00:00,Villarreal,Las Palmas,3,1,H,1.5,4.76,5.92
I1_2024-10-04_napoli_como,I1,2024-10-04,17:30,2024-10-04 16:30:00+00:00,Napoli,Como,3,1,H,1.51,4.39,6.55
D1_2024-10-04_augsburg_m-gladbach,D1,2024-10-04,19:30,2024-10-04 18:30:00+00:00,Augsburg,M'gladbach,2,1,H,2.41,3.7,2.8
F1_2024-10-04_marseille_angers,F1,2024-10-04,19:45,2024-10-04 18:45:00+00:00,Marseille,Angers,1,1,D,1.27,5.94,10.92
I1_2024-10-04_verona_venezia,I1,2024-10-04,19:45,2024-10-04 18:45:00+00:00,Verona,Venezia,2,1,H,2.57,3.19,2.94
SP1_2024-10-04_leganes_valencia,SP1,2024-10-04,20:00,2024-10-04 19:00:00+00:00,Leganes,Valencia,0,0,D,2.96,2.75,2.9
E0_2024-10-05_crystal-palace_liverpool,E0,2024-10-05,12:30,2024-10-05 11:30:00+00:00,Crystal Palace,Liverpool,0,1,A,5.03,4.1,1.67
SP1_2024-10-05_espanol_mallorca,SP1,2024-10-05,13:00,2024-10-05 12:00:00+00:00,Espanol,Mallorca,2,1,H,3.63,2.95,2.33
I1_2024-10-05_udinese_lecce,I1,2024-10-05,14:00,2024-10-05 13:00:00+00:00,Udinese,Lecce,1,0,H,2.6,2.97,3.06
D1_2024-10-05_bochum_wolfsburg,D1,2024-10-05,14:30,2024-10-05 13:30:00+00:00,Bochum,Wolfsburg,1,3,A,3.04,3.69,2.23
D1_2024-10-05_leverkusen_holstein-kiel,D1,2024-10-05,14:30,2024-10-05 13:30:00+00:00,Leverkusen,Holstein Kiel,2,2,D,1.09,12.08,26.95
D1_2024-10-05_union-berlin_dortmund,D1,2024-10-05,14:30,2024-10-05 13:30:00+00:00,Union Berlin,Dortmund,2,1,H,3.71,3.57,2.02
D1_2024-10-05_werder-bremen_freiburg,D1,2024-10-05,14:30,2024-10-05 13:30:00+00:00,Werder Bremen,Freiburg,0,1,A,2.69,3.5,2.59
E0_2024-10-05_arsenal_southampton,E0,2024-10-05,15:00,2024-10-05 14:00:00+00:00,Arsenal,Southampton,3,1,H,1.18,7.99,15.31
E0_2024-10-05_brentford_wolves,E0,2024-10-05,15:00,2024-10-05 14:00:00+00:00,Brentford,Wolves,5,3,H,2.05,3.6,3.57
E0_2024-10-05_leicester_bournemouth,E0,2024-10-05,15:00,2024-10-05 14:00:00+00:00,Leicester,Bournemouth,1,0,H,3.5,3.79,2.04
E0_2024-10-05_man-city_fulham,E0,2024-10-05,15:00,2024-10-05 14:00:00+00:00,Man City,Fulham,3,2,H,1.26,6.4,10.93
E0_2024-10-05_west-ham_ipswich,E0,2024-10-05,15:00,2024-10-05 14:00:00+00:00,West Ham,Ipswich,4,1,H,1.91,3.79,3.98
SP1_2024-10-05_getafe_osasuna,SP1,2024-10-05,15:15,2024-10-05 14:15:00+00:00,Getafe,Osasuna,1,1,D,2.15,3.04,3.99
F1_2024-10-05_st-etienne_auxerre,F1,2024-10-05,16:00,2024-10-05 15:00:00+00:00,St Etienne,Auxerre,3,1,H,3.04,3.43,2.35
I1_2024-10-05_atalanta_genoa,I1,2024-10-05,17:00,2024-10-05 16:00:00+00:00,Atalanta,Genoa,5,1,H,1.43,4.77,7.35
D1_2024-10-05_st-pauli_mainz,D1,2024-10-05,17:30,2024-10-05 16:30:00+00:00,St Pauli,Mainz,0,3,A,2.18,3.42,3.44
E0_2024-10-05_everton_newcastle,E0,2024-10-05,17:30,2024-10-05 16:30:00+00:00,Everton,Newcastle,0,0,D,3.67,3.74,1.98
SP1_2024-10-05_las-palmas_celta,SP1,2024-10-05,17:30,2024-10-05 16:30:00+00:00,Las Palmas,Celta,0,1,A,3.82,3.6,1.99
SP1_2024-10-05_valladolid_vallecano,SP1,2024-10-05,17:30,2024-10-05 16:30:00+00:00,Valladolid,Vallecano,1,2,A,3.4,3.0,2.41
F1_2024-10-05_lille_toulouse,F1,2024-10-05,18:00,2024-10-05 17:00:00+00:00,Lille,Toulouse,2,1,H,1.78,3.78,4.56
I1_2024-10-05_inter_torino,I1,2024-10-05,19:45,2024-10-05 18:45:00+00:00,Inter,Torino,3,2,H,1.32,5.3,9.83
F1_2024-10-05_rennes_monaco,F1,2024-10-05,20:00,2024-10-05 19:00:00+00:00,Rennes,Monaco,1,2,A,2.89,3.45,2.46
SP1_2024-10-05_real-madrid_villarreal,SP1,2024-10-05,20:00,2024-10-05 19:00:00+00:00,Real Madrid,Villarreal,2,0,H,1.27,6.44,10.08
I1_2024-10-06_juventus_cagliari,I1,2024-10-06,11:30,2024-10-06 10:30:00+00:00,Juventus,Cagliari,1,1,D,1.49,4.27,7.11
SP1_2024-10-06_girona_ath-bilbao,SP1,2024-10-06,13:00,2024-10-06 12:00:00+00:00,Girona,Ath Bilbao,2,1,H,2.38,3.28,3.12
E0_2024-10-06_aston-villa_man-united,E0,2024-10-06,14:00,2024-10-06 13:00:00+00:00,Aston Villa,Man United,0,0,D,2.2,3.86,3.06
E0_2024-10-06_chelsea_nott-m-forest,E0,2024-10-06,14:00,2024-10-06 13:00:00+00:00,Chelsea,Nott'm Forest,1,1,D,1.5,4.6,6.34
F1_2024-10-06_lyon_nantes,F1,2024-10-06,14:00,2024-10-06 13:00:00+00:00,Lyon,Nantes,2,0,H,1.7,3.94,4.95
I1_2024-10-06_bologna_parma,I1,2024-10-06,14:00,2024-10-06 13:00:00+00:00,Bologna,Parma,0,0,D,1.99,3.6,3.77
I1_2024-10-06_lazio_empoli,I1,2024-10-06,14:00,2024-10-06 13:00:00+00:00,Lazio,Empoli,2,1,H,1.6,3.95,6.08
D1_2024-10-06_heidenheim_rb-leipzig,D1,2024-10-06,14:30,2024-10-06 13:30:00+00:00,Heidenheim,RB Leipzig,0,1,A,4.78,4.05,1.7
SP1_2024-10-06_alaves_barcelona,SP1,2024-10-06,15:15,2024-10-06 14:15:00+00:00,Alaves,Barcelona,0,3,A,4.65,4.16,1.7
F1_2024-10-06_brest_le-havre,F1,2024-10-06,16:00,2024-10-06 15:00:00+00:00,Brest,Le Havre,2,0,H,1.83,3.55,4.58
F1_2024-10-06_reims_montpellier,F1,2024-10-06,16:00,2024-10-06 15:00:00+00:00,Reims,Montpellier,4,2,H,1.66,4.14,4.9
F1_2024-10-06_strasbourg_lens,F1,2024-10-06,16:00,2024-10-06 15:00:00+00:00,Strasbourg,Lens,2,2,D,2.72,3.41,2.6
D1_2024-10-06_ein-frankfurt_bayern-munich,D1,2024-10-06,16:30,2024-10-06 15:30:00+00:00,Ein Frankfurt,Bayern Munich,3,3,D,5.61,4.71,1.53
E0_2024-10-06_brighton_tottenham,E0,2024-10-06,16:30,2024-10-06 15:30:00+00:00,Brighton,Tottenham,3,2,H,2.89,3.93,2.27
I1_2024-10-06_monza_roma,I1,2024-10-06,17:00,2024-10-06 16:00:00+00:00,Monza,Roma,1,1,D,4.08,3.32,2.0
SP1_2024-10-06_sevilla_betis,SP1,2024-10-06,17:30,2024-10-06 16:30:00+00:00,Sevilla,Betis,1,0,H,2.72,3.19,2.76
D1_2024-10-06_stuttgart_hoffenheim,D1,2024-10-06,18:30,2024-10-06 17:30:00+00:00,Stuttgart,Hoffenheim,1,1,D,1.33,6.05,7.9
F1_2024-10-06_nice_paris-sg,F1,2024-10-06,19:45,2024-10-06 18:45:00+00:00,Nice,Paris SG,1,1,D,5.35,4.27,1.59
I1_2024-10-06_fiorentina_milan,I1,2024-10-06,19:45,2024-10-06 18:45:00+00:00,Fiorentina,Milan,2,1,H,3.56,3.67,2.04
SP1_2024-10-06_sociedad_ath-madrid,SP1,2024-10-06,20:00,2024-10-06 19:00:00+00:00,Sociedad,Ath Madrid,1,1,D,2.83,3.07,2.75
D1_2024-10-18_dortmund_st-pauli,D1,2024-10-18,19:30,2024-10-18 18:30:00+00:00,Dortmund,St Pauli,2,1,H,1.3,5.76,10.31
F1_2024-10-18_monaco_lille,F1,2024-10-18,19:45,2024-10-18 18:45:00+00:00,Monaco,Lille,0,0,D,2.05,3.63,3.57
SP1_2024-10-18_alaves_valladolid,SP1,2024-10-18,20:00,2024-10-18 19:00:00+00:00,Alaves,Valladolid,2,3,A,1.62,3.87,5.96
E0_2024-10-19_tottenham_west-ham,E0,2024-10-19,12:30,2024-10-19 11:30:00+00:00,Tottenham,West Ham,4,1,H,1.45,5.23,6.17
SP1_2024-10-19_ath-bilbao_espanol,SP1,2024-10-19,13:00,2024-10-19 12:00:00+00:00,Ath Bilbao,Espanol,4,1,H,1.42,4.48,8.4
I1_2024-10-19_como_parma,I1,2024-10-19,14:00,2024-10-19 13:00:00+00:00,Como,Parma,1,1,D,1.79,3.9,4.43
I1_2024-10-19_genoa_bologna,I1,2024-10-19,14:00,2024-10-19 13:00:00+00:00,Genoa,Bologna,2,2,D,4.18,3.23,2.02
D1_2024-10-19_freiburg_augsburg,D1,2024-10-19,14:30,2024-10-19 13:30:00+00:00,Freiburg,Augsburg,3,1,H,1.66,4.02,5.2
D1_2024-10-19_hoffenheim_bochum,D1,2024-10-19,14:30,2024-10-19 13:30:00+00:00,Hoffenheim,Bochum,3,1,H,1.52,4.91,5.41
D1_2024-10-19_leverkusen_ein-frankfurt,D1,2024-10-19,14:30,2024-10-19 13:30:00+00:00,Leverkusen,Ein Frankfurt,2,1,H,1.48,4.81,6.23
D1_2024-10-19_m-gladbach_heidenheim,D1,2024-10-19,14:30,2024-10-19 13:30:00+00:00,M'gladbach,Heidenheim,3,2,H,1.92,3.74,3.92
D1_2024-10-19_mainz_rb-leipzig,D1,2024-10-19,14:30,2024-10-19 13:30:00+00:00,Mainz,RB Leipzig,0,2,A,3.97,3.9,1.88
E0_2024-10-19_fulham_aston-villa,E0,2024-10-19,15:00,2024-10-19 14:00:00+00:00,Fulham,Aston Villa,1,3,A,2.48,3.44,2.89
E0_2024-10-19_ipswich_everton,E0,2024-10-19,15:00,2024-10-19 14:00:00+00:00,Ipswich,Everton,0,2,A,2.38,3.43,3.05
E0_2024-10-19_man-united_brentford,E0,2024-10-19,15:00,2024-10-19 14:00:00+00:00,Man United,Brentford,2,1,H,1.69,4.27,4.72
E0_2024-10-19_newcastle_brighton,E0,2024-10-19,15:00,2024-10-19 14:00:00+00:00,Newcastle,Brighton,0,1,A,1.73,4.08,4.6
E0_2024-10-19_southampton_leicester,E0,2024-10-19,15:00,2024-10-19 14:00:00+00:00,Southampton,Leicester,2,3,A,2.2,3.54,3.32
SP1_2024-10-19_osasuna_betis,SP1,2024-10-19,15:15,2024-10-19 14:15:00+00:00,Osasuna,Betis,1,2,A,2.4,3.17,3.21
F1_2024-10-19_brest_rennes,F1,2024-10-19,16:00,2024-10-19 15:00:00+00:00,Brest,Rennes,1,1,D,2.68,3.22,2.77
I1_2024-10-19_milan_udinese,I1,2024-10-19,17:00,2024-10-19 16:00:00+00:00,Milan,Udinese,1,0,H,1.37,5.12,8.32
D1_2024-10-19_bayern-munich_stuttgart,D1,2024-10-19,17:30,2024-10-19 16:30:00+00:00,Bayern Munich,Stuttgart,4,0,H,1.29,6.15,9.04
E0_2024-10-19_bournemouth_arsenal,E0,2024-10-19,17:30,2024-10-19 16:30:00+00:00,Bournemouth,Arsenal,2,0,H,4.85,3.73,1.77
SP1_2024-10-19_girona_sociedad,SP1,2024-10-19,17:30,2024-10-19 16:30:00+00:00,Girona,Sociedad,0,1,A,2.7,3.18,2.79
F1_2024-10-19_st-etienne_lens,F1,2024-10-19,18:00,2024-10-19 17:00:00+00:00,St Etienne,Lens,0,2,A,5.89,4.32,1.55
I1_2024-10-19_juventus_lazio,I1,2024-10-19,19:45,2024-10-19 18:45:00+00:00,Juventus,Lazio,1,0,H,2.1,3.18,3.92
F1_2024-10-19_paris-sg_strasbourg,F1,2024-10-19,20:00,2024-10-19 19:00:00+00:00,Paris SG,Strasbourg,4,2,H,1.29,6.18,9.5
SP1_2024-10-19_celta_real-madrid,SP1,2024-10-19,20:00,2024-10-19 19:00:00+00:00,Celta,Real Madrid,1,2,A,5.57,4.45,1.57
I1_2024-10-20_empoli_napoli,I1,2024-10-20,11:30,2024-10-20 10:30:00+00:00,Empoli,Napoli,0,1,A,5.55,3.65,1.7
SP1_2024-10-20_mallorca_vallecano,SP1,2024-10-20,13:00,2024-10-20 12:00:00+00:00,Mallorca,Vallecano,1,0,H,2.06,3.12,4.21
E0_2024-10-20_wolves_man-city,E0,2024-10-20,14:00,2024-10-20 13:00:00+00:00,Wolves,Man City,1,2,A,8.3,5.48,1.35
F1_2024-10-20_le-havre_lyon,F1,2024-10-20,14:00,2024-10-20 13:00:00+00:00,Le Havre,Lyon,0,4,A,4.74,3.93,1.72
I1_2024-10-20_lecce_fiorentina,I1,2024-10-20,14:00,2024-10-20 13:00:00+00:00,Lecce,Fiorentina,0,6,A,3.34,3.16,2.33
I1_2024-10-20_venezia_atalanta,I1,2024-10-20,14:00,2024-10-20 13:00:00+00:00,Venezia,Atalanta,0,2,A,6.28,4.57,1.5
D1_2024-10-20_holstein-kiel_union-berlin,D1,2024-10-20,14:30,2024-10-20 13:30:00+00:00,Holstein Kiel,Union Berlin,0,2,A,3.71,3.47,2.05
SP1_2024-10-20_ath-madrid_leganes,SP1,2024-10-20,15:15,2024-10-20 14:15:00+00:00,Ath Madrid,Leganes,3,1,H,1.42,4.43,8.87
F1_2024-10-20_auxerre_reims,F1,2024-10-20,16:00,2024-10-20 15:00:00+00:00,Auxerre,Reims,2,1,H,3.25,3.46,2.23
F1_2024-10-20_nantes_nice,F1,2024-10-20,16:00,2024-10-20 15:00:00+00:00,Nantes,Nice,1,1,D,2.88,3.16,2.62
F1_2024-10-20_toulouse_angers,F1,2024-10-20,16:00,2024-10-20 15:00:00+00:00,Toulouse,Angers,1,1,D,1.49,4.28,7.21
D1_2024-10-20_wolfsburg_werder-bremen,D1,2024-10-20,16:30,2024-10-20 15:30:00+00:00,Wolfsburg,Werder Bremen,2,4,A,2.01,3.74,3.59
E0_2024-10-20_liverpool_chelsea,E0,2024-10-20,16:30,2024-10-20 15:30:00+00:00,Liverpool,Chelsea,2,1,H,1.67,4.45,4.63
I1_2024-10-20_cagliari_torino,I1,2024-10-20,17:00,2024-10-20 16:00:00+00:00,Cagliari,Torino,3,2,H,2.43,3.03,3.25
SP1_2024-10-20_villarreal_getafe,SP1,2024-10-20,17:30,2024-10-20 16:30:00+00:00,Villarreal,Getafe,1,1,D,1.85,3.47,4.61
F1_2024-10-20_montpellier_marseille,F1,2024-10-20,19:45,2024-10-20 18:45:00+00:00,Montpellier,Marseille,0,5,A,4.53,4.08,1.72
I1_2024-10-20_roma_inter,I1,2024-10-20,19:45,2024-10-20 18:45:00+00:00,Roma,Inter,0,1,A,4.02,3.53,1.94
SP1_2024-10-20_barcelona_sevilla,SP1,2024-10-20,20:00,2024-10-20 19:00:00+00:00,Barcelona,Sevilla,5,1,H,1.28,6.08,9.75
I1_2024-10-21_verona_monza,I1,2024-10-21,19:45,2024-10-21 18:45:00+00:00,Verona,Monza,0,3,A,2.39,3.04,3.38
E0_2024-10-21_nott-m-forest_crystal-palace,E0,2024-10-21,20:00,2024-10-21 19:00:00+00:00,Nott'm Forest,Crystal Palace,1,0,H,2.36,3.26,3.23
SP1_2024-10-21_valencia_las-palmas,SP1,2024-10-21,20:00,2024-10-21 19:00:00+00:00,Valencia,Las Palmas,2,3,A,1.89,3.37,4.55
I1_2024-10-25_udinese_cagliari,I1,2024-10-25,17:30,2024-10-25 16:30:00+00:00,Udinese,Cagliari,2,0,H,2.24,3.15,3.57
D1_2024-10-25_mainz_m-gladbach,D1,2024-10-25,19:30,2024-10-25 18:30:00+00:00,Mainz,M'gladbach,1,1,D,2.26,3.74,2.98
F1_2024-10-25_rennes_le-havre,F1,2024-10-25,19:45,2024-10-25 18:45:00+00:00,Rennes,Le Havre,1,0,H,1.5,4.26,6.93
I1_2024-10-25_torino_como,I1,2024-10-25,19:45,2024-10-25 18:45:00+00:00,Torino,Como,1,0,H,2.69,2.99,2.95
E0_2024-10-25_leicester_nott-m-forest,E0,2024-10-25,20:00,2024-10-25 19:00:00+00:00,Leicester,Nott'm Forest,1,3,A,2.96,3.35,2.45
SP1_2024-10-25_espanol_sevilla,SP1,2024-10-25,20:00,2024-10-25 19:00:00+00:00,Espanol,Sevilla,0,2,A,3.02,3.2,2.49
SP1_2024-10-26_valladolid_villarreal,SP1,2024-10-26,13:00,2024-10-26 12:00:00+00:00,Valladolid,Villarreal,1,2,A,3.83,3.56,1.99
I1_2024-10-26_napoli_lecce,I1,2024-10-26,14:00,2024-10-26 13:00:00+00:00,Napoli,Lecce,1,0,H,1.33,5.21,9.94
D1_2024-10-26_augsburg_dortmund,D1,2024-10-26,14:30,2024-10-26 13:30:00+00:00,Augsburg,Dortmund,2,1,H,4.05,4.08,1.82
D1_2024-10-26_rb-leipzig_freiburg,D1,2024-10-26,14:30,2024-10-26 13:30:00+00:00,RB Leipzig,Freiburg,3,1,H,1.8,3.94,4.19
D1_2024-10-26_st-pauli_wolfsburg,D1,2024-10-26,14:30,2024-10-26 13:30:00+00:00,St Pauli,Wolfsburg,0,0,D,2.54,3.42,2.8
D1_2024-10-26_stuttgart_holstein-kiel,D1,2024-10-26,14:30,2024-10-26 13:30:00+00:00,Stuttgart,Holstein Kiel,2,1,H,1.21,7.47,11.93
E0_2024-10-26_aston-villa_bournemouth,E0,2024-10-26,15:00,2024-10-26 14:00:00+00:00,Aston Villa,Bournemouth,1,1,D,1.81,3.93,4.32
E0_2024-10-26_brentford_ipswich,E0,2024-10-26,15:00,2024-10-26 14:00:00+00:00,Brentford,Ipswich,4,3,H,1.66,4.16,5.07
E0_2024-10-26_brighton_wolves,E0,2024-10-26,15:00,2024-10-26 14:00:00+00:00,Brighton,Wolves,2,2,D,1.57,4.37,5.67
E0_2024-10-26_man-city_southampton,E0,2024-10-26,15:00,2024-10-26 14:00:00+00:00,Man City,Southampton,1,0,H,1.12,10.03,20.56
SP1_2024-10-26_vallecano_alaves,SP1,2024-10-26,15:15,2024-10-26 14:15:00+00:00,Vallecano,Alaves,1,0,H,2.03,3.11,4.34
F1_2024-10-26_angers_st-etienne,F1,2024-10-26,16:00,2024-10-26 15:00:00+00:00,Angers,St Etienne,4,2,H,2.25,3.39,3.27
D1_2024-10-26_werder-bremen_leverkusen,D1,2024-10-26,17:30,2024-10-26 16:30:00+00:00,Werder Bremen,Leverkusen,2,2,D,6.31,5.13,1.45
E0_2024-10-26_everton_fulham,E0,2024-10-26,17:30,2024-10-26 16:30:00+00:00,Everton,Fulham,1,1,D,2.76,3.38,2.63
SP1_2024-10-26_las-palmas_girona,SP1,2024-10-26,17:30,2024-10-26 16:30:00+00:00,Las Palmas,Girona,1,0,H,2.6,3.24,2.87
F1_2024-10-26_reims_brest,F1,2024-10-26,18:00,2024-10-26 17:00:00+00:00,Reims,Brest,1,2,A,1.88,3.52,4.3
I1_2024-10-26_atalanta_verona,I1,2024-10-26,19:45,2024-10-26 18:45:00+00:00,Atalanta,Verona,6,1,H,1.29,5.63,11.06
F1_2024-10-26_lens_lille,F1,2024-10-26,20:00,2024-10-26 19:00:00+00:00,Lens,Lille,0,2,A,2.12,3.32,3.69
SP1_2024-10-26_real-madrid_barcelona,SP1,2024-10-26,20:00,2024-10-26 19:00:00+00:00,Real Madrid,Barcelona,0,4,A,1.97,4.14,3.44
I1_2024-10-27_parma_empoli,I1,2024-10-27,11:30,2024-10-27 11:30:00+00:00,Parma,Empoli,1,1,D,2.17,3.44,3.42
SP1_2024-10-27_leganes_celta,SP1,2024-10-27,13:00,2024-10-27 13:00:00+00:00,Leganes,Celta,3,0,H,3.75,3.25,2.13
E0_2024-10-27_chelsea_newcastle,E0,2024-10-27,14:00,2024-10-27 14:00:00+00:00,Chelsea,Newcastle,2,1,H,1.79,4.11,4.16
E0_2024-10-27_crystal-palace_tottenham,E0,2024-10-27,14:00,2024-10-27 14:00:00+00:00,Crystal Palace,Tottenham,1,0,H,3.73,3.97,1.93
E0_2024-10-27_west-ham_man-united,E0,2024-10-27,14:00,2024-10-27 14:00:00+00:00,West Ham,Man United,2,1,H,3.3,3.69,2.15
F1_2024-10-27_lyon_auxerre,F1,2024-10-27,14:00,2024-10-27 14:00:00+00:00,Lyon,Auxerre,2,2,D,1.44,5.06,6.41
I1_2024-10-27_lazio_genoa,I1,2024-10-27,14:00,2024-10-27 14:00:00+00:00,Lazio,Genoa,3,0,H,1.43,4.57,7.78
I1_2024-10-27_monza_venezia,I1,2024-10-27,14:00,2024-10-27 14:00:00+00:00,Monza,Venezia,2,2,D,2.13,3.34,3.65
D1_2024-10-27_bochum_bayern-munich,D1,2024-10-27,14:30,2024-10-27 14:30:00+00:00,Bochum,Bayern Munich,0,5,A,15.78,9.43,1.15
SP1_2024-10-27_getafe_valencia,SP1,2024-10-27,15:15,2024-10-27 15:15:00+00:00,Getafe,Valencia,1,1,D,2.07,2.89,4.68
F1_2024-10-27_montpellier_toulouse,F1,2024-10-27,16:00,2024-10-27 16:00:00+00:00,Montpellier,Toulouse,0,3,A,3.28,3.68,2.12
F1_2024-10-27_nice_monaco,F1,2024-10-27,16:00,2024-10-27 16:00:00+00:00,Nice,Monaco,2,1,H,3.89,3.7,1.92
F1_2024-10-27_strasbourg_nantes,F1,2024-10-27,16:00,2024-10-27 16:00:00+00:00,Strasbourg,Nantes,3,1,H,1.98,3.51,3.94
D1_2024-10-27_union-berlin_ein-frankfurt,D1,2024-10-27,16:30,2024-10-27 16:30:00+00:00,Union Berlin,Ein Frankfurt,1,1,D,2.49,3.27,2.98
E0_2024-10-27_arsenal_liverpool,E0,2024-10-27,16:30,2024-10-27 16:30:00+00:00,Arsenal,Liverpool,2,2,D,2.26,3.38,3.32
I1_2024-10-27_inter_juventus,I1,2024-10-27,17:00,2024-10-27 17:00:00+00:00,Inter,Juventus,4,4,D,1.81,3.54,4.81
SP1_2024-10-27_betis_ath-madrid,SP1,2024-10-27,17:30,2024-10-27 17:30:00+00:00,Betis,Ath Madrid,1,0,H,3.51,3.28,2.21
D1_2024-10-27_heidenheim_hoffenheim,D1,2024-10-27,18:30,2024-10-27 18:30:00+00:00,Heidenheim,Hoffenheim,0,0,D,2.7,3.47,2.61
F1_2024-10-27_marseille_paris-sg,F1,2024-10-27,19:45,2024-10-27 19:45:00+00:00,Marseille,Paris SG,0,3,A,4.02,3.95,1.84
I1_2024-10-27_fiorentina_roma,I1,2024-10-27,19:45,2024-10-27 19:45:00+00:00,Fiorentina,Roma,5,1,H,2.5,3.23,2.96
SP1_2024-10-27_sociedad_osasuna,SP1,2024-10-27,20:00,2024-10-27 20:00:00+00:00,Sociedad,Osasuna,0,2,A,1.64,3.77,5.91
SP1_2024-10-28_mallorca_ath-bilbao,SP1,2024-10-28,20:00,2024-10-28 20:00:00+00:00,Mallorca,Ath Bilbao,0,0,D,2.52,3.01,3.17
I1_2024-10-29_cagliari_bologna,I1,2024-10-29,17:30,2024-10-29 17:30:00+00:00,Cagliari,Bologna,0,2,A,3.24,3.31,2.31
I1_2024-10-29_lecce_verona,I1,2024-10-29,17:30,2024-10-29 17:30:00+00:00,Lecce,Verona,1,0,H,2.27,3.16,3.49
I1_2024-10-29_milan_napoli,I1,2024-10-29,19:45,2024-10-29 19:45:00+00:00,Milan,Napoli,0,2,A,2.78,3.23,2.64
I1_2024-10-30_empoli_inter,I1,2024-10-30,17:30,2024-10-30 17:30:00+00:00,Empoli,Inter,0,3,A,8.6,4.67,1.4
I1_2024-10-30_venezia_udinese,I1,2024-10-30,17:30,2024-10-30 17:30:00+00:00,Venezia,Udinese,3,2,H,2.71,3.16,2.8
I1_2024-10-30_atalanta_monza,I1,2024-10-30,19:45,2024-10-30 19:45:00+00:00,Atalanta,Monza,2,0,H,1.31,5.49,10.38
I1_2024-10-30_juventus_parma,I1,2024-10-30,19:45,2024-10-30 19:45:00+00:00,Juventus,Parma,2,2,D,1.44,4.79,7.12
I1_2024-10-31_genoa_fiorentina,I1,2024-10-31,17:30,2024-10-31 17:30:00+00:00,Genoa,Fiorentina,0,1,A,5.21,3.87,1.69
I1_2024-10-31_como_lazio,I1,2024-10-31,19:45,2024-10-31 19:45:00+00:00,Como,Lazio,1,5,A,3.15,3.24,2.41
I1_2024-10-31_roma_torino,I1,2024-10-31,19:45,2024-10-31 19:45:00+00:00,Roma,Torino,1,0,H,1.82,3.56,4.72
F1_2024-11-01_monaco_angers,F1,2024-11-01,18:00,2024-11-01 18:00:00+00:00,Monaco,Angers,0,1,A,1.24,6.67,11.0
D1_2024-11-01_leverkusen_stuttgart,D1,2024-11-01,19:30,2024-11-01 19:30:00+00:00,Leverkusen,Stuttgart,0,0,D,1.6,4.59,4.95
F1_2024-11-01_lille_lyon,F1,2024-11-01,20:00,2024-11-01 20:00:00+00:00,Lille,Lyon,1,1,D,2.23,3.7,3.05
SP1_2024-11-01_alaves_mallorca,SP1,2024-11-01,20:00,2024-11-01 20:00:00+00:00,Alaves,Mallorca,1,0,H,2.36,2.92,3.6
E0_2024-11-02_newcastle_arsenal,E0,2024-11-02,12:30,2024-11-02 12:30:00+00:00,Newcastle,Arsenal,1,0,H,3.99,3.61,1.95
SP1_2024-11-02_osasuna_valladolid,SP1,2024-11-02,13:00,2024-11-02 13:00:00+00:00,Osasuna,Valladolid,1,0,H,1.7,3.66,5.49
I1_2024-11-02_bologna_lecce,I1,2024-11-02,14:00,2024-11-02 14:00:00+00:00,Bologna,Lecce,1,0,H,1.78,3.52,5.0
D1_2024-11-02_bayern-munich_union-berlin,D1,2024-11-02,14:30,2024-11-02 14:30:00+00:00,Bayern Munich,Union Berlin,3,0,H,1.15,8.62,17.76
D1_2024-11-02_ein-frankfurt_bochum,D1,2024-11-02,14:30,2024-11-02 14:30:00+00:00,Ein Frankfurt,Bochum,7,2,H,1.45,5.06,6.33
D1_2024-11-02_hoffenheim_st-pauli,D1,2024-11-02,14:30,2024-11-02 14:30:00+00:00,Hoffenheim,St Pauli,0,2,A,1.91,3.79,3.91
D1_2024-11-02_holstein-kiel_heidenheim,D1,2024-11-02,14:30,2024-11-02 14:30:00+00:00,Holstein Kiel,Heidenheim,1,0,H,2.49,3.44,2.85
D1_2024-11-02_wolfsburg_augsburg,D1,2024-11-02,14:30,2024-11-02 14:30:00+00:00,Wolfsburg,Augsburg,1,1,D,2.08,3.59,3.52
E0_2024-11-02_bournemouth_man-city,E0,2024-11-02,15:00,2024-11-02 15:00:00+00:00,Bournemouth,Man City,2,1,H,5.83,4.45,1.55
E0_2024-11-02_ipswich_leicester,E0,2024-11-02,15:00,2024-11-02 15:00:00+00:00,Ipswich,Leicester,1,1,D,2.36,3.59,2.97
E0_2024-11-02_liverpool_brighton,E0,2024-11-02,15:00,2024-11-02 15:00:00+00:00,Liverpool,Brighton,2,1,H,1.38,5.57,7.49
E0_2024-11-02_nott-m-forest_west-ham,E0,2024-11-02,15:00,2024-11-02 15:00:00+00:00,Nott'm Forest,West Ham,3,0,H,2.05,3.48,3.78
E0_2024-11-02_southampton_everton,E0,2024-11-02,15:00,2024-11-02 15:00:00+00:00,Southampton,Everton,1,0,H,2.7,3.32,2.71
SP1_2024-11-02_girona_leganes,SP1,2024-11-02,15:15,2024-11-02 15:15:00+00:00,Girona,Leganes,4,3,H,1.7,3.59,5.73
F1_2024-11-02_paris-sg_lens,F1,2024-11-02,16:00,2024-11-02 16:00:00+00:00,Paris SG,Lens,1,0,H,1.41,5.05,7.15
I1_2024-11-02_udinese_juventus,I1,2024-11-02,17:00,2024-11-02 17:00:00+00:00,Udinese,Juventus,0,2,A,4.33,3.21,2.0
D1_2024-11-02_dortmund_rb-leipzig,D1,2024-11-02,17:30,2024-11-02 17:30:00+00:00,Dortmund,RB Leipzig,2,1,H,2.18,3.82,3.1
E0_2024-11-02_wolves_crystal-palace,E0,2024-11-02,17:30,2024-11-02 17:30:00+00:00,Wolves,Crystal Palace,2,2,D,2.43,3.34,3.03
F1_2024-11-02_brest_nice,F1,2024-11-02,18:00,2024-11-02 18:00:00+00:00,Brest,Nice,0,1,A,2.97,3.14,2.57
I1_2024-11-02_monza_milan,I1,2024-11-02,19:45,2024-11-02 19:45:00+00:00,Monza,Milan,0,1,A,5.84,3.83,1.62
F1_2024-11-02_st-etienne_strasbourg,F1,2024-11-02,20:00,2024-11-02 20:00:00+00:00,St Etienne,Strasbourg,2,0,H,3.29,3.63,2.16
I1_2024-11-03_napoli_atalanta,I1,2024-11-03,11:30,2024-11-03 11:30:00+00:00,Napoli,Atalanta,0,3,A,2.28,3.24,3.37
SP1_2024-11-03_ath-madrid_las-palmas,SP1,2024-11-03,13:00,2024-11-03 13:00:00+00:00,Ath Madrid,Las Palmas,2,0,H,1.33,5.25,9.2
E0_2024-11-03_tottenham_aston-villa,E0,2024-11-03,14:00,2024-11-03 14:00:00+00:00,Tottenham,Aston Villa,4,1,H,1.94,4.02,3.61
F1_2024-11-03_toulouse_reims,F1,2024-11-03,14:00,2024-11-03 14:00:00+00:00,Toulouse,Reims,1,0,H,1.9,3.56,4.19
I1_2024-11-03_torino_fiorentina,I1,2024-11-03,14:00,2024-11-03 14:00:00+00:00,Torino,Fiorentina,0,1,A,3.69,3.16,2.19
D1_2024-11-03_freiburg_mainz,D1,2024-11-03,14:30,2024-11-03 14:30:00+00:00,Freiburg,Mainz,0,0,D,1.79,3.75,4.62
SP1_2024-11-03_barcelona_espanol,SP1,2024-11-03,15:15,2024-11-03 15:15:00+00:00,Barcelona,Espanol,3,1,H,1.14,9.2,18.0
F1_2024-11-03_auxerre_rennes,F1,2024-11-03,16:00,2024-11-03 16:00:00+00:00,Auxerre,Rennes,4,0,H,3.4,3.59,2.11
F1_2024-11-03_le-havre_montpellier,F1,2024-11-03,16:00,2024-11-03 16:00:00+00:00,Le Havre,Montpellier,1,0,H,2.23,3.38,3.27
D1_2024-11-03_m-gladbach_werder-bremen,D1,2024-11-03,16:30,2024-11-03 16:30:00+00:00,M'gladbach,Werder Bremen,4,1,H,2.26,3.74,3.02
E0_2024-11-03_man-united_chelsea,E0,2024-11-03,16:30,2024-11-03 16:30:00+00:00,Man United,Chelsea,1,1,D,2.65,3.6,2.58
I1_2024-11-03_verona_roma,I1,2024-11-03,17:00,2024-11-03 17:00:00+00:00,Verona,Roma,3,2,H,4.78,3.51,1.81
SP1_2024-11-03_sevilla_sociedad,SP1,2024-11-03,17:30,2024-11-03 17:30:00+00:00,Sevilla,Sociedad,0,2,A,3.42,3.15,2.31
F1_2024-11-03_nantes_marseille,F1,2024-11-03,19:45,2024-11-03 19:45:00+00:00,Nantes,Marseille,1,2,A,3.48,3.39,2.14
I1_2024-11-03_inter_venezia,I1,2024-11-03,19:45,2024-11-03 19:45:00+00:00,Inter,Venezia,1,0,H,1.18,7.76,14.72
SP1_2024-11-03_ath-bilbao_betis,SP1,2024-11-03,20:00,2024-11-03 20:00:00+00:00,Ath Bilbao,Betis,1,1,D,1.87,3.55,4.34
I1_2024-11-04_empoli_como,I1,2024-11-04,17:30,2024-11-04 17:30:00+00:00,Empoli,Como,1,0,H,2.85,3.02,2.77
I1_2024-11-04_parma_genoa,I1,2024-11-04,17:30,2024-11-04 17:30:00+00:00,Parma,Genoa,0,1,A,1.8,3.76,4.54
I1_2024-11-04_lazio_cagliari,I1,2024-11-04,19:45,2024-11-04 19:45:00+00:00,Lazio,Cagliari,2,1,H,1.55,4.18,6.29
E0_2024-11-04_fulham_brentford,E0,2024-11-04,20:00,2024-11-04 20:00:00+00:00,Fulham,Brentford,2,1,H,2.02,3.74,3.62
SP1_2024-11-04_celta_getafe,SP1,2024-11-04,20:00,2024-11-04 20:00:00+00:00,Celta,Getafe,1,0,H,2.12,3.01,4.17
I1_2024-11-07_genoa_como,I1,2024-11-07,19:45,2024-11-07 19:45:00+00:00,Genoa,Como,1,1,D,3.3,3.05,2.42
D1_2024-11-08_union-berlin_freiburg,D1,2024-11-08,19:30,2024-11-08 19:30:00+00:00,Union Berlin,Freiburg,0,0,D,2.42,3.2,3.15
F1_2024-11-08_marseille_auxerre,F1,2024-11-08,19:45,2024-11-08 19:45:00+00:00,Marseille,Auxerre,1,3,A,1.45,4.91,6.61
I1_2024-11-08_lecce_empoli,I1,2024-11-08,19:45,2024-11-08 19:45:00+00:00,Lecce,Empoli,1,1,D,2.29,2.93,3.75
SP1_2024-11-08_vallecano_las-palmas,SP1,2024-11-08,20:00,2024-11-08 20:00:00+00:00,Vallecano,Las Palmas,1,3,A,1.88,3.39,4.56
SP1_2024-11-09_real-madrid_osasuna,SP1,2024-11-09,13:00,2024-11-09 13:00:00+00:00,Real Madrid,Osasuna,4,0,H,1.26,6.27,10.67
I1_2024-11-09_venezia_parma,I1,2024-11-09,14:00,2024-11-09 14:00:00+00:00,Venezia,Parma,1,2,A,2.21,3.56,3.23
D1_2024-11-09_bochum_leverkusen,D1,2024-11-09,14:30,2024-11-09 14:30:00+00:00,Bochum,Leverkusen,1,1,D,10.39,6.57,1.26
D1_2024-11-09_mainz_dortmund,D1,2024-11-09,14:30,2024-11-09 14:30:00+00:00,Mainz,Dortmund,3,1,H,3.83,3.72,1.96
D1_2024-11-09_st-pauli_bayern-munich,D1,2024-11-09,14:30,2024-11-09 14:30:00+00:00,St Pauli,Bayern Munich,0,1,A,14.67,7.32,1.2
D1_2024-11-09_werder-bremen_holstein-kiel,D1,2024-11-09,14:30,2024-11-09 14:30:00+00:00,Werder Bremen,Holstein Kiel,2,1,H,1.62,4.31,5.19
E0_2024-11-09_brentford_bournemouth,E0,2024-11-09,15:00,2024-11-09 15:00:00+00:00,Brentford,Bournemouth,3,2,H,2.6,3.58,2.66
E0_2024-11-09_crystal-palace_fulham,E0,2024-11-09,15:00,2024-11-09 15:00:00+00:00,Crystal Palace,Fulham,0,2,A,3.35,3.34,2.26
E0_2024-11-09_west-ham_everton,E0,2024-11-09,15:00,2024-11-09 15:00:00+00:00,West Ham,Everton,0,0,D,2.16,3.44,3.49
E0_2024-11-09_wolves_southampton,E0,2024-11-09,15:00,2024-11-09 15:00:00+00:00,Wolves,Southampton,2,0,H,1.92,3.79,3.93
SP1_2024-11-09_villarreal_alaves,SP1,2024-11-09,15:15,2024-11-09 15:15:00+00:00,Villarreal,Alaves,3,0,H,1.57,4.07,6.18
F1_2024-11-09_strasbourg_monaco,F1,2024-11-09,16:00,2024-11-09 16:00:00+00:00,Strasbourg,Monaco,1,3,A,3.75,3.66,1.98
I1_2024-11-09_cagliari_milan,I1,2024-11-09,17:00,2024-11-09 17:00:00+00:00,Cagliari,Milan,3,3,D,5.02,4.04,1.67
D1_2024-11-09_rb-leipzig_m-gladbach,D1,2024-11-09,17:30,2024-11-09 17:30:00+00:00,RB Leipzig,M'gladbach,0,0,D,1.63,4.36,4.87
E0_2024-11-09_brighton_man-city,E0,2024-11-09,17:30,2024-11-09 17:30:00+00:00,Brighton,Man City,2,1,H,4.11,4.13,1.8
F1_2024-11-09_lens_nantes,F1,2024-11-09,18:00,2024-11-09 18:00:00+00:00,Lens,Nantes,3,2,H,1.65,3.79,5.77
I1_2024-11-09_juventus_torino,I1,2024-11-09,19:45,2024-11-09 19:45:00+00:00,Juventus,Torino,2,0,H,1.59,3.62,7.25
E0_2024-11-09_liverpool_aston-villa,E0,2024-11-09,20:00,2024-11-09 20:00:00+00:00,Liverpool,Aston Villa,2,0,H,1.48,4.74,6.41
F1_2024-11-09_angers_paris-sg,F1,2024-11-09,20:00,2024-11-09 20:00:00+00:00,Angers,Paris SG,2,4,A,11.08,6.15,1.26
SP1_2024-11-09_leganes_sevilla,SP1,2024-11-09,20:00,2024-11-09 20:00:00+00:00,Leganes,Sevilla,1,0,H,3.1,2.97,2.6
I1_2024-11-10_atalanta_udinese,I1,2024-11-10,11:30,2024-11-10 11:30:00+00:00,Atalanta,Udinese,2,1,H,1.46,4.42,7.31
SP1_2024-11-10_betis_celta,SP1,2024-11-10,13:00,2024-11-10 13:00:00+00:00,Betis,Celta,2,2,D,2.18,3.24,3.61
E0_2024-11-10_man-united_leicester,E0,2024-11-10,14:00,2024-11-10 14:00:00+00:00,Man United,Leicester,3,0,H,1.33,5.66,8.87
E0_2024-11-10_nott-m-forest_newcastle,E0,2024-11-10,14:00,2024-11-10 14:00:00+00:00,Nott'm Forest,Newcastle,1,3,A,2.76,3.3,2.67
E0_2024-11-10_tottenham_ipswich,E0,2024-11-10,14:00,2024-11-10 14:00:00+00:00,Tottenham,Ipswich,1,2,A,1.25,6.71,10.56
F1_2024-11-10_nice_lille,F1,2024-11-10,14:00,2024-11-10 14:00:00+00:00,Nice,Lille,2,2,D,2.35,3.26,3.19
I1_2024-11-10_fiorentina_verona,I1,2024-11-10,14:00,2024-11-10 14:00:00+00:00,Fiorentina,Verona,3,1,H,1.49,4.47,6.6
I1_2024-11-10_roma_bologna,I1,2024-11-10,14:00,2024-11-10 14:00:00+00:00,Roma,Bologna,2,3,A,2.17,3.23,3.65
D1_2024-11-10_augsburg_hoffenheim,D1,2024-11-10,14:30,2024-11-10 14:30:00+00:00,Augsburg,Hoffenheim,0,0,D,2.11,3.48,3.53
SP1_2024-11-10_mallorca_ath-madrid,SP1,2024-11-10,15:15,2024-11-10 15:15:00+00:00,Mallorca,Ath Madrid,0,1,A,3.46,2.95,2.4
F1_2024-11-10_le-havre_reims,F1,2024-11-10,16:00,2024-11-10 16:00:00+00:00,Le Havre,Reims,0,3,A,3.43,3.15,2.29
F1_2024-11-10_montpellier_brest,F1,2024-11-10,16:00,2024-11-10 16:00:00+00:00,Montpellier,Brest,3,1,H,2.89,3.26,2.55
F1_2024-11-10_rennes_toulouse,F1,2024-11-10,16:00,2024-11-10 16:00:00+00:00,Rennes,Toulouse,0,2,A,2.31,3.36,3.16
D1_2024-11-10_stuttgart_ein-frankfurt,D1,2024-11-10,16:30,2024-11-10 16:30:00+00:00,Stuttgart,Ein Frankfurt,2,3,A,1.78,3.91,4.38
E0_2024-11-10_chelsea_arsenal,E0,2024-11-10,16:30,2024-11-10 16:30:00+00:00,Chelsea,Arsenal,1,1,D,3.01,3.41,2.41
I1_2024-11-10_monza_lazio,I1,2024-11-10,17:00,2024-11-10 17:00:00+00:00,Monza,Lazio,0,1,A,5.15,3.44,1.78
SP1_2024-11-10_getafe_girona,SP1,2024-11-10,17:30,2024-11-10 17:30:00+00:00,Getafe,Girona,0,1,A,2.53,2.9,3.3
SP1_2024-11-10_valladolid_ath-bilbao,SP1,2024-11-10,17:30,2024-11-10 17:30:00+00:00,Valladolid,Ath Bilbao,1,1,D,4.37,3.33,1.95
D1_2024-11-10_heidenheim_wolfsburg,D1,2024-11-10,18:30,2024-11-10 18:30:00+00:00,Heidenheim,Wolfsburg,1,3,A,2.91,3.25,2.55
F1_2024-11-10_lyon_st-etienne,F1,2024-11-10,19:45,2024-11-10 19:45:00+00:00,Lyon,St Etienne,1,0,H,1.32,5.78,8.75
I1_2024-11-10_inter_napoli,I1,2024-11-10,19:45,2024-11-10 19:45:00+00:00,Inter,Napoli,1,1,D,1.81,3.72,4.5
SP1_2024-11-10_sociedad_barcelona,SP1,2024-11-10,20:00,2024-11-10 20:00:00+00:00,Sociedad,Barcelona,1,0,H,4.02,3.74,1.9
F1_2024-11-22_monaco_brest,F1,2024-11-22,18:00,2024-11-22 18:00:00+00:00,Monaco,Brest,3,2,H,1.56,4.21,5.96
D1_2024-11-22_bayern-munich_augsburg,D1,2024-11-22,19:30,2024-11-22 19:30:00+00:00,Bayern Munich,Augsburg,3,0,H,1.12,10.36,19.07
F1_2024-11-22_paris-sg_toulouse,F1,2024-11-22,20:00,2024-11-22 20:00:00+00:00,Paris SG,Toulouse,3,0,H,1.39,5.23,7.33
SP1_2024-11-22_getafe_valladolid,SP1,2024-11-22,20:00,2024-11-22 20:00:00+00:00,Getafe,Valladolid,2,0,H,1.66,3.48,6.47
E0_2024-11-23_leicester_chelsea,E0,2024-11-23,12:30,2024-11-23 12:30:00+00:00,Leicester,Chelsea,1,2,A,6.91,4.84,1.45
SP1_2024-11-23_valencia_betis,SP1,2024-11-23,13:00,2024-11-23 13:00:00+00:00,Valencia,Betis,4,2,H,2.57,2.99,3.12
I1_2024-11-23_verona_inter,I1,2024-11-23,14:00,2024-11-23 14:00:00+00:00,Verona,Inter,0,5,A,7.38,4.49,1.46
D1_2024-11-23_dortmund_freiburg,D1,2024-11-23,14:30,2024-11-23 14:30:00+00:00,Dortmund,Freiburg,4,0,H,1.82,3.78,4.34
D1_2024-11-23_hoffenheim_rb-leipzig,D1,2024-11-23,14:30,2024-11-23 14:30:00+00:00,Hoffenheim,RB Leipzig,4,3,H,3.27,3.65,2.15
D1_2024-11-23_leverkusen_heidenheim,D1,2024-11-23,14:30,2024-11-23 14:30:00+00:00,Leverkusen,Heidenheim,5,2,H,1.21,6.93,13.24
D1_2024-11-23_stuttgart_bochum,D1,2024-11-23,14:30,2024-11-23 14:30:00+00:00,Stuttgart,Bochum,2,0,H,1.31,5.98,8.57
D1_2024-11-23_wolfsburg_union-berlin,D1,2024-11-23,14:30,2024-11-23 14:30:00+00:00,Wolfsburg,Union Berlin,1,0,H,2.15,3.31,3.62
E0_2024-11-23_arsenal_nott-m-forest,E0,2024-11-23,15:00,2024-11-23 15:00:00+00:00,Arsenal,Nott'm Forest,3,0,H,1.41,4.75,8.43
E0_2024-11-23_aston-villa_crystal-palace,E0,2024-11-23,15:00,2024-11-23 15:00:00+00:00,Aston Villa,Crystal Palace,2,2,D,1.73,3.83,4.95
E0_2024-11-23_bournemouth_brighton,E0,2024-11-23,15:00,2024-11-23 15:00:00+00:00,Bournemouth,Brighton,1,2,A,2.46,3.56,2.84
E0_2024-11-23_everton_brentford,E0,2024-11-23,15:00,2024-11-23 15:00:00+00:00,Everton,Brentford,0,0,D,2.36,3.38,3.13
E0_2024-11-23_fulham_wolves,E0,2024-11-23,15:00,2024-11-23 15:00:00+00:00,Fulham,Wolves,1,4,A,1.55,4.44,5.85
SP1_2024-11-23_ath-madrid_alaves,SP1,2024-11-23,15:15,2024-11-23 15:15:00+00:00,Ath Madrid,Alaves,2,1,H,1.46,4.28,7.77
F1_2024-11-23_lens_marseille,F1,2024-11-23,16:00,2024-11-23 16:00:00+00:00,Lens,Marseille,1,3,A,2.29,3.43,3.15
I1_2024-11-23_milan_juventus,I1,2024-11-23,17:00,2024-11-23 17:00:00+00:00,Milan,Juventus,0,0,D,2.35,3.18,3.25
D1_2024-11-23_ein-frankfurt_werder-bremen,D1,2024-11-23,17:30,2024-11-23 17:30:00+00:00,Ein Frankfurt,Werder Bremen,1,0,H,1.77,4.08,4.29
E0_2024-11-23_man-city_tottenham,E0,2024-11-23,17:30,2024-11-23 17:30:00+00:00,Man City,Tottenham,0,4,A,1.41,5.35,6.94
SP1_2024-11-23_girona_espanol,SP1,2024-11-23,17:30,2024-11-23 17:30:00+00:00,Girona,Espanol,4,1,H,1.68,3.77,5.49
SP1_2024-11-23_las-palmas_mallorca,SP1,2024-11-23,17:30,2024-11-23 17:30:00+00:00,Las Palmas,Mallorca,2,3,A,2.84,2.95,2.84
F1_2024-11-23_st-etienne_montpellier,F1,2024-11-23,18:00,2024-11-23 18:00:00+00:00,St Etienne,Montpellier,1,0,H,2.39,3.33,3.06
I1_2024-11-23_parma_atalanta,I1,2024-11-23,19:45,2024-11-23 19:45:00+00:00,Parma,Atalanta,1,3,A,5.69,4.42,1.55
F1_2024-11-23_reims_lyon,F1,2024-11-23,20:00,2024-11-23 20:00:00+00:00,Reims,Lyon,1,1,D,3.06,3.71,2.19
SP1_2024-11-23_celta_barcelona,SP1,2024-11-23,20:00,2024-11-23 20:00:00+00:00,Celta,Barcelona,2,2,D,4.38,4.23,1.73
I1_2024-11-24_genoa_cagliari,I1,2024-11-24,11:30,2024-11-24 11:30:00+00:00,Genoa,Cagliari,2,2,D,2.49,3.2,3.03
SP1_2024-11-24_osasuna_villarreal,SP1,2024-11-24,13:00,2024-11-24 13:00:00+00:00,Osasuna,Villarreal,2,2,D,2.64,3.3,2.74
E0_2024-11-24_southampton_liverpool,E0,2024-11-24,14:00,2024-11-24 14:00:00+00:00,Southampton,Liverpool,2,3,A,9.12,5.7,1.32
F1_2024-11-24_lille_rennes,F1,2024-11-24,14:00,2024-11-24 14:00:00+00:00,Lille,Rennes,1,0,H,1.89,3.47,4.4
I1_2024-11-24_como_fiorentina,I1,2024-11-24,14:00,2024-11-24 14:00:00+00:00,Como,Fiorentina,0,2,A,3.95,3.45,1.98
I1_2024-11-24_torino_monza,I1,2024-11-24,14:00,2024-11-24 14:00:00+00:00,Torino,Monza,1,1,D,2.11,3.03,4.08
D1_2024-11-24_holstein-kiel_mainz,D1,2024-11-24,14:30,2024-11-24 14:30:00+00:00,Holstein Kiel,Mainz,0,3,A,3.21,3.36,2.3
SP1_2024-11-24_sevilla_vallecano,SP1,2024-11-24,15:15,2024-11-24 15:15:00+00:00,Sevilla,Vallecano,1,0,H,2.07,3.25,3.92
F1_2024-11-24_auxerre_angers,F1,2024-11-24,16:00,2024-11-24 16:00:00+00:00,Auxerre,Angers,1,0,H,1.76,3.72,4.72
F1_2024-11-24_nantes_le-havre,F1,2024-11-24,16:00,2024-11-24 16:00:00+00:00,Nantes,Le Havre,0,2,A,1.91,3.28,4.56
D1_2024-11-24_m-gladbach_st-pauli,D1,2024-11-24,16:30,2024-11-24 16:30:00+00:00,M'gladbach,St Pauli,2,0,H,1.9,3.71,4.07
E0_2024-11-24_ipswich_man-united,E0,2024-11-24,16:30,2024-11-24 16:30:00+00:00,Ipswich,Man United,1,1,D,5.06,4.09,1.67
I1_2024-11-24_napoli_roma,I1,2024-11-24,17:00,2024-11-24 17:00:00+00:00,Napoli,Roma,1,0,H,1.72,3.6,5.36
SP1_2024-11-24_leganes_real-madrid,SP1,2024-11-24,17:30,2024-11-24 17:30:00+00:00,Leganes,Real Madrid,0,3,A,9.12,4.93,1.36
F1_2024-11-24_nice_strasbourg,F1,2024-11-24,19:45,2024-11-24 19:45:00+00:00,Nice,Strasbourg,2,1,H,1.77,3.87,4.5
I1_2024-11-24_lazio_bologna,I1,2024-11-24,19:45,2024-11-24 19:45:00+00:00,Lazio,Bologna,3,0,H,1.82,3.52,4.68
SP1_2024-11-24_ath-bilbao_sociedad,SP1,2024-11-24,20:00,2024-11-24 20:00:00+00:00,Ath Bilbao,Sociedad,1,0,H,2.39,2.91,3.53
I1_2024-11-25_empoli_udinese,I1,2024-11-25,17:30,2024-11-25 17:30:00+00:00,Empoli,Udinese,1,1,D,3.04,2.84,2.75
I1_2024-11-25_venezia_lecce,I1,2024-11-25,19:45,2024-11-25 19:45:00+00:00,Venezia,Lecce,0,1,A,2.21,3.26,3.51
E0_2024-11-25_newcastle_west-ham,E0,2024-11-25,20:00,2024-11-25 20:00:00+00:00,Newcastle,West Ham,0,2,A,1.47,4.8,6.5
D1_2024-11-29_st-pauli_holstein-kiel,D1,2024-11-29,19:30,2024-11-29 19:30:00+00:00,St Pauli,Holstein Kiel,3,1,H,1.69,3.73,5.32
F1_2024-11-29_reims_lens,F1,2024-11-29,19:45,2024-11-29 19:45:00+00:00,Reims,Lens,0,2,A,3.17,3.3,2.33
I1_2024-11-29_cagliari_verona,I1,2024-11-29,19:45,2024-11-29 19:45:00+00:00,Cagliari,Verona,1,0,H,1.96,3.46,4.05
E0_2024-11-29_brighton_southampton,E0,2024-11-29,20:00,2024-11-29 20:00:00+00:00,Brighton,Southampton,1,1,D,1.39,5.45,7.29
SP1_2024-11-29_mallorca_valencia,SP1,2024-11-29,20:00,2024-11-29 20:00:00+00:00,Mallorca,Valencia,2,1,H,2.15,2.83,4.46
SP1_2024-11-30_barcelona_las-palmas,SP1,2024-11-30,13:00,2024-11-30 13:00:00+00:00,Barcelona,Las Palmas,1,2,A,1.14,9.15,17.53
I1_2024-11-30_como_monza,I1,2024-11-30,14:00,2024-11-30 14:00:00+00:00,Como,Monza,1,1,D,1.93,3.39,4.3
D1_2024-11-30_augsburg_bochum,D1,2024-11-30,14:30,2024-11-30 14:30:00+00:00,Augsburg,Bochum,1,0,H,1.78,3.81,4.51
D1_2024-11-30_freiburg_m-gladbach,D1,2024-11-30,14:30,2024-11-30 14:30:00+00:00,Freiburg,M'gladbach,3,1,H,2.02,3.71,3.59
D1_2024-11-30_rb-leipzig_wolfsburg,D1,2024-11-30,14:30,2024-11-30 14:30:00+00:00,RB Leipzig,Wolfsburg,1,5,A,1.74,3.93,4.64
D1_2024-11-30_union-berlin_leverkusen,D1,2024-11-30,14:30,2024-11-30 14:30:00+00:00,Union Berlin,Leverkusen,1,2,A,4.63,3.49,1.85
D1_2024-11-30_werder-bremen_stuttgart,D1,2024-11-30,14:30,2024-11-30 14:30:00+00:00,Werder Bremen,Stuttgart,2,2,D,2.59,3.52,2.67
E0_2024-11-30_brentford_leicester,E0,2024-11-30,15:00,2024-11-30 15:00:00+00:00,Brentford,Leicester,4,1,H,1.61,4.33,5.27
E0_2024-11-30_crystal-palace_newcastle,E0,2024-11-30,15:00,2024-11-30 15:00:00+00:00,Crystal Palace,Newcastle,1,1,D,3.25,3.48,2.24
E0_2024-11-30_nott-m-forest_ipswich,E0,2024-11-30,15:00,2024-11-30 15:00:00+00:00,Nott'm Forest,Ipswich,1,0,H,1.72,3.95,4.86
E0_2024-11-30_wolves_bournemouth,E0,2024-11-30,15:00,2024-11-30 15:00:00+00:00,Wolves,Bournemouth,2,4,A,2.71,3.47,2.62
SP1_2024-11-30_alaves_leganes,SP1,2024-11-30,15:15,2024-11-30 15:15:00+00:00,Alaves,Leganes,1,1,D,1.81,3.17,5.63
F1_2024-11-30_rennes_st-etienne,F1,2024-11-30,16:00,2024-11-30 16:00:00+00:00,Rennes,St Etienne,5,0,H,1.58,4.12,5.88
I1_2024-11-30_milan_empoli,I1,2024-11-30,17:00,2024-11-30 17:00:00+00:00,Milan,Empoli,3,0,H,1.33,5.07,10.0
D1_2024-11-30_dortmund_bayern-munich,D1,2024-11-30,17:30,2024-11-30 17:30:00+00:00,Dortmund,Bayern Munich,1,1,D,4.51,4.07,1.73
E0_2024-11-30_west-ham_arsenal,E0,2024-11-30,17:30,2024-11-30 17:30:00+00:00,West Ham,Arsenal,2,5,A,7.37,4.78,1.44
SP1_2024-11-30_espanol_celta,SP1,2024-11-30,17:30,2024-11-30 17:30:00+00:00,Espanol,Celta,3,1,H,3.57,3.21,2.21
F1_2024-11-30_brest_strasbourg,F1,2024-11-30,18:00,2024-11-30 18:00:00+00:00,Brest,Strasbourg,3,1,H,2.13,3.39,3.55
I1_2024-11-30_bologna_venezia,I1,2024-11-30,19:45,2024-11-30 19:45:00+00:00,Bologna,Venezia,3,0,H,1.87,3.45,4.58
F1_2024-11-30_paris-sg_nantes,F1,2024-11-30,20:00,2024-11-30 20:00:00+00:00,Paris SG,Nantes,1,1,D,1.17,7.66,15.79
SP1_2024-11-30_valladolid_ath-madrid,SP1,2024-11-30,20:00,2024-11-30 20:00:00+00:00,Valladolid,Ath Madrid,0,5,A,7.49,4.48,1.45
I1_2024-12-01_udinese_genoa,I1,2024-12-01,11:30,2024-12-01 11:30:00+00:00,Udinese,Genoa,0,2,A,1.98,3.34,4.17
SP1_2024-12-01_villarreal_girona,SP1,2024-12-01,13:00,2024-12-01 13:00:00+00:00,Villarreal,Girona,2,2,D,1.77,3.87,4.46
E0_2024-12-01_chelsea_aston-villa,E0,2024-12-01,13:30,2024-12-01 13:30:00+00:00,Chelsea,Aston Villa,3,0,H,1.72,4.08,4.66
E0_2024-12-01_man-united_everton,E0,2024-12-01,13:30,2024-12-01 13:30:00+00:00,Man United,Everton,4,0,H,1.62,4.05,5.68
E0_2024-12-01_tottenham_fulham,E0,2024-12-01,13:30,2024-12-01 13:30:00+00:00,Tottenham,Fulham,1,1,D,1.95,4.07,3.56
F1_2024-12-01_montpellier_lille,F1,2024-12-01,14:00,2024-12-01 14:00:00+00:00,Montpellier,Lille,2,2,D,4.6,3.67,1.8
I1_2024-12-01_parma_lazio,I1,2024-12-01,14:00,2024-12-01 14:00:00+00:00,Parma,Lazio,3,1,H,4.61,3.8,1.76
I1_2024-12-01_torino_napoli,I1,2024-12-01,14:00,2024-12-01 14:00:00+00:00,Torino,Napoli,0,1,A,5.63,3.48,1.72
D1_2024-12-01_mainz_hoffenheim,D1,2024-12-01,14:30,2024-12-01 14:30:00+00:00,Mainz,Hoffenheim,2,0,H,2.05,3.57,3.62
SP1_2024-12-01_real-madrid_getafe,SP1,2024-12-01,15:15,2024-12-01 15:15:00+00:00,Real Madrid,Getafe,2,0,H,1.32,5.15,10.33
E0_2024-12-01_liverpool_man-city,E0,2024-12-01,16:00,2024-12-01 16:00:00+00:00,Liverpool,Man City,2,0,H,2.04,3.76,3.5
F1_2024-12-01_le-havre_angers,F1,2024-12-01,16:00,2024-12-01 16:00:00+00:00,Le Havre,Angers,0,1,A,2.37,3.05,3.33
F1_2024-12-01_lyon_nice,F1,2024-12-01,16:00,2024-12-01 16:00:00+00:00,Lyon,Nice,4,1,H,1.72,4.16,4.48
F1_2024-12-01_toulouse_auxerre,F1,2024-12-01,16:00,2024-12-01 16:00:00+00:00,Toulouse,Auxerre,2,0,H,1.68,3.85,5.33
D1_2024-12-01_heidenheim_ein-frankfurt,D1,2024-12-01,16:30,2024-12-01 16:30:00+00:00,Heidenheim,Ein Frankfurt,0,4,A,3.86,3.65,1.94
SP1_2024-12-01_vallecano_ath-bilbao,SP1,2024-12-01,17:30,2024-12-01 17:30:00+00:00,Vallecano,Ath Bilbao,1,2,A,3.28,3.01,2.47
F1_2024-12-01_marseille_monaco,F1,2024-12-01,19:45,2024-12-01 19:45:00+00:00,Marseille,Monaco,2,1,H,2.61,3.45,2.67
I1_2024-12-01_lecce_juventus,I1,2024-12-01,19:45,2024-12-01 19:45:00+00:00,Lecce,Juventus,1,1,D,6.43,3.48,1.66
SP1_2024-12-01_sociedad_betis,SP1,2024-12-01,20:00,2024-12-01 20:00:00+00:00,Sociedad,Betis,2,0,H,1.69,3.71,5.44
I1_2024-12-02_roma_atalanta,I1,2024-12-02,19:45,2024-12-02 19:45:00+00:00,Roma,Atalanta,0,2,A,3.54,3.39,2.12
SP1_2024-12-02_sevilla_osasuna,SP1,2024-12-02,20:00,2024-12-02 20:00:00+00:00,Sevilla,Osasuna,1,1,D,2.01,3.38,4.0
SP1_2024-12-03_mallorca_barcelona,SP1,2024-12-03,18:00,2024-12-03 18:00:00+00:00,Mallorca,Barcelona,1,5,A,5.48,4.08,1.62
E0_2024-12-03_ipswich_crystal-palace,E0,2024-12-03,19:30,2024-12-03 19:30:00+00:00,Ipswich,Crystal Palace,0,1,A,3.27,3.36,2.29
E0_2024-12-03_leicester_west-ham,E0,2024-12-03,20:15,2024-12-03 20:15:00+00:00,Leicester,West Ham,3,1,H,2.99,3.47,2.38
E0_2024-12-04_everton_wolves,E0,2024-12-04,19:30,2024-12-04 19:30:00+00:00,Everton,Wolves,4,0,H,2.11,3.35,3.74
E0_2024-12-04_man-city_nott-m-forest,E0,2024-12-04,19:30,2024-12-04 19:30:00+00:00,Man City,Nott'm Forest,3,0,H,1.32,5.64,9.34
E0_2024-12-04_newcastle_liverpool,E0,2024-12-04,19:30,2024-12-04 19:30:00+00:00,Newcastle,Liverpool,3,3,D,3.63,3.76,1.99
E0_2024-12-04_southampton_chelsea,E0,2024-12-04,19:30,2024-12-04 19:30:00+00:00,Southampton,Chelsea,1,5,A,8.74,5.8,1.32
SP1_2024-12-04_ath-bilbao_real-madrid,SP1,2024-12-04,20:00,2024-12-04 20:00:00+00:00,Ath Bilbao,Real Madrid,2,1,H,3.32,3.36,2.23
E0_2024-12-04_arsenal_man-united,E0,2024-12-04,20:15,2024-12-04 20:15:00+00:00,Arsenal,Man United,2,0,H,1.45,4.84,6.86
E0_2024-12-04_aston-villa_brentford,E0,2024-12-04,20:15,2024-12-04 20:15:00+00:00,Aston Villa,Brentford,3,1,H,1.69,4.11,4.89
E0_2024-12-05_fulham_brighton,E0,2024-12-05,19:30,2024-12-05 19:30:00+00:00,Fulham,Brighton,3,1,H,2.6,3.58,2.66
E0_2024-12-05_bournemouth_tottenham,E0,2024-12-05,20:15,2024-12-05 20:15:00+00:00,Bournemouth,Tottenham,1,0,H,2.18,3.91,3.05
I1_2024-12-06_inter_parma,I1,2024-12-06,17:30,2024-12-06 17:30:00+00:00,Inter,Parma,3,1,H,1.18,7.82,13.76
F1_2024-12-06_lille_brest,F1,2024-12-06,18:00,2024-12-06 18:00:00+00:00,Lille,Brest,3,1,H,1.67,3.71,5.67
D1_2024-12-06_stuttgart_union-berlin,D1,2024-12-06,19:30,2024-12-06 19:30:00+00:00,Stuttgart,Union Berlin,3,2,H,1.9,3.49,4.32
I1_2024-12-06_atalanta_milan,I1,2024-12-06,19:45,2024-12-06 19:45:00+00:00,Atalanta,Milan,2,1,H,2.15,3.47,3.46
F1_2024-12-06_auxerre_paris-sg,F1,2024-12-06,20:00,2024-12-06 20:00:00+00:00,Auxerre,Paris SG,0,0,D,9.61,5.97,1.29
SP1_2024-12-06_celta_mallorca,SP1,2024-12-06,20:00,2024-12-06 20:00:00+00:00,Celta,Mallorca,2,0,H,1.9,3.29,4.73
SP1_2024-12-07_las-palmas_valladolid,SP1,2024-12-07,13:00,2024-12-07 13:00:00+00:00,Las Palmas,Valladolid,2,1,H,1.65,3.77,5.8
I1_2024-12-07_genoa_torino,I1,2024-12-07,14:00,2024-12-07 14:00:00+00:00,Genoa,Torino,0,0,D,2.5,2.97,3.23
D1_2024-12-07_bayern-munich_heidenheim,D1,2024-12-07,14:30,2024-12-07 14:30:00+00:00,Bayern Munich,Heidenheim,4,2,H,1.12,10.41,20.98
D1_2024-12-07_bochum_werder-bremen,D1,2024-12-07,14:30,2024-12-07 14:30:00+00:00,Bochum,Werder Bremen,0,1,A,3.55,3.71,2.03
D1_2024-12-07_ein-frankfurt_augsburg,D1,2024-12-07,14:30,2024-12-07 14:30:00+00:00,Ein Frankfurt,Augsburg,2,2,D,1.55,4.31,6.06
D1_2024-12-07_holstein-kiel_rb-leipzig,D1,2024-12-07,14:30,2024-12-07 14:30:00+00:00,Holstein Kiel,RB Leipzig,0,2,A,6.37,4.75,1.48
D1_2024-12-07_leverkusen_st-pauli,D1,2024-12-07,14:30,2024-12-07 14:30:00+00:00,Leverkusen,St Pauli,2,1,H,1.28,5.88,10.57
E0_2024-12-07_aston-villa_southampton,E0,2024-12-07,15:00,2024-12-07 15:00:00+00:00,Aston Villa,Southampton,1,0,H,1.32,5.67,9.15
E0_2024-12-07_brentford_newcastle,E0,2024-12-07,15:00,2024-12-07 15:00:00+00:00,Brentford,Newcastle,4,2,H,2.95,3.68,2.33
E0_2024-12-07_crystal-palace_man-city,E0,2024-12-07,15:00,2024-12-07 15:00:00+00:00,Crystal Palace,Man City,2,2,D,4.67,4.0,1.74
SP1_2024-12-07_betis_barcelona,SP1,2024-12-07,15:15,2024-12-07 15:15:00+00:00,Betis,Barcelona,2,2,D,5.63,4.78,1.52
F1_2024-12-07_monaco_toulouse,F1,2024-12-07,16:00,2024-12-07 16:00:00+00:00,Monaco,Toulouse,2,0,H,1.87,3.76,4.1
I1_2024-12-07_juventus_bologna,I1,2024-12-07,17:00,2024-12-07 17:00:00+00:00,Juventus,Bologna,2,2,D,1.8,3.33,5.31
D1_2024-12-07_m-gladbach_dortmund,D1,2024-12-07,17:30,2024-12-07 17:30:00+00:00,M'gladbach,Dortmund,1,1,D,3.37,3.84,2.04
E0_2024-12-07_man-united_nott-m-forest,E0,2024-12-07,17:30,2024-12-07 17:30:00+00:00,Man United,Nott'm Forest,2,3,A,1.68,3.93,5.09
SP1_2024-12-07_valencia_vallecano,SP1,2024-12-07,17:30,2024-12-07 17:30:00+00:00,Valencia,Vallecano,0,1,A,2.23,3.02,3.82
F1_2024-12-07_nice_le-havre,F1,2024-12-07,18:00,2024-12-07 18:00:00+00:00,Nice,Le Havre,2,1,H,1.6,3.95,6.03
I1_2024-12-07_roma_lecce,I1,2024-12-07,19:45,2024-12-07 19:45:00+00:00,Roma,Lecce,4,1,H,1.52,4.06,6.99
F1_2024-12-07_angers_lyon,F1,2024-12-07,20:00,2024-12-07 20:00:00+00:00,Angers,Lyon,0,3,A,5.13,4.21,1.63
SP1_2024-12-07_girona_real-madrid,SP1,2024-12-07,20:00,2024-12-07 20:00:00+00:00,Girona,Real Madrid,0,3,A,4.27,3.97,1.79
I1_2024-12-08_fiorentina_cagliari,I1,2024-12-08,11:30,2024-12-08 11:30:00+00:00,Fiorentina,Cagliari,1,0,H,1.55,4.19,6.04
SP1_2024-12-08_leganes_sociedad,SP1,2024-12-08,13:00,2024-12-08 13:00:00+00:00,Leganes,Sociedad,0,3,A,5.72,3.12,1.83
E0_2024-12-08_fulham_arsenal,E0,2024-12-08,14:00,2024-12-08 14:00:00+00:00,Fulham,Arsenal,1,1,D,5.34,4.24,1.62
E0_2024-12-08_ipswich_bournemouth,E0,2024-12-08,14:00,2024-12-08 14:00:00+00:00,Ipswich,Bournemouth,1,2,A,3.81,3.83,1.93
E0_2024-12-08_leicester_brighton,E0,2024-12-08,14:00,2024-12-08 14:00:00+00:00,Leicester,Brighton,2,2,D,4.92,4.22,1.67
F1_2024-12-08_lens_montpellier,F1,2024-12-08,14:00,2024-12-08 14:00:00+00:00,Lens,Montpellier,2,0,H,1.4,4.85,7.99
I1_2024-12-08_verona_empoli,I1,2024-12-08,14:00,2024-12-08 14:00:00+00:00,Verona,Empoli,1,4,A,2.71,2.8,3.13
D1_2024-12-08_wolfsburg_mainz,D1,2024-12-08,14:30,2024-12-08 14:30:00+00:00,Wolfsburg,Mainz,4,3,H,2.12,3.4,3.6
SP1_2024-12-08_ath-bilbao_villarreal,SP1,2024-12-08,15:15,2024-12-08 15:15:00+00:00,Ath Bilbao,Villarreal,2,0,H,1.86,3.57,4.44
F1_2024-12-08_nantes_rennes,F1,2024-12-08,16:00,2024-12-08 16:00:00+00:00,Nantes,Rennes,1,0,H,3.3,3.07,2.4
F1_2024-12-08_strasbourg_reims,F1,2024-12-08,16:00,2024-12-08 16:00:00+00:00,Strasbourg,Reims,0,0,D,2.49,3.4,2.86
D1_2024-12-08_hoffenheim_freiburg,D1,2024-12-08,16:30,2024-12-08 16:30:00+00:00,Hoffenheim,Freiburg,1,1,D,2.5,3.28,2.94
E0_2024-12-08_tottenham_chelsea,E0,2024-12-08,16:30,2024-12-08 16:30:00+00:00,Tottenham,Chelsea,3,4,A,2.9,3.98,2.24
I1_2024-12-08_venezia_como,I1,2024-12-08,17:00,2024-12-08 17:00:00+00:00,Venezia,Como,2,2,D,2.81,3.16,2.68
SP1_2024-12-08_osasuna_alaves,SP1,2024-12-08,17:30,2024-12-08 17:30:00+00:00,Osasuna,Alaves,2,2,D,2.26,3.06,3.66
F1_2024-12-08_st-etienne_marseille,F1,2024-12-08,19:45,2024-12-08 19:45:00+00:00,St Etienne,Marseille,0,2,A,5.82,4.22,1.57
I1_2024-12-08_napoli_lazio,I1,2024-12-08,19:45,2024-12-08 19:45:00+00:00,Napoli,Lazio,0,1,A,1.82,3.52,4.62
SP1_2024-12-08_ath-madrid_sevilla,SP1,2024-12-08,20:00,2024-12-08 20:00:00+00:00,Ath Madrid,Sevilla,4,3,H,1.38,4.77,8.99
I1_2024-12-09_monza_udinese,I1,2024-12-09,19:45,2024-12-09 19:45:00+00:00,Monza,Udinese,1,2,A,2.72,2.93,2.94
E0_2024-12-09_west-ham_wolves,E0,2024-12-09,20:00,2024-12-09 20:00:00+00:00,West Ham,Wolves,2,1,H,1.82,3.88,4.24
SP1_2024-12-09_getafe_espanol,SP1,2024-12-09,20:00,2024-12-09 20:00:00+00:00,Getafe,Espanol,1,0,H,1.81,3.07,5.95
D1_2024-12-13_freiburg_wolfsburg,D1,2024-12-13,19:30,2024-12-13 19:30:00+00:00,Freiburg,Wolfsburg,3,2,H,2.28,3.42,3.14
F1_2024-12-13_toulouse_st-etienne,F1,2024-12-13,19:45,2024-12-13 19:45:00+00:00,Toulouse,St Etienne,2,1,H,1.41,4.65,7.85
I1_2024-12-13_empoli_torino,I1,2024-12-13,19:45,2024-12-13 19:45:00+00:00,Empoli,Torino,0,1,A,2.61,2.81,3.22
SP1_2024-12-13_valladolid_valencia,SP1,2024-12-13,20:00,2024-12-13 20:00:00+00:00,Valladolid,Valencia,1,0,H,3.24,3.06,2.4
SP1_2024-12-14_espanol_osasuna,SP1,2024-12-14,13:00,2024-12-14 13:00:00+00:00,Espanol,Osasuna,0,0,D,2.76,3.14,2.72
I1_2024-12-14_cagliari_atalanta,I1,2024-12-14,14:00,2024-12-14 14:00:00+00:00,Cagliari,Atalanta,0,1,A,5.62,4.2,1.58
D1_2024-12-14_augsburg_leverkusen,D1,2024-12-14,14:30,2024-12-14 14:30:00+00:00,Augsburg,Leverkusen,0,2,A,6.0,4.0,1.58
D1_2024-12-14_m-gladbach_holstein-kiel,D1,2024-12-14,14:30,2024-12-14 14:30:00+00:00,M'gladbach,Holstein Kiel,4,1,H,1.42,4.99,6.87
D1_2024-12-14_mainz_bayern-munich,D1,2024-12-14,14:30,2024-12-14 14:30:00+00:00,Mainz,Bayern Munich,2,1,H,6.15,4.43,1.51
D1_2024-12-14_union-berlin_bochum,D1,2024-12-14,14:30,2024-12-14 14:30:00+00:00,Union Berlin,Bochum,0,2,A,1.64,3.92,5.43
E0_2024-12-14_arsenal_everton,E0,2024-12-14,15:00,2024-12-14 15:00:00+00:00,Arsenal,Everton,0,0,D,1.23,6.39,12.72
E0_2024-12-14_liverpool_fulham,E0,2024-12-14,15:00,2024-12-14 15:00:00+00:00,Liverpool,Fulham,2,2,D,1.29,6.13,9.58
E0_2024-12-14_newcastle_leicester,E0,2024-12-14,15:00,2024-12-14 15:00:00+00:00,Newcastle,Leicester,4,0,H,1.29,6.18,9.42
E0_2024-12-14_wolves_ipswich,E0,2024-12-14,15:00,2024-12-14 15:00:00+00:00,Wolves,Ipswich,1,2,A,1.98,3.64,3.77
SP1_2024-12-14_mallorca_girona,SP1,2024-12-14,15:15,2024-12-14 15:15:00+00:00,Mallorca,Girona,2,1,H,2.71,2.99,2.9
F1_2024-12-14_marseille_lille,F1,2024-12-14,16:00,2024-12-14 16:00:00+00:00,Marseille,Lille,1,1,D,2.09,3.43,3.56
I1_2024-12-14_udinese_napoli,I1,2024-12-14,17:00,2024-12-14 17:00:00+00:00,Udinese,Napoli,1,3,A,5.37,3.54,1.72
D1_2024-12-14_st-pauli_werder-bremen,D1,2024-12-14,17:30,2024-12-14 17:30:00+00:00,St Pauli,Werder Bremen,0,2,A,2.85,3.28,2.55
E0_2024-12-14_nott-m-forest_aston-villa,E0,2024-12-14,17:30,2024-12-14 17:30:00+00:00,Nott'm Forest,Aston Villa,2,1,H,2.71,3.19,2.76
SP1_2024-12-14_sevilla_celta,SP1,2024-12-14,17:30,2024-12-14 17:30:00+00:00,Sevilla,Celta,1,0,H,2.59,3.13,2.91
F1_2024-12-14_auxerre_lens,F1,2024-12-14,18:00,2024-12-14 18:00:00+00:00,Auxerre,Lens,2,2,D,4.47,3.71,1.79
I1_2024-12-14_juventus_venezia,I1,2024-12-14,19:45,2024-12-14 19:45:00+00:00,Juventus,Venezia,2,2,D,1.38,4.69,9.08
F1_2024-12-14_reims_monaco,F1,2024-12-14,20:00,2024-12-14 20:00:00+00:00,Reims,Monaco,0,0,D,3.3,3.44,2.19
SP1_2024-12-14_vallecano_real-madrid,SP1,2024-12-14,20:00,2024-12-14 20:00:00+00:00,Vallecano,Real Madrid,3,3,D,6.27,4.2,1.53
I1_2024-12-15_lecce_monza,I1,2024-12-15,11:30,2024-12-15 11:30:00+00:00,Lecce,Monza,2,1,H,2.69,3.01,2.89
SP1_2024-12-15_ath-madrid_getafe,SP1,2024-12-15,13:00,2024-12-15 13:00:00+00:00,Ath Madrid,Getafe,1,0,H,1.32,4.94,11.21
E0_2024-12-15_brighton_crystal-palace,E0,2024-12-15,14:00,2024-12-15 14:00:00+00:00,Brighton,Crystal Palace,1,3,A,1.9,3.69,4.05
F1_2024-12-15_montpellier_nice,F1,2024-12-15,14:00,2024-12-15 14:00:00+00:00,Montpellier,Nice,2,2,D,2.9,3.69,2.3
I1_2024-12-15_bologna_fiorentina,I1,2024-12-15,14:00,2024-12-15 14:00:00+00:00,Bologna,Fiorentina,1,0,H,2.73,3.04,2.82
I1_2024-12-15_parma_verona,I1,2024-12-15,14:00,2024-12-15 14:00:00+00:00,Parma,Verona,2,3,A,2.06,3.39,3.72
D1_2024-12-15_heidenheim_stuttgart,D1,2024-12-15,14:30,2024-12-15 14:30:00+00:00,Heidenheim,Stuttgart,1,3,A,4.45,3.99,1.74
SP1_2024-12-15_alaves_ath-bilbao,SP1,2024-12-15,15:15,2024-12-15 15:15:00+00:00,Alaves,Ath Bilbao,1,1,D,4.0,3.06,2.12
F1_2024-12-15_brest_nantes,F1,2024-12-15,16:00,2024-12-15 16:00:00+00:00,Brest,Nantes,4,1,H,2.27,3.11,3.48
F1_2024-12-15_le-havre_strasbourg,F1,2024-12-15,16:00,2024-12-15 16:00:00+00:00,Le Havre,Strasbourg,0,3,A,3.36,3.17,2.28
F1_2024-12-15_rennes_angers,F1,2024-12-15,16:00,2024-12-15 16:00:00+00:00,Rennes,Angers,2,0,H,1.62,3.86,5.8
D1_2024-12-15_dortmund_hoffenheim,D1,2024-12-15,16:30,2024-12-15 16:30:00+00:00,Dortmund,Hoffenheim,1,1,D,1.36,5.42,8.0
E0_2024-12-15_man-city_man-united,E0,2024-12-15,16:30,2024-12-15 16:30:00+00:00,Man City,Man United,1,2,A,1.54,4.79,5.5
I1_2024-12-15_como_roma,I1,2024-12-15,17:00,2024-12-15 17:00:00+00:00,Como,Roma,2,0,H,3.77,3.3,2.09
SP1_2024-12-15_sociedad_las-palmas,SP1,2024-12-15,17:30,2024-12-15 17:30:00+00:00,Sociedad,Las Palmas,0,0,D,1.34,4.89,10.63
SP1_2024-12-15_villarreal_betis,SP1,2024-12-15,17:30,2024-12-15 17:30:00+00:00,Villarreal,Betis,1,2,A,1.94,3.72,3.79
D1_2024-12-15_rb-leipzig_ein-frankfurt,D1,2024-12-15,18:30,2024-12-15 18:30:00+00:00,RB Leipzig,Ein Frankfurt,2,1,H,2.26,3.74,2.97
E0_2024-12-15_chelsea_brentford,E0,2024-12-15,19:00,2024-12-15 19:00:00+00:00,Chelsea,Brentford,2,1,H,1.35,5.84,7.68
E0_2024-12-15_southampton_tottenham,E0,2024-12-15,19:00,2024-12-15 19:00:00+00:00,Southampton,Tottenham,0,5,A,3.98,4.42,1.77
F1_2024-12-15_paris-sg_lyon,F1,2024-12-15,19:45,2024-12-15 19:45:00+00:00,Paris SG,Lyon,3,1,H,1.37,5.51,7.11
I1_2024-12-15_milan_genoa,I1,2024-12-15,19:45,2024-12-15 19:45:00+00:00,Milan,Genoa,0,0,D,1.52,4.16,6.6
SP1_2024-12-15_barcelona_leganes,SP1,2024-12-15,20:00,2024-12-15 20:00:00+00:00,Barcelona,Leganes,0,1,A,1.12,9.78,20.58
I1_2024-12-16_lazio_inter,I1,2024-12-16,19:45,2024-12-16 19:45:00+00:00,Lazio,Inter,0,6,A,3.5,3.29,2.18
E0_2024-12-16_bournemouth_west-ham,E0,2024-12-16,20:00,2024-12-16 20:00:00+00:00,Bournemouth,West Ham,1,1,D,1.74,4.18,4.41
F1_2024-12-18_monaco_paris-sg,F1,2024-12-18,20:00,2024-12-18 20:00:00+00:00,Monaco,Paris SG,2,4,A,4.24,3.95,1.78
SP1_2024-12-18_espanol_valencia,SP1,2024-12-18,20:30,2024-12-18 20:30:00+00:00,Espanol,Valencia,1,1,D,2.56,2.92,3.18
SP1_2024-12-18_villarreal_vallecano,SP1,2024-12-18,20:30,2024-12-18 20:30:00+00:00,Villarreal,Vallecano,1,1,D,1.78,3.78,4.57
D1_2024-12-20_bayern-munich_rb-leipzig,D1,2024-12-20,19:30,2024-12-20 19:30:00+00:00,Bayern Munich,RB Leipzig,5,1,H,1.21,7.21,11.88
I1_2024-12-20_verona_milan,I1,2024-12-20,19:45,2024-12-20 19:45:00+00:00,Verona,Milan,0,1,A,5.59,4.01,1.61
SP1_2024-12-20_girona_valladolid,SP1,2024-12-20,20:00,2024-12-20 20:00:00+00:00,Girona,Valladolid,3,0,H,1.35,4.96,9.11
E0_2024-12-21_aston-villa_man-city,E0,2024-12-21,12:30,2024-12-21 12:30:00+00:00,Aston Villa,Man City,2,1,H,3.2,3.63,2.19
SP1_2024-12-21_getafe_mallorca,SP1,2024-12-21,13:00,2024-12-21 13:00:00+00:00,Getafe,Mallorca,0,1,A,2.41,2.59,4.01
I1_2024-12-21_torino_bologna,I1,2024-12-21,14:00,2024-12-21 14:00:00+00:00,Torino,Bologna,0,2,A,3.51,2.85,2.42
D1_2024-12-21_ein-frankfurt_mainz,D1,2024-12-21,14:30,2024-12-21 14:30:00+00:00,Ein Frankfurt,Mainz,1,3,A,2.07,3.62,3.49
D1_2024-12-21_hoffenheim_m-gladbach,D1,2024-12-21,14:30,2024-12-21 14:30:00+00:00,Hoffenheim,M'gladbach,1,2,A,2.28,3.63,2.99
D1_2024-12-21_holstein-kiel_augsburg,D1,2024-12-21,14:30,2024-12-21 14:30:00+00:00,Holstein Kiel,Augsburg,5,1,H,3.43,3.4,2.16
D1_2024-12-21_stuttgart_st-pauli,D1,2024-12-21,14:30,2024-12-21 14:30:00+00:00,Stuttgart,St Pauli,0,1,A,1.47,4.61,6.54
D1_2024-12-21_werder-bremen_union-berlin,D1,2024-12-21,14:30,2024-12-21 14:30:00+00:00,Werder Bremen,Union Berlin,4,1,H,2.26,3.26,3.35
E0_2024-12-21_brentford_nott-m-forest,E0,2024-12-21,15:00,2024-12-21 15:00:00+00:00,Brentford,Nott'm Forest,0,2,A,2.49,3.58,2.75
E0_2024-12-21_ipswich_newcastle,E0,2024-12-21,15:00,2024-12-21 15:00:00+00:00,Ipswich,Newcastle,0,4,A,4.69,4.04,1.72
E0_2024-12-21_west-ham_brighton,E0,2024-12-21,15:00,2024-12-21 15:00:00+00:00,West Ham,Brighton,1,1,D,2.77,3.63,2.46
SP1_2024-12-21_celta_sociedad,SP1,2024-12-21,15:15,2024-12-21 15:15:00+00:00,Celta,Sociedad,2,0,H,2.84,2.97,2.79
I1_2024-12-21_genoa_napoli,I1,2024-12-21,17:00,2024-12-21 17:00:00+00:00,Genoa,Napoli,1,2,A,5.6,3.52,1.7
D1_2024-12-21_leverkusen_freiburg,D1,2024-12-21,17:30,2024-12-21 17:30:00+00:00,Leverkusen,Freiburg,5,1,H,1.39,4.95,7.74
E0_2024-12-21_crystal-palace_arsenal,E0,2024-12-21,17:30,2024-12-21 17:30:00+00:00,Crystal Palace,Arsenal,1,5,A,7.14,4.42,1.48
SP1_2024-12-21_osasuna_ath-bilbao,SP1,2024-12-21,17:30,2024-12-21 17:30:00+00:00,Osasuna,Ath Bilbao,1,2,A,4.23,3.12,2.03
I1_2024-12-21_lecce_lazio,I1,2024-12-21,19:45,2024-12-21 19:45:00+00:00,Lecce,Lazio,1,2,A,5.79,3.98,1.6
SP1_2024-12-21_barcelona_ath-madrid,SP1,2024-12-21,20:00,2024-12-21 20:00:00+00:00,Barcelona,Ath Madrid,1,2,A,2.0,3.71,3.59
I1_2024-12-22_roma_parma,I1,2024-12-22,11:30,2024-12-22 11:30:00+00:00,Roma,Parma,5,0,H,1.39,4.9,7.83
SP1_2024-12-22_valencia_alaves,SP1,2024-12-22,13:00,2024-12-22 13:00:00+00:00,Valencia,Alaves,2,2,D,2.12,3.12,3.89
E0_2024-12-22_everton_chelsea,E0,2024-12-22,14:00,2024-12-22 14:00:00+00:00,Everton,Chelsea,0,0,D,4.84,4.12,1.68
E0_2024-12-22_fulham_southampton,E0,2024-12-22,14:00,2024-12-22 14:00:00+00:00,Fulham,Southampton,0,0,D,1.62,4.18,5.45
E0_2024-12-22_leicester_wolves,E0,2024-12-22,14:00,2024-12-22 14:00:00+00:00,Leicester,Wolves,0,3,A,2.92,3.43,2.44
E0_2024-12-22_man-united_bournemouth,E0,2024-12-22,14:00,2024-12-22 14:00:00+00:00,Man United,Bournemouth,0,3,A,1.86,3.75,4.2
I1_2024-12-22_venezia_cagliari,I1,2024-12-22,14:00,2024-12-22 14:00:00+00:00,Venezia,Cagliari,2,1,H,2.57,3.18,2.89
D1_2024-12-22_bochum_heidenheim,D1,2024-12-22,14:30,2024-12-22 14:30:00+00:00,Bochum,Heidenheim,2,0,H,2.1,3.49,3.5
SP1_2024-12-22_real-madrid_sevilla,SP1,2024-12-22,15:15,2024-12-22 15:15:00+00:00,Real Madrid,Sevilla,4,2,H,1.25,6.41,10.64
D1_2024-12-22_wolfsburg_dortmund,D1,2024-12-22,16:30,2024-12-22 16:30:00+00:00,Wolfsburg,Dortmund,1,3,A,3.18,3.72,2.15
E0_2024-12-22_tottenham_liverpool,E0,2024-12-22,16:30,2024-12-22 16:30:00+00:00,Tottenham,Liverpool,3,6,A,4.69,4.57,1.64
I1_2024-12-22_atalanta_empoli,I1,2024-12-22,17:00,2024-12-22 17:00:00+00:00,Atalanta,Empoli,3,2,H,1.27,5.83,10.48
SP1_2024-12-22_las-palmas_espanol,SP1,2024-12-22,17:30,2024-12-22 17:30:00+00:00,Las Palmas,Espanol,1,0,H,2.08,3.23,3.87
SP1_2024-12-22_leganes_villarreal,SP1,2024-12-22,17:30,2024-12-22 17:30:00+00:00,Leganes,Villarreal,2,5,A,4.21,3.51,1.9
I1_2024-12-22_monza_juventus,I1,2024-12-22,19:45,2024-12-22 19:45:00+00:00,Monza,Juventus,1,2,A,6.73,3.72,1.58
SP1_2024-12-22_betis_vallecano,SP1,2024-12-22,20:00,2024-12-22 20:00:00+00:00,Betis,Vallecano,1,1,D,1.72,3.7,5.09
I1_2024-12-23_fiorentina_udinese,I1,2024-12-23,17:30,2024-12-23 17:30:00+00:00,Fiorentina,Udinese,1,2,A,1.61,3.98,5.67
I1_2024-12-23_inter_como,I1,2024-12-23,19:45,2024-12-23 19:45:00+00:00,Inter,Como,2,0,H,1.34,5.19,9.08
E0_2024-12-26_man-city_everton,E0,2024-12-26,12:30,2024-12-26 12:30:00+00:00,Man City,Everton,1,1,D,1.34,5.41,8.72
E0_2024-12-26_bournemouth_crystal-palace,E0,2024-12-26,15:00,2024-12-26 15:00:00+00:00,Bournemouth,Crystal Palace,0,0,D,2.08,3.64,3.47
E0_2024-12-26_chelsea_fulham,E0,2024-12-26,15:00,2024-12-26 15:00:00+00:00,Chelsea,Fulham,1,2,A,1.46,4.92,6.28
E0_2024-12-26_newcastle_aston-villa,E0,2024-12-26,15:00,2024-12-26 15:00:00+00:00,Newcastle,Aston Villa,3,0,H,1.94,3.79,3.8
E0_2024-12-26_nott-m-forest_tottenham,E0,2024-12-26,15:00,2024-12-26 15:00:00+00:00,Nott'm Forest,Tottenham,1,0,H,2.16,3.91,3.07
E0_2024-12-26_southampton_west-ham,E0,2024-12-26,15:00,2024-12-26 15:00:00+00:00,Southampton,West Ham,0,1,A,3.08,3.52,2.29
E0_2024-12-26_wolves_man-united,E0,2024-12-26,17:30,2024-12-26 17:30:00+00:00,Wolves,Man United,2,0,H,4.35,3.81,1.82
E0_2024-12-26_liverpool_leicester,E0,2024-12-26,20:00,2024-12-26 20:00:00+00:00,Liverpool,Leicester,3,1,H,1.08,12.79,27.21
E0_2024-12-27_brighton_brentford,E0,2024-12-27,19:30,2024-12-27 19:30:00+00:00,Brighton,Brentford,0,0,D,1.62,4.5,4.89
E0_2024-12-27_arsenal_ipswich,E0,2024-12-27,20:15,2024-12-27 20:15:00+00:00,Arsenal,Ipswich,1,0,H,1.14,8.78,18.59
I1_2024-12-28_empoli_genoa,I1,2024-12-28,14:00,2024-12-28 14:00:00+00:00,Empoli,Genoa,1,2,A,2.56,2.82,3.26
I1_2024-12-28_parma_monza,I1,2024-12-28,14:00,2024-12-28 14:00:00+00:00,Parma,Monza,2,1,H,2.59,3.25,2.82
I1_2024-12-28_cagliari_inter,I1,2024-12-28,17:00,2024-12-28 17:00:00+00:00,Cagliari,Inter,0,3,A,7.87,4.84,1.39
I1_2024-12-28_lazio_atalanta,I1,2024-12-28,19:45,2024-12-28 19:45:00+00:00,Lazio,Atalanta,1,1,D,3.16,3.19,2.38
I1_2024-12-29_udinese_torino,I1,2024-12-29,11:30,2024-12-29 11:30:00+00:00,Udinese,Torino,2,2,D,2.29,2.96,3.61
I1_2024-12-29_napoli_venezia,I1,2024-12-29,14:00,2024-12-29 14:00:00+00:00,Napoli,Venezia,1,0,H,1.27,5.68,11.36
E0_2024-12-29_leicester_man-city,E0,2024-12-29,14:30,2024-12-29 14:30:00+00:00,Leicester,Man City,0,2,A,9.62,6.36,1.27
E0_2024-12-29_crystal-palace_southampton,E0,2024-12-29,15:00,2024-12-29 15:00:00+00:00,Crystal Palace,Southampton,2,1,H,1.53,4.34,6.2
E0_2024-12-29_everton_nott-m-forest,E0,2024-12-29,15:00,2024-12-29 15:00:00+00:00,Everton,Nott'm Forest,0,2,A,2.69,3.08,2.89
E0_2024-12-29_fulham_bournemouth,E0,2024-12-29,15:00,2024-12-29 15:00:00+00:00,Fulham,Bournemouth,2,2,D,2.3,3.43,3.18
E0_2024-12-29_tottenham_wolves,E0,2024-12-29,15:00,2024-12-29 15:00:00+00:00,Tottenham,Wolves,2,2,D,1.66,4.53,4.58
I1_2024-12-29_juventus_fiorentina,I1,2024-12-29,17:00,2024-12-29 17:00:00+00:00,Juventus,Fiorentina,2,2,D,1.9,3.31,4.51
E0_2024-12-29_west-ham_liverpool,E0,2024-12-29,17:15,2024-12-29 17:15:00+00:00,West Ham,Liverpool,0,5,A,7.44,5.35,1.38
I1_2024-12-29_milan_roma,I1,2024-12-29,19:45,2024-12-29 19:45:00+00:00,Milan,Roma,1,1,D,2.35,3.15,3.25
I1_2024-12-30_como_lecce,I1,2024-12-30,17:30,2024-12-30 17:30:00+00:00,Como,Lecce,2,0,H,1.66,3.72,5.6
E0_2024-12-30_aston-villa_brighton,E0,2024-12-30,19:45,2024-12-30 19:45:00+00:00,Aston Villa,Brighton,2,2,D,1.89,3.73,4.06
E0_2024-12-30_ipswich_chelsea,E0,2024-12-30,19:45,2024-12-30 19:45:00+00:00,Ipswich,Chelsea,2,0,H,7.45,5.18,1.39
I1_2024-12-30_bologna_verona,I1,2024-12-30,19:45,2024-12-30 19:45:00+00:00,Bologna,Verona,2,3,A,1.52,4.06,6.78
E0_2024-12-30_man-united_newcastle,E0,2024-12-30,20:00,2024-12-30 20:00:00+00:00,Man United,Newcastle,0,2,A,2.74,3.53,2.52
E0_2025-01-01_brentford_arsenal,E0,2025-01-01,17:30,2025-01-01 17:30:00+00:00,Brentford,Arsenal,1,3,A,5.87,4.46,1.54
F1_2025-01-03_nice_rennes,F1,2025-01-03,20:00,2025-01-03 20:00:00+00:00,Nice,Rennes,3,2,H,2.36,3.21,3.15
SP1_2025-01-03_valencia_real-madrid,SP1,2025-01-03,20:00,2025-01-03 20:00:00+00:00,Valencia,Real Madrid,1,2,A,7.34,4.8,1.42
E0_2025-01-04_tottenham_newcastle,E0,2025-01-04,12:30,2025-01-04 12:30:00+00:00,Tottenham,Newcastle,1,2,A,3.81,4.5,1.79
I1_2025-01-04_venezia_empoli,I1,2025-01-04,14:00,2025-01-04 14:00:00+00:00,Venezia,Empoli,1,1,D,2.61,3.01,2.97
E0_2025-01-04_aston-villa_leicester,E0,2025-01-04,15:00,2025-01-04 15:00:00+00:00,Aston Villa,Leicester,2,1,H,1.33,5.63,8.49
E0_2025-01-04_bournemouth_everton,E0,2025-01-04,15:00,2025-01-04 15:00:00+00:00,Bournemouth,Everton,1,0,H,1.69,3.86,5.1
E0_2025-01-04_crystal-palace_chelsea,E0,2025-01-04,15:00,2025-01-04 15:00:00+00:00,Crystal Palace,Chelsea,1,1,D,3.58,3.84,1.98
E0_2025-01-04_man-city_west-ham,E0,2025-01-04,15:00,2025-01-04 15:00:00+00:00,Man City,West Ham,4,1,H,1.24,6.97,10.25
E0_2025-01-04_southampton_brentford,E0,2025-01-04,15:00,2025-01-04 15:00:00+00:00,Southampton,Brentford,0,5,A,3.33,3.58,2.15
F1_2025-01-04_st-etienne_reims,F1,2025-01-04,16:00,2025-01-04 16:00:00+00:00,St Etienne,Reims,3,1,H,3.48,3.44,2.11
I1_2025-01-04_fiorentina_napoli,I1,2025-01-04,17:00,2025-01-04 17:00:00+00:00,Fiorentina,Napoli,0,3,A,3.44,3.04,2.32
E0_2025-01-04_brighton_arsenal,E0,2025-01-04,17:30,2025-01-04 17:30:00+00:00,Brighton,Arsenal,1,1,D,4.74,3.59,1.81
F1_2025-01-04_lille_nantes,F1,2025-01-04,18:00,2025-01-04 18:00:00+00:00,Lille,Nantes,1,1,D,1.51,4.19,6.59
I1_2025-01-04_verona_udinese,I1,2025-01-04,19:45,2025-01-04 19:45:00+00:00,Verona,Udinese,0,0,D,3.15,2.96,2.52
F1_2025-01-04_lyon_montpellier,F1,2025-01-04,20:00,2025-01-04 20:00:00+00:00,Lyon,Montpellier,1,0,H,1.35,5.53,7.78
I1_2025-01-05_monza_cagliari,I1,2025-01-05,11:30,2025-01-05 11:30:00+00:00,Monza,Cagliari,1,2,A,2.42,3.13,3.15
E0_2025-01-05_fulham_ipswich,E0,2025-01-05,14:00,2025-01-05 14:00:00+00:00,Fulham,Ipswich,2,2,D,1.56,4.16,6.02
F1_2025-01-05_angers_brest,F1,2025-01-05,14:00,2025-01-05 14:00:00+00:00,Angers,Brest,2,0,H,3.35,3.17,2.28
F1_2025-01-05_lens_toulouse,F1,2025-01-05,14:00,2025-01-05 14:00:00+00:00,Lens,Toulouse,0,1,A,2.0,3.44,3.81
F1_2025-01-05_strasbourg_auxerre,F1,2025-01-05,14:00,2025-01-05 14:00:00+00:00,Strasbourg,Auxerre,3,1,H,1.81,3.83,4.16
I1_2025-01-05_lecce_genoa,I1,2025-01-05,14:00,2025-01-05 14:00:00+00:00,Lecce,Genoa,0,0,D,2.92,2.93,2.71
E0_2025-01-05_liverpool_man-united,E0,2025-01-05,16:30,2025-01-05 16:30:00+00:00,Liverpool,Man United,2,2,D,1.36,5.42,7.9
I1_2025-01-05_torino_parma,I1,2025-01-05,17:00,2025-01-05 17:00:00+00:00,Torino,Parma,0,0,D,1.76,3.57,4.94
F1_2025-01-05_marseille_le-havre,F1,2025-01-05,19:45,2025-01-05 19:45:00+00:00,Marseille,Le Havre,5,1,H,1.3,5.33,10.41
I1_2025-01-05_roma_lazio,I1,2025-01-05,19:45,2025-01-05 19:45:00+00:00,Roma,Lazio,2,0,H,2.53,3.03,3.08
E0_2025-01-06_wolves_nott-m-forest,E0,2025-01-06,20:00,2025-01-06 20:00:00+00:00,Wolves,Nott'm Forest,0,3,A,3.86,3.46,2.01
F1_2025-01-10_nantes_monaco,F1,2025-01-10,18:00,2025-01-10 18:00:00+00:00,Nantes,Monaco,2,2,D,3.87,3.33,2.04
D1_2025-01-10_dortmund_leverkusen,D1,2025-01-10,19:30,2025-01-10 19:30:00+00:00,Dortmund,Leverkusen,2,3,A,3.65,3.76,1.97
I1_2025-01-10_lazio_como,I1,2025-01-10,19:45,2025-01-10 19:45:00+00:00,Lazio,Como,1,1,D,2.01,3.43,3.86
SP1_2025-01-10_vallecano_celta,SP1,2025-01-10,20:00,2025-01-10 20:00:00+00:00,Vallecano,Celta,2,1,H,2.85,3.14,2.64
F1_2025-01-10_auxerre_lille,F1,2025-01-10,20:05,2025-01-10 20:05:00+00:00,Auxerre,Lille,0,0,D,4.86,3.65,1.75
SP1_2025-01-11_alaves_girona,SP1,2025-01-11,13:00,2025-01-11 13:00:00+00:00,Alaves,Girona,0,1,A,3.19,3.08,2.44
I1_2025-01-11_empoli_lecce,I1,2025-01-11,14:00,2025-01-11 14:00:00+00:00,Empoli,Lecce,1,3,A,2.05,3.11,4.2
I1_2025-01-11_udinese_atalanta,I1,2025-01-11,14:00,2025-01-11 14:00:00+00:00,Udinese,Atalanta,0,0,D,5.77,3.83,1.62
D1_2025-01-11_freiburg_holstein-kiel,D1,2025-01-11,14:30,2025-01-11 14:30:00+00:00,Freiburg,Holstein Kiel,3,2,H,1.44,4.87,6.6
D1_2025-01-11_heidenheim_union-berlin,D1,2025-01-11,14:30,2025-01-11 14:30:00+00:00,Heidenheim,Union Berlin,2,0,H,3.16,3.33,2.31
D1_2025-01-11_hoffenheim_wolfsburg,D1,2025-01-11,14:30,2025-01-11 14:30:00+00:00,Hoffenheim,Wolfsburg,0,1,A,2.33,3.44,3.02
D1_2025-01-11_mainz_bochum,D1,2025-01-11,14:30,2025-01-11 14:30:00+00:00,Mainz,Bochum,2,0,H,1.66,3.95,5.18
D1_2025-01-11_st-pauli_ein-frankfurt,D1,2025-01-11,14:30,2025-01-11 14:30:00+00:00,St Pauli,Ein Frankfurt,0,1,A,3.46,3.42,2.15
SP1_2025-01-11_valladolid_betis,SP1,2025-01-11,15:15,2025-01-11 15:15:00+00:00,Valladolid,Betis,1,0,H,4.94,3.57,1.76
F1_2025-01-11_brest_lyon,F1,2025-01-11,16:00,2025-01-11 16:00:00+00:00,Brest,Lyon,2,1,H,3.46,3.51,2.1
I1_2025-01-11_torino_juventus,I1,2025-01-11,17:00,2025-01-11 17:00:00+00:00,Torino,Juventus,1,1,D,4.41,2.97,2.05
D1_2025-01-11_m-gladbach_bayern-munich,D1,2025-01-11,17:30,2025-01-11 17:30:00+00:00,M'gladbach,Bayern Munich,0,1,A,8.08,5.65,1.34
SP1_2025-01-11_espanol_leganes,SP1,2025-01-11,17:30,2025-01-11 17:30:00+00:00,Espanol,Leganes,1,1,D,2.16,2.94,4.1
F1_2025-01-11_reims_nice,F1,2025-01-11,18:00,2025-01-11 18:00:00+00:00,Reims,Nice,2,4,A,2.85,3.27,2.53
I1_2025-01-11_milan_cagliari,I1,2025-01-11,19:45,2025-01-11 19:45:00+00:00,Milan,Cagliari,1,1,D,1.33,5.35,9.05
SP1_2025-01-11_sevilla_valencia,SP1,2025-01-11,20:00,2025-01-11 20:00:00+00:00,Sevilla,Valencia,1,1,D,2.1,3.2,3.86
F1_2025-01-11_rennes_marseille,F1,2025-01-11,20:05,2025-01-11 20:05:00+00:00,Rennes,Marseille,1,2,A,3.24,3.24,2.31
I1_2025-01-12_genoa_parma,I1,2025-01-12,11:30,2025-01-12 11:30:00+00:00,Genoa,Parma,1,0,H,1.98,3.32,4.05
SP1_2025-01-12_las-palmas_getafe,SP1,2025-01-12,13:00,2025-01-12 13:00:00+00:00,Las Palmas,Getafe,1,2,A,2.5,2.76,3.49
F1_2025-01-12_le-havre_lens,F1,2025-01-12,14:00,2025-01-12 14:00:00+00:00,Le Havre,Lens,1,2,A,6.21,3.99,1.56
I1_2025-01-12_venezia_inter,I1,2025-01-12,14:00,2025-01-12 14:00:00+00:00,Venezia,Inter,0,1,A,9.58,5.15,1.33
D1_2025-01-12_rb-leipzig_werder-bremen,D1,2025-01-12,14:30,2025-01-12 14:30:00+00:00,RB Leipzig,Werder Bremen,4,2,H,1.88,3.84,3.88
SP1_2025-01-12_ath-madrid_osasuna,SP1,2025-01-12,15:15,2025-01-12 15:15:00+00:00,Ath Madrid,Osasuna,1,0,H,1.31,5.14,10.93
F1_2025-01-12_montpellier_angers,F1,2025-01-12,16:15,2025-01-12 16:15:00+00:00,Montpellier,Angers,1,3,A,2.08,3.37,3.63
F1_2025-01-12_toulouse_strasbourg,F1,2025-01-12,16:15,2025-01-12 16:15:00+00:00,Toulouse,Strasbourg,1,2,A,1.96,3.5,3.91
D1_2025-01-12_augsburg_stuttgart,D1,2025-01-12,16:30,2025-01-12 16:30:00+00:00,Augsburg,Stuttgart,0,1,A,3.95,3.65,1.92
I1_2025-01-12_bologna_roma,I1,2025-01-12,17:00,2025-01-12 17:00:00+00:00,Bologna,Roma,2,2,D,2.69,3.12,2.8
F1_2025-01-12_paris-sg_st-etienne,F1,2025-01-12,19:45,2025-01-12 19:45:00+00:00,Paris SG,St Etienne,2,1,H,1.1,10.63,20.31
I1_2025-01-12_napoli_verona,I1,2025-01-12,19:45,2025-01-12 19:45:00+00:00,Napoli,Verona,2,0,H,1.32,5.04,10.34
I1_2025-01-13_monza_fiorentina,I1,2025-01-13,19:45,2025-01-13 19:45:00+00:00,Monza,Fiorentina,2,1,H,4.37,3.4,1.9
SP1_2025-01-13_sociedad_villarreal,SP1,2025-01-13,20:00,2025-01-13 20:00:00+00:00,Sociedad,Villarreal,1,0,H,2.0,3.38,3.99
D1_2025-01-14_holstein-kiel_dortmund,D1,2025-01-14,17:30,2025-01-14 17:30:00+00:00,Holstein Kiel,Dortmund,4,2,H,6.48,4.79,1.46
I1_2025-01-14_como_milan,I1,2025-01-14,17:30,2025-01-14 17:30:00+00:00,Como,Milan,1,2,A,4.44,3.57,1.84
D1_2025-01-14_ein-frankfurt_freiburg,D1,2025-01-14,19:30,2025-01-14 19:30:00+00:00,Ein Frankfurt,Freiburg,4,1,H,1.7,4.15,4.59
D1_2025-01-14_leverkusen_mainz,D1,2025-01-14,19:30,2025-01-14 19:30:00+00:00,Leverkusen,Mainz,1,0,H,1.36,5.13,8.66
D1_2025-01-14_wolfsburg_m-gladbach,D1,2025-01-14,19:30,2025-01-14 19:30:00+00:00,Wolfsburg,M'gladbach,5,1,H,1.9,3.75,3.93
E0_2025-01-14_brentford_man-city,E0,2025-01-14,19:30,2025-01-14 19:30:00+00:00,Brentford,Man City,2,2,D,5.16,4.47,1.6
E0_2025-01-14_chelsea_bournemouth,E0,2025-01-14,19:30,2025-01-14 19:30:00+00:00,Chelsea,Bournemouth,2,2,D,1.52,4.75,5.54
E0_2025-01-14_west-ham_fulham,E0,2025-01-14,19:30,2025-01-14 19:30:00+00:00,West Ham,Fulham,3,2,H,3.07,3.3,2.42
I1_2025-01-14_atalanta_juventus,I1,2025-01-14,19:45,2025-01-14 19:45:00+00:00,Atalanta,Juventus,1,1,D,2.14,3.13,3.78
E0_2025-01-14_nott-m-forest_liverpool,E0,2025-01-14,20:00,2025-01-14 20:00:00+00:00,Nott'm Forest,Liverpool,1,1,D,5.37,4.2,1.61
D1_2025-01-15_bochum_st-pauli,D1,2025-01-15,17:30,2025-01-15 17:30:00+00:00,Bochum,St Pauli,1,0,H,2.56,3.21,2.89
D1_2025-01-15_bayern-munich_hoffenheim,D1,2025-01-15,19:30,2025-01-15 19:30:00+00:00,Bayern Munich,Hoffenheim,5,0,H,1.11,10.48,20.64
D1_2025-01-15_stuttgart_rb-leipzig,D1,2025-01-15,19:30,2025-01-15 19:30:00+00:00,Stuttgart,RB Leipzig,2,1,H,1.99,3.8,3.52
D1_2025-01-15_union-berlin_augsburg,D1,2025-01-15,19:30,2025-01-15 19:30:00+00:00,Union Berlin,Augsburg,0,2,A,2.14,3.28,3.62
D1_2025-01-15_werder-bremen_heidenheim,D1,2025-01-15,19:30,2025-01-15 19:30:00+00:00,Werder Bremen,Heidenheim,3,3,D,1.74,3.99,4.44
E0_2025-01-15_everton_aston-villa,E0,2025-01-15,19:30,2025-01-15 19:30:00+00:00,Everton,Aston Villa,0,1,A,3.48,3.11,2.29
E0_2025-01-15_leicester_crystal-palace,E0,2025-01-15,19:30,2025-01-15 19:30:00+00:00,Leicester,Crystal Palace,0,2,A,3.93,3.61,1.95
E0_2025-01-15_newcastle_wolves,E0,2025-01-15,19:30,2025-01-15 19:30:00+00:00,Newcastle,Wolves,3,0,H,1.37,5.26,7.88
I1_2025-01-15_inter_bologna,I1,2025-01-15,19:45,2025-01-15 19:45:00+00:00,Inter,Bologna,2,2,D,1.52,4.13,6.57
E0_2025-01-15_arsenal_tottenham,E0,2025-01-15,20:00,2025-01-15 20:00:00+00:00,Arsenal,Tottenham,2,1,H,1.38,5.31,7.55
E0_2025-01-16_ipswich_brighton,E0,2025-01-16,19:30,2025-01-16 19:30:00+00:00,Ipswich,Brighton,0,2,A,3.81,3.66,1.97
E0_2025-01-16_man-united_southampton,E0,2025-01-16,20:00,2025-01-16 20:00:00+00:00,Man United,Southampton,3,1,H,1.28,5.94,10.77
F1_2025-01-17_montpellier_monaco,F1,2025-01-17,18:00,2025-01-17 18:00:00+00:00,Montpellier,Monaco,2,1,H,5.09,4.3,1.6
D1_2025-01-17_ein-frankfurt_dortmund,D1,2025-01-17,19:30,2025-01-17 19:30:00+00:00,Ein Frankfurt,Dortmund,2,0,H,2.76,3.53,2.49
I1_2025-01-17_roma_genoa,I1,2025-01-17,19:45,2025-01-17 19:45:00+00:00,Roma,Genoa,3,1,H,1.47,4.23,7.41
SP1_2025-01-17_espanol_valladolid,SP1,2025-01-17,20:00,2025-01-17 20:00:00+00:00,Espanol,Valladolid,2,1,H,1.81,3.32,5.17
F1_2025-01-17_lille_nice,F1,2025-01-17,20:05,2025-01-17 20:05:00+00:00,Lille,Nice,2,1,H,1.98,3.42,3.96
E0_2025-01-18_newcastle_bournemouth,E0,2025-01-18,12:30,2025-01-18 12:30:00+00:00,Newcastle,Bournemouth,1,4,A,1.64,4.23,5.05
SP1_2025-01-18_girona_sevilla,SP1,2025-01-18,13:00,2025-01-18 13:00:00+00:00,Girona,Sevilla,1,2,A,1.92,3.42,4.26
I1_2025-01-18_bologna_monza,I1,2025-01-18,14:00,2025-01-18 14:00:00+00:00,Bologna,Monza,3,1,H,1.58,3.78,6.44
D1_2025-01-18_bayern-munich_wolfsburg,D1,2025-01-18,14:30,2025-01-18 14:30:00+00:00,Bayern Munich,Wolfsburg,3,2,H,1.15,8.58,17.86
D1_2025-01-18_bochum_rb-leipzig,D1,2025-01-18,14:30,2025-01-18 14:30:00+00:00,Bochum,RB Leipzig,3,3,D,3.33,3.51,2.16
D1_2025-01-18_heidenheim_st-pauli,D1,2025-01-18,14:30,2025-01-18 14:30:00+00:00,Heidenheim,St Pauli,0,2,A,2.39,3.4,2.99
D1_2025-01-18_holstein-kiel_hoffenheim,D1,2025-01-18,14:30,2025-01-18 14:30:00+00:00,Holstein Kiel,Hoffenheim,1,3,A,2.87,3.45,2.44
D1_2025-01-18_stuttgart_freiburg,D1,2025-01-18,14:30,2025-01-18 14:30:00+00:00,Stuttgart,Freiburg,4,0,H,1.58,4.33,5.4
E0_2025-01-18_brentford_liverpool,E0,2025-01-18,15:00,2025-01-18 15:00:00+00:00,Brentford,Liverpool,0,2,A,6.04,4.97,1.48
E0_2025-01-18_leicester_fulham,E0,2025-01-18,15:00,2025-01-18 15:00:00+00:00,Leicester,Fulham,0,2,A,4.5,3.74,1.8
E0_2025-01-18_west-ham_crystal-palace,E0,2025-01-18,15:00,2025-01-18 15:00:00+00:00,West Ham,Crystal Palace,0,2,A,2.78,3.26,2.64
SP1_2025-01-18_leganes_ath-madrid,SP1,2025-01-18,15:15,2025-01-18 15:15:00+00:00,Leganes,Ath Madrid,1,0,H,7.07,3.99,1.53
F1_2025-01-18_lens_paris-sg,F1,2025-01-18,16:00,2025-01-18 16:00:00+00:00,Lens,Paris SG,1,2,A,3.87,3.87,1.87
I1_2025-01-18_juventus_milan,I1,2025-01-18,17:00,2025-01-18 17:00:00+00:00,Juventus,Milan,2,0,H,2.37,3.11,3.27
D1_2025-01-18_leverkusen_m-gladbach,D1,2025-01-18,17:30,2025-01-18 17:30:00+00:00,Leverkusen,M'gladbach,3,1,H,1.26,6.25,10.59
E0_2025-01-18_arsenal_aston-villa,E0,2025-01-18,17:30,2025-01-18 17:30:00+00:00,Arsenal,Aston Villa,2,2,D,1.57,4.14,6.06
SP1_2025-01-18_betis_alaves,SP1,2025-01-18,17:30,2025-01-18 17:30:00+00:00,Betis,Alaves,1,3,A,1.84,3.49,4.6
F1_2025-01-18_rennes_brest,F1,2025-01-18,18:00,2025-01-18 18:00:00+00:00,Rennes,Brest,1,2,A,2.0,3.22,4.14
I1_2025-01-18_atalanta_napoli,I1,2025-01-18,19:45,2025-01-18 19:45:00+00:00,Atalanta,Napoli,2,3,A,2.3,3.16,3.34
SP1_2025-01-18_getafe_barcelona,SP1,2025-01-18,20:00,2025-01-18 20:00:00+00:00,Getafe,Barcelona,1,1,D,6.93,4.42,1.47
F1_2025-01-18_lyon_toulouse,F1,2025-01-18,20:05,2025-01-18 20:05:00+00:00,Lyon,Toulouse,0,0,D,1.8,3.86,4.22
I1_2025-01-19_fiorentina_torino,I1,2025-01-19,11:30,2025-01-19 11:30:00+00:00,Fiorentina,Torino,1,1,D,1.77,3.48,5.04
SP1_2025-01-19_celta_ath-bilbao,SP1,2025-01-19,13:00,2025-01-19 13:00:00+00:00,Celta,Ath Bilbao,1,2,A,3.34,3.21,2.28
E0_2025-01-19_everton_tottenham,E0,2025-01-19,14:00,2025-01-19 14:00:00+00:00,Everton,Tottenham,3,2,H,2.57,3.39,2.79
E0_2025-01-19_man-united_brighton,E0,2025-01-19,14:00,2025-01-19 14:00:00+00:00,Man United,Brighton,1,3,A,2.31,3.4,3.18
E0_2025-01-19_nott-m-forest_southampton,E0,2025-01-19,14:00,2025-01-19 14:00:00+00:00,Nott'm Forest,Southampton,3,2,H,1.4,4.88,8.13
F1_2025-01-19_st-etienne_nantes,F1,2025-01-19,14:00,2025-01-19 14:00:00+00:00,St Etienne,Nantes,1,1,D,2.98,3.22,2.46
I1_2025-01-19_cagliari_lecce,I1,2025-01-19,14:00,2025-01-19 14:00:00+00:00,Cagliari,Lecce,4,1,H,1.96,3.34,4.17
I1_2025-01-19_parma_venezia,I1,2025-01-19,14:00,2025-01-19 14:00:00+00:00,Parma,Venezia,1,1,D,2.18,3.43,3.37
D1_2025-01-19_union-berlin_mainz,D1,2025-01-19,14:30,2025-01-19 14:30:00+00:00,Union Berlin,Mainz,2,1,H,2.78,3.17,2.68
SP1_2025-01-19_real-madrid_las-palmas,SP1,2025-01-19,15:15,2025-01-19 15:15:00+00:00,Real Madrid,Las Palmas,4,1,H,1.16,7.96,16.91
F1_2025-01-19_angers_auxerre,F1,2025-01-19,16:15,2025-01-19 16:15:00+00:00,Angers,Auxerre,2,0,H,2.29,3.24,3.26
F1_2025-01-19_reims_le-havre,F1,2025-01-19,16:15,2025-01-19 16:15:00+00:00,Reims,Le Havre,1,1,D,1.66,3.8,5.41
D1_2025-01-19_werder-bremen_augsburg,D1,2025-01-19,16:30,2025-01-19 16:30:00+00:00,Werder Bremen,Augsburg,0,2,A,1.92,3.72,3.91
E0_2025-01-19_ipswich_man-city,E0,2025-01-19,16:30,2025-01-19 16:30:00+00:00,Ipswich,Man City,0,6,A,7.72,5.21,1.39
I1_2025-01-19_verona_lazio,I1,2025-01-19,17:00,2025-01-19 17:00:00+00:00,Verona,Lazio,0,3,A,4.87,3.63,1.77
SP1_2025-01-19_osasuna_vallecano,SP1,2025-01-19,17:30,2025-01-19 17:30:00+00:00,Osasuna,Vallecano,1,1,D,2.3,3.09,3.45
F1_2025-01-19_marseille_strasbourg,F1,2025-01-19,19:45,2025-01-19 19:45:00+00:00,Marseille,Strasbourg,1,1,D,1.59,4.32,5.3
I1_2025-01-19_inter_empoli,I1,2025-01-19,19:45,2025-01-19 19:45:00+00:00,Inter,Empoli,3,1,H,1.31,5.23,10.28
SP1_2025-01-19_valencia_sociedad,SP1,2025-01-19,20:00,2025-01-19 20:00:00+00:00,Valencia,Sociedad,1,0,H,3.14,2.84,2.64
I1_2025-01-20_como_udinese,I1,2025-01-20,19:45,2025-01-20 19:45:00+00:00,Como,Udinese,4,1,H,2.14,3.29,3.6
E0_2025-01-20_chelsea_wolves,E0,2025-01-20,20:00,2025-01-20 20:00:00+00:00,Chelsea,Wolves,3,1,H,1.43,5.16,6.64
SP1_2025-01-20_villarreal_mallorca,SP1,2025-01-20,20:00,2025-01-20 20:00:00+00:00,Villarreal,Mallorca,4,0,H,1.67,3.76,5.49
D1_2025-01-24_wolfsburg_holstein-kiel,D1,2025-01-24,19:30,2025-01-24 19:30:00+00:00,Wolfsburg,Holstein Kiel,2,2,D,1.46,4.87,6.34
F1_2025-01-24_auxerre_st-etienne,F1,2025-01-24,19:45,2025-01-24 19:45:00+00:00,Auxerre,St Etienne,1,1,D,1.95,3.5,3.93
I1_2025-01-24_torino_cagliari,I1,2025-01-24,19:45,2025-01-24 19:45:00+00:00,Torino,Cagliari,2,0,H,2.26,3.05,3.58
SP1_2025-01-24_las-palmas_osasuna,SP1,2025-01-24,20:00,2025-01-24 20:00:00+00:00,Las Palmas,Osasuna,1,1,D,2.48,3.18,3.04
SP1_2025-01-25_mallorca_betis,SP1,2025-01-25,13:00,2025-01-25 13:00:00+00:00,Mallorca,Betis,0,1,A,2.2,2.95,3.96
I1_2025-01-25_como_atalanta,I1,2025-01-25,14:00,2025-01-25 14:00:00+00:00,Como,Atalanta,1,2,A,4.1,3.56,1.91
D1_2025-01-25_augsburg_heidenheim,D1,2025-01-25,14:30,2025-01-25 14:30:00+00:00,Augsburg,Heidenheim,2,1,H,1.97,3.53,3.89
D1_2025-01-25_dortmund_werder-bremen,D1,2025-01-25,14:30,2025-01-25 14:30:00+00:00,Dortmund,Werder Bremen,2,2,D,1.5,4.71,5.86
D1_2025-01-25_freiburg_bayern-munich,D1,2025-01-25,14:30,2025-01-25 14:30:00+00:00,Freiburg,Bayern Munich,1,2,A,11.67,6.69,1.23
D1_2025-01-25_mainz_stuttgart,D1,2025-01-25,14:30,2025-01-25 14:30:00+00:00,Mainz,Stuttgart,2,0,H,3.24,3.45,2.23
D1_2025-01-25_rb-leipzig_leverkusen,D1,2025-01-25,14:30,2025-01-25 14:30:00+00:00,RB Leipzig,Leverkusen,2,2,D,3.56,3.53,2.07
E0_2025-01-25_bournemouth_nott-m-forest,E0,2025-01-25,15:00,2025-01-25 15:00:00+00:00,Bournemouth,Nott'm Forest,5,0,H,1.99,3.64,3.77
E0_2025-01-25_brighton_everton,E0,2025-01-25,15:00,2025-01-25 15:00:00+00:00,Brighton,Everton,0,1,A,1.7,3.74,5.37
E0_2025-01-25_liverpool_ipswich,E0,2025-01-25,15:00,2025-01-25 15:00:00+00:00,Liverpool,Ipswich,4,1,H,1.11,11.32,21.57
E0_2025-01-25_southampton_newcastle,E0,2025-01-25,15:00,2025-01-25 15:00:00+00:00,Southampton,Newcastle,1,3,A,6.48,4.91,1.46
E0_2025-01-25_wolves_arsenal,E0,2025-01-25,15:00,2025-01-25 15:00:00+00:00,Wolves,Arsenal,0,1,A,5.87,4.07,1.6
SP1_2025-01-25_ath-madrid_villarreal,SP1,2025-01-25,15:15,2025-01-25 15:15:00+00:00,Ath Madrid,Villarreal,1,1,D,1.96,3.56,3.95
F1_2025-01-25_monaco_rennes,F1,2025-01-25,16:00,2025-01-25 16:00:00+00:00,Monaco,Rennes,3,2,H,1.69,3.87,5.02
I1_2025-01-25_napoli_juventus,I1,2025-01-25,17:00,2025-01-25 17:00:00+00:00,Napoli,Juventus,2,1,H,2.54,2.89,3.27
D1_2025-01-25_m-gladbach_bochum,D1,2025-01-25,17:30,2025-01-25 17:30:00+00:00,M'gladbach,Bochum,3,0,H,1.74,3.97,4.49
E0_2025-01-25_man-city_chelsea,E0,2025-01-25,17:30,2025-01-25 17:30:00+00:00,Man City,Chelsea,3,1,H,2.34,3.8,2.84
SP1_2025-01-25_sevilla_espanol,SP1,2025-01-25,17:30,2025-01-25 17:30:00+00:00,Sevilla,Espanol,1,1,D,1.77,3.55,5.02
F1_2025-01-25_strasbourg_lille,F1,2025-01-25,18:00,2025-01-25 18:00:00+00:00,Strasbourg,Lille,2,1,H,3.02,3.22,2.44
I1_2025-01-25_empoli_bologna,I1,2025-01-25,19:45,2025-01-25 19:45:00+00:00,Empoli,Bologna,1,1,D,3.99,3.17,2.06
SP1_2025-01-25_valladolid_real-madrid,SP1,2025-01-25,20:00,2025-01-25 20:00:00+00:00,Valladolid,Real Madrid,0,3,A,12.8,6.6,1.22
F1_2025-01-25_paris-sg_reims,F1,2025-01-25,20:05,2025-01-25 20:05:00+00:00,Paris SG,Reims,1,1,D,1.19,7.97,12.17
I1_2025-01-26_milan_parma,I1,2025-01-26,11:30,2025-01-26 11:30:00+00:00,Milan,Parma,3,2,H,1.27,6.23,9.74
SP1_2025-01-26_vallecano_girona,SP1,2025-01-26,13:00,2025-01-26 13:00:00+00:00,Vallecano,Girona,2,1,H,2.56,3.03,3.07
E0_2025-01-26_crystal-palace_brentford,E0,2025-01-26,14:00,2025-01-26 14:00:00+00:00,Crystal Palace,Brentford,1,2,A,1.97,3.76,3.7
E0_2025-01-26_tottenham_leicester,E0,2025-01-26,14:00,2025-01-26 14:00:00+00:00,Tottenham,Leicester,1,2,A,1.51,4.92,5.58
F1_2025-01-26_le-havre_brest,F1,2025-01-26,14:00,2025-01-26 14:00:00+00:00,Le Havre,Brest,0,1,A,3.34,3.22,2.27
I1_2025-01-26_udinese_roma,I1,2025-01-26,14:00,2025-01-26 14:00:00+00:00,Udinese,Roma,1,2,A,3.05,3.24,2.43
D1_2025-01-26_hoffenheim_ein-frankfurt,D1,2025-01-26,14:30,2025-01-26 14:30:00+00:00,Hoffenheim,Ein Frankfurt,2,2,D,3.28,3.79,2.08
SP1_2025-01-26_sociedad_getafe,SP1,2025-01-26,15:15,2025-01-26 15:15:00+00:00,Sociedad,Getafe,0,3,A,1.92,2.95,5.34
F1_2025-01-26_lens_angers,F1,2025-01-26,16:15,2025-01-26 16:15:00+00:00,Lens,Angers,1,0,H,1.49,4.33,6.81
F1_2025-01-26_nantes_lyon,F1,2025-01-26,16:15,2025-01-26 16:15:00+00:00,Nantes,Lyon,1,1,D,4.1,3.68,1.87
F1_2025-01-26_toulouse_montpellier,F1,2025-01-26,16:15,2025-01-26 16:15:00+00:00,Toulouse,Montpellier,1,2,A,1.68,3.92,5.02
D1_2025-01-26_st-pauli_union-berlin,D1,2025-01-26,16:30,2025-01-26 16:30:00+00:00,St Pauli,Union Berlin,3,0,H,2.38,3.15,3.24
E0_2025-01-26_aston-villa_west-ham,E0,2025-01-26,16:30,2025-01-26 16:30:00+00:00,Aston Villa,West Ham,1,1,D,1.47,4.75,6.52
I1_2025-01-26_lecce_inter,I1,2025-01-26,17:00,2025-01-26 17:00:00+00:00,Lecce,Inter,0,4,A,9.67,4.99,1.34
SP1_2025-01-26_ath-bilbao_leganes,SP1,2025-01-26,17:30,2025-01-26 17:30:00+00:00,Ath Bilbao,Leganes,0,0,D,1.37,4.63,9.97
E0_2025-01-26_fulham_man-united,E0,2025-01-26,19:00,2025-01-26 19:00:00+00:00,Fulham,Man United,0,1,A,2.39,3.44,2.99
F1_2025-01-26_nice_marseille,F1,2025-01-26,19:45,2025-01-26 19:45:00+00:00,Nice,Marseille,2,0,H,2.67,3.38,2.64
I1_2025-01-26_lazio_fiorentina,I1,2025-01-26,19:45,2025-01-26 19:45:00+00:00,Lazio,Fiorentina,1,2,A,2.11,3.34,3.62
SP1_2025-01-26_barcelona_valencia,SP1,2025-01-26,20:00,2025-01-26 20:00:00+00:00,Barcelona,Valencia,7,1,H,1.23,6.62,11.9
I1_2025-01-27_venezia_verona,I1,2025-01-27,17:30,2025-01-27 17:30:00+00:00,Venezia,Verona,1,1,D,2.27,3.33,3.23
I1_2025-01-27_genoa_monza,I1,2025-01-27,19:45,2025-01-27 19:45:00+00:00,Genoa,Monza,2,0,H,2.29,3.01,3.54
SP1_2025-01-27_alaves_celta,SP1,2025-01-27,20:00,2025-01-27 20:00:00+00:00,Alaves,Celta,1,1,D,2.33,3.08,3.37
D1_2025-01-31_werder-bremen_mainz,D1,2025-01-31,19:30,2025-01-31 19:30:00+00:00,Werder Bremen,Mainz,1,0,H,2.36,3.39,3.05
F1_2025-01-31_montpellier_lens,F1,2025-01-31,19:45,2025-01-31 19:45:00+00:00,Montpellier,Lens,0,2,A,4.22,3.68,1.84
I1_2025-01-31_parma_lecce,I1,2025-01-31,19:45,2025-01-31 19:45:00+00:00,Parma,Lecce,1,3,A,2.42,3.21,3.1
SP1_2025-01-31_leganes_vallecano,SP1,2025-01-31,20:00,2025-01-31 20:00:00+00:00,Leganes,Vallecano,0,1,A,3.31,2.98,2.43
E0_2025-02-01_nott-m-forest_brighton,E0,2025-02-01,12:30,2025-02-01 12:30:00+00:00,Nott'm Forest,Brighton,7,0,H,2.63,3.39,2.72
SP1_2025-02-01_getafe_sevilla,SP1,2025-02-01,13:00,2025-02-01 13:00:00+00:00,Getafe,Sevilla,0,0,D,2.71,2.84,3.06
I1_2025-02-01_monza_verona,I1,2025-02-01,14:00,2025-02-01 14:00:00+00:00,Monza,Verona,0,1,A,2.45,3.0,3.25
I1_2025-02-01_udinese_venezia,I1,2025-02-01,14:00,2025-02-01 14:00:00+00:00,Udinese,Venezia,3,2,H,1.78,3.54,4.9
D1_2025-02-01_bayern-munich_holstein-kiel,D1,2025-02-01,14:30,2025-02-01 14:30:00+00:00,Bayern Munich,Holstein Kiel,4,3,H,1.04,18.08,43.76
D1_2025-02-01_bochum_freiburg,D1,2025-02-01,14:30,2025-02-01 14:30:00+00:00,Bochum,Freiburg,0,1,A,2.78,3.3,2.59
D1_2025-02-01_heidenheim_dortmund,D1,2025-02-01,14:30,2025-02-01 14:30:00+00:00,Heidenheim,Dortmund,1,2,A,4.66,4.07,1.7
D1_2025-02-01_st-pauli_augsburg,D1,2025-02-01,14:30,2025-02-01 14:30:00+00:00,St Pauli,Augsburg,1,1,D,2.13,3.26,3.7
D1_2025-02-01_stuttgart_m-gladbach,D1,2025-02-01,14:30,2025-02-01 14:30:00+00:00,Stuttgart,M'gladbach,1,2,A,1.66,4.27,4.76
E0_2025-02-01_bournemouth_liverpool,E0,2025-02-01,15:00,2025-02-01 15:00:00+00:00,Bournemouth,Liverpool,0,2,A,4.51,4.22,1.71
E0_2025-02-01_everton_leicester,E0,2025-02-01,15:00,2025-02-01 15:00:00+00:00,Everton,Leicester,4,0,H,1.95,3.35,4.33
E0_2025-02-01_ipswich_southampton,E0,2025-02-01,15:00,2025-02-01 15:00:00+00:00,Ipswich,Southampton,1,2,A,1.92,3.64,4.01
E0_2025-02-01_newcastle_fulham,E0,2025-02-01,15:00,2025-02-01 15:00:00+00:00,Newcastle,Fulham,1,2,A,1.73,3.88,4.83
SP1_2025-02-01_villarreal_valladolid,SP1,2025-02-01,15:15,2025-02-01 15:15:00+00:00,Villarreal,Valladolid,5,1,H,1.2,7.15,13.53
F1_2025-02-01_brest_paris-sg,F1,2025-02-01,16:00,2025-02-01 16:00:00+00:00,Brest,Paris SG,2,5,A,8.44,5.53,1.33
I1_2025-02-01_atalanta_torino,I1,2025-02-01,17:00,2025-02-01 17:00:00+00:00,Atalanta,Torino,1,1,D,1.55,4.05,6.32
D1_2025-02-01_union-berlin_rb-leipzig,D1,2025-02-01,17:30,2025-02-01 17:30:00+00:00,Union Berlin,RB Leipzig,0,0,D,3.05,3.43,2.34
E0_2025-02-01_wolves_aston-villa,E0,2025-02-01,17:30,2025-02-01 17:30:00+00:00,Wolves,Aston Villa,2,0,H,3.17,3.43,2.3
SP1_2025-02-01_ath-madrid_mallorca,SP1,2025-02-01,17:30,2025-02-01 17:30:00+00:00,Ath Madrid,Mallorca,2,0,H,1.49,4.11,7.45
F1_2025-02-01_monaco_auxerre,F1,2025-02-01,18:00,2025-02-01 18:00:00+00:00,Monaco,Auxerre,4,2,H,1.4,5.16,7.21
I1_2025-02-01_bologna_como,I1,2025-02-01,19:45,2025-02-01 19:45:00+00:00,Bologna,Como,2,0,H,1.96,3.36,4.14
SP1_2025-02-01_espanol_real-madrid,SP1,2025-02-01,20:00,2025-02-01 20:00:00+00:00,Espanol,Real Madrid,1,0,H,9.59,5.66,1.3
F1_2025-02-01_lille_st-etienne,F1,2025-02-01,20:05,2025-02-01 20:05:00+00:00,Lille,St Etienne,4,1,H,1.49,4.33,6.75
I1_2025-02-02_juventus_empoli,I1,2025-02-02,11:30,2025-02-02 11:30:00+00:00,Juventus,Empoli,4,1,H,1.41,4.65,7.94
SP1_2025-02-02_barcelona_alaves,SP1,2025-02-02,13:00,2025-02-02 13:00:00+00:00,Barcelona,Alaves,1,0,H,1.16,8.47,15.71
E0_2025-02-02_brentford_tottenham,E0,2025-02-02,14:00,2025-02-02 14:00:00+00:00,Brentford,Tottenham,0,2,A,2.0,4.12,3.34
E0_2025-02-02_man-united_crystal-palace,E0,2025-02-02,14:00,2025-02-02 14:00:00+00:00,Man United,Crystal Palace,0,2,A,1.79,3.63,4.74
F1_2025-02-02_toulouse_nice,F1,2025-02-02,14:00,2025-02-02 14:00:00+00:00,Toulouse,Nice,1,1,D,2.99,3.28,2.43
I1_2025-02-02_fiorentina_genoa,I1,2025-02-02,14:00,2025-02-02 14:00:00+00:00,Fiorentina,Genoa,2,1,H,1.87,3.48,4.36
D1_2025-02-02_ein-frankfurt_wolfsburg,D1,2025-02-02,14:30,2025-02-02 14:30:00+00:00,Ein Frankfurt,Wolfsburg,1,1,D,2.06,3.58,3.55
SP1_2025-02-02_valencia_celta,SP1,2025-02-02,15:15,2025-02-02 15:15:00+00:00,Valencia,Celta,2,1,H,2.26,3.08,3.55
F1_2025-02-02_angers_le-havre,F1,2025-02-02,16:15,2025-02-02 16:15:00+00:00,Angers,Le Havre,1,1,D,1.83,3.44,4.68
F1_2025-02-02_reims_nantes,F1,2025-02-02,16:15,2025-02-02 16:15:00+00:00,Reims,Nantes,1,2,A,2.23,3.2,3.44
F1_2025-02-02_rennes_strasbourg,F1,2025-02-02,16:15,2025-02-02 16:15:00+00:00,Rennes,Strasbourg,1,0,H,1.98,3.4,3.98
D1_2025-02-02_leverkusen_hoffenheim,D1,2025-02-02,16:30,2025-02-02 16:30:00+00:00,Leverkusen,Hoffenheim,3,1,H,1.14,9.33,16.32
E0_2025-02-02_arsenal_man-city,E0,2025-02-02,16:30,2025-02-02 16:30:00+00:00,Arsenal,Man City,5,1,H,1.91,3.93,3.81
I1_2025-02-02_milan_inter,I1,2025-02-02,17:00,2025-02-02 17:00:00+00:00,Milan,Inter,1,1,D,4.24,3.52,1.89
SP1_2025-02-02_osasuna_sociedad,SP1,2025-02-02,17:30,2025-02-02 17:30:00+00:00,Osasuna,Sociedad,2,1,H,3.15,3.02,2.51
F1_2025-02-02_marseille_lyon,F1,2025-02-02,19:45,2025-02-02 19:45:00+00:00,Marseille,Lyon,3,2,H,2.06,3.64,3.44
I1_2025-02-02_roma_napoli,I1,2025-02-02,19:45,2025-02-02 19:45:00+00:00,Roma,Napoli,1,1,D,3.53,3.22,2.19
SP1_2025-02-02_betis_ath-bilbao,SP1,2025-02-02,20:00,2025-02-02 20:00:00+00:00,Betis,Ath Bilbao,2,2,D,3.17,3.22,2.38
I1_2025-02-03_cagliari_lazio,I1,2025-02-03,19:45,2025-02-03 19:45:00+00:00,Cagliari,Lazio,1,2,A,3.82,3.48,1.99
E0_2025-02-03_chelsea_west-ham,E0,2025-02-03,20:00,2025-02-03 20:00:00+00:00,Chelsea,West Ham,2,1,H,1.29,6.25,9.4
SP1_2025-02-03_girona_las-palmas,SP1,2025-02-03,20:00,2025-02-03 20:00:00+00:00,Girona,Las Palmas,2,1,H,1.49,4.45,6.48
I1_2025-02-06_fiorentina_inter,I1,2025-02-06,17:00,2025-02-06 17:00:00+00:00,Fiorentina,Inter,3,0,H,3.9,3.49,1.99
F1_2025-02-07_nantes_brest,F1,2025-02-07,18:00,2025-02-07 18:00:00+00:00,Nantes,Brest,0,2,A,2.5,3.14,3.04
D1_2025-02-07_bayern-munich_werder-bremen,D1,2025-02-07,19:30,2025-02-07 19:30:00+00:00,Bayern Munich,Werder Bremen,3,0,H,1.1,11.95,20.3
I1_2025-02-07_como_juventus,I1,2025-02-07,19:45,2025-02-07 19:45:00+00:00,Como,Juventus,1,2,A,3.59,3.32,2.15
SP1_2025-02-07_vallecano_valladolid,SP1,2025-02-07,20:00,2025-02-07 20:00:00+00:00,Vallecano,Valladolid,1,0,H,1.41,4.45,8.86
F1_2025-02-07_paris-sg_monaco,F1,2025-02-07,20:05,2025-02-07 20:05:00+00:00,Paris SG,Monaco,4,1,H,1.43,5.41,6.22
SP1_2025-02-08_celta_betis,SP1,2025-02-08,13:00,2025-02-08 13:00:00+00:00,Celta,Betis,3,2,H,2.16,3.32,3.54
I1_2025-02-08_verona_atalanta,I1,2025-02-08,14:00,2025-02-08 14:00:00+00:00,Verona,Atalanta,0,5,A,7.4,4.41,1.46
D1_2025-02-08_dortmund_stuttgart,D1,2025-02-08,14:30,2025-02-08 14:30:00+00:00,Dortmund,Stuttgart,1,2,A,1.96,3.87,3.62
D1_2025-02-08_freiburg_heidenheim,D1,2025-02-08,14:30,2025-02-08 14:30:00+00:00,Freiburg,Heidenheim,1,0,H,1.7,3.81,5.11
D1_2025-02-08_hoffenheim_union-berlin,D1,2025-02-08,14:30,2025-02-08 14:30:00+00:00,Hoffenheim,Union Berlin,0,4,A,2.34,3.5,3.03
D1_2025-02-08_mainz_augsburg,D1,2025-02-08,14:30,2025-02-08 14:30:00+00:00,Mainz,Augsburg,0,0,D,1.81,3.56,4.74
D1_2025-02-08_wolfsburg_leverkusen,D1,2025-02-08,14:30,2025-02-08 14:30:00+00:00,Wolfsburg,Leverkusen,0,0,D,3.62,3.34,2.13
SP1_2025-02-08_ath-bilbao_girona,SP1,2025-02-08,15:15,2025-02-08 15:15:00+00:00,Ath Bilbao,Girona,3,0,H,1.75,3.64,5.03
F1_2025-02-08_nice_lens,F1,2025-02-08,16:00,2025-02-08 16:00:00+00:00,Nice,Lens,2,0,H,2.4,3.43,2.94
I1_2025-02-08_empoli_milan,I1,2025-02-08,17:00,2025-02-08 17:00:00+00:00,Empoli,Milan,0,2,A,5.17,3.88,1.68
D1_2025-02-08_m-gladbach_ein-frankfurt,D1,2025-02-08,17:30,2025-02-08 17:30:00+00:00,M'gladbach,Ein Frankfurt,1,1,D,2.58,3.6,2.63
SP1_2025-02-08_las-palmas_villarreal,SP1,2025-02-08,17:30,2025-02-08 17:30:00+00:00,Las Palmas,Villarreal,1,2,A,5.49,4.11,1.61
F1_2025-02-08_lille_le-havre,F1,2025-02-08,18:00,2025-02-08 18:00:00+00:00,Lille,Le Havre,1,2,A,1.23,6.36,12.7
I1_2025-02-08_torino_genoa,I1,2025-02-08,19:45,2025-02-08 19:45:00+00:00,Torino,Genoa,1,1,D,2.4,2.88,3.54
SP1_2025-02-08_real-madrid_ath-madrid,SP1,2025-02-08,20:00,2025-02-08 20:00:00+00:00,Real Madrid,Ath Madrid,1,1,D,1.98,3.74,3.68
F1_2025-02-08_st-etienne_rennes,F1,2025-02-08,20:05,2025-02-08 20:05:00+00:00,St Etienne,Rennes,0,2,A,3.12,3.48,2.29
I1_2025-02-09_venezia_roma,I1,2025-02-09,11:30,2025-02-09 11:30:00+00:00,Venezia,Roma,0,1,A,4.32,3.58,1.87
SP1_2025-02-09_alaves_getafe,SP1,2025-02-09,13:00,2025-02-09 13:00:00+00:00,Alaves,Getafe,0,1,A,2.33,2.77,3.91
F1_2025-02-09_lyon_reims,F1,2025-02-09,14:00,2025-02-09 14:00:00+00:00,Lyon,Reims,4,0,H,1.52,4.49,6.0
I1_2025-02-09_cagliari_parma,I1,2025-02-09,14:00,2025-02-09 14:00:00+00:00,Cagliari,Parma,2,1,H,1.93,3.58,3.99
I1_2025-02-09_lazio_monza,I1,2025-02-09,14:00,2025-02-09 14:00:00+00:00,Lazio,Monza,5,1,H,1.3,5.52,10.4
D1_2025-02-09_holstein-kiel_bochum,D1,2025-02-09,14:30,2025-02-09 14:30:00+00:00,Holstein Kiel,Bochum,2,2,D,2.3,3.54,3.06
SP1_2025-02-09_valencia_leganes,SP1,2025-02-09,15:15,2025-02-09 15:15:00+00:00,Valencia,Leganes,2,0,H,1.78,3.43,5.23
F1_2025-02-09_auxerre_toulouse,F1,2025-02-09,16:15,2025-02-09 16:15:00+00:00,Auxerre,Toulouse,2,2,D,2.95,3.25,2.5
F1_2025-02-09_strasbourg_montpellier,F1,2025-02-09,16:15,2025-02-09 16:15:00+00:00,Strasbourg,Montpellier,2,0,H,1.68,4.09,4.9
D1_2025-02-09_rb-leipzig_st-pauli,D1,2025-02-09,16:30,2025-02-09 16:30:00+00:00,RB Leipzig,St Pauli,2,0,H,1.67,4.0,5.11
I1_2025-02-09_lecce_bologna,I1,2025-02-09,17:00,2025-02-09 17:00:00+00:00,Lecce,Bologna,0,0,D,4.45,3.22,1.97
SP1_2025-02-09_sociedad_espanol,SP1,2025-02-09,17:30,2025-02-09 17:30:00+00:00,Sociedad,Espanol,2,1,H,1.63,3.69,6.28
F1_2025-02-09_angers_marseille,F1,2025-02-09,19:45,2025-02-09 19:45:00+00:00,Angers,Marseille,0,2,A,5.58,4.14,1.6
I1_2025-02-09_napoli_udinese,I1,2025-02-09,19:45,2025-02-09 19:45:00+00:00,Napoli,Udinese,1,1,D,1.45,4.31,7.92
SP1_2025-02-09_sevilla_barcelona,SP1,2025-02-09,20:00,2025-02-09 20:00:00+00:00,Sevilla,Barcelona,1,4,A,6.43,4.95,1.45
I1_2025-02-10_inter_fiorentina,I1,2025-02-10,19:45,2025-02-10 19:45:00+00:00,Inter,Fiorentina,2,1,H,1.47,4.58,6.74
SP1_2025-02-10_mallorca_osasuna,SP1,2025-02-10,20:00,2025-02-10 20:00:00+00:00,Mallorca,Osasuna,1,1,D,2.29,3.03,3.61
E0_2025-02-12_everton_liverpool,E0,2025-02-12,19:30,2025-02-12 19:30:00+00:00,Everton,Liverpool,2,2,D,7.49,4.55,1.46
D1_2025-02-14_augsburg_rb-leipzig,D1,2025-02-14,19:30,2025-02-14 19:30:00+00:00,Augsburg,RB Leipzig,0,0,D,3.06,3.34,2.39
F1_2025-02-14_brest_auxerre,F1,2025-02-14,19:45,2025-02-14 19:45:00+00:00,Brest,Auxerre,2,2,D,2.19,3.31,3.49
I1_2025-02-14_bologna_torino,I1,2025-02-14,19:45,2025-02-14 19:45:00+00:00,Bologna,Torino,3,2,H,1.76,3.36,5.54
E0_2025-02-14_brighton_chelsea,E0,2025-02-14,20:00,2025-02-14 20:00:00+00:00,Brighton,Chelsea,3,0,H,2.93,3.66,2.36
SP1_2025-02-14_girona_getafe,SP1,2025-02-14,20:00,2025-02-14 20:00:00+00:00,Girona,Getafe,1,2,A,1.94,3.14,4.74
E0_2025-02-15_leicester_arsenal,E0,2025-02-15,12:30,2025-02-15 12:30:00+00:00,Leicester,Arsenal,0,2,A,10.1,5.41,1.32
SP1_2025-02-15_leganes_alaves,SP1,2025-02-15,13:00,2025-02-15 13:00:00+00:00,Leganes,Alaves,3,3,D,3.74,2.94,2.29
I1_2025-02-15_atalanta_cagliari,I1,2025-02-15,14:00,2025-02-15 14:00:00+00:00,Atalanta,Cagliari,0,0,D,1.53,4.33,6.3
D1_2025-02-15_bochum_dortmund,D1,2025-02-15,14:30,2025-02-15 14:30:00+00:00,Bochum,Dortmund,2,0,H,5.51,4.45,1.57
D1_2025-02-15_st-pauli_freiburg,D1,2025-02-15,14:30,2025-02-15 14:30:00+00:00,St Pauli,Freiburg,0,1,A,2.5,3.11,3.12
D1_2025-02-15_stuttgart_wolfsburg,D1,2025-02-15,14:30,2025-02-15 14:30:00+00:00,Stuttgart,Wolfsburg,1,2,A,1.58,4.51,5.32
D1_2025-02-15_union-berlin_m-gladbach,D1,2025-02-15,14:30,2025-02-15 14:30:00+00:00,Union Berlin,M'gladbach,1,2,A,2.15,3.55,3.39
E0_2025-02-15_aston-villa_ipswich,E0,2025-02-15,15:00,2025-02-15 15:00:00+00:00,Aston Villa,Ipswich,1,1,D,1.43,4.94,7.18
E0_2025-02-15_fulham_nott-m-forest,E0,2025-02-15,15:00,2025-02-15 15:00:00+00:00,Fulham,Nott'm Forest,2,1,H,2.16,3.44,3.5
E0_2025-02-15_man-city_newcastle,E0,2025-02-15,15:00,2025-02-15 15:00:00+00:00,Man City,Newcastle,4,0,H,2.07,4.02,3.26
E0_2025-02-15_southampton_bournemouth,E0,2025-02-15,15:00,2025-02-15 15:00:00+00:00,Southampton,Bournemouth,1,3,A,6.02,4.73,1.51
E0_2025-02-15_west-ham_brentford,E0,2025-02-15,15:00,2025-02-15 15:00:00+00:00,West Ham,Brentford,0,1,A,2.38,3.65,2.88
SP1_2025-02-15_osasuna_real-madrid,SP1,2025-02-15,15:15,2025-02-15 15:15:00+00:00,Osasuna,Real Madrid,1,1,D,6.44,4.83,1.47
F1_2025-02-15_marseille_st-etienne,F1,2025-02-15,16:00,2025-02-15 16:00:00+00:00,Marseille,St Etienne,5,1,H,1.23,6.92,11.19
I1_2025-02-15_lazio_napoli,I1,2025-02-15,17:00,2025-02-15 17:00:00+00:00,Lazio,Napoli,2,2,D,2.48,3.05,3.22
D1_2025-02-15_leverkusen_bayern-munich,D1,2025-02-15,17:30,2025-02-15 17:30:00+00:00,Leverkusen,Bayern Munich,0,0,D,3.05,3.49,2.33
E0_2025-02-15_crystal-palace_everton,E0,2025-02-15,17:30,2025-02-15 17:30:00+00:00,Crystal Palace,Everton,1,2,A,2.02,3.18,4.36
SP1_2025-02-15_ath-madrid_celta,SP1,2025-02-15,17:30,2025-02-15 17:30:00+00:00,Ath Madrid,Celta,1,1,D,1.4,4.75,8.43
F1_2025-02-15_monaco_nantes,F1,2025-02-15,18:00,2025-02-15 18:00:00+00:00,Monaco,Nantes,7,1,H,1.51,4.56,6.06
I1_2025-02-15_milan_verona,I1,2025-02-15,19:45,2025-02-15 19:45:00+00:00,Milan,Verona,1,0,H,1.35,5.14,8.91
SP1_2025-02-15_villarreal_valencia,SP1,2025-02-15,20:00,2025-02-15 20:00:00+00:00,Villarreal,Valencia,1,1,D,1.7,3.94,4.96
F1_2025-02-15_toulouse_paris-sg,F1,2025-02-15,20:05,2025-02-15 20:05:00+00:00,Toulouse,Paris SG,0,1,A,5.76,4.48,1.54
I1_2025-02-16_fiorentina_como,I1,2025-02-16,11:30,2025-02-16 11:30:00+00:00,Fiorentina,Como,0,2,A,2.41,3.16,3.2
SP1_2025-02-16_espanol_ath-bilbao,SP1,2025-02-16,13:00,2025-02-16 13:00:00+00:00,Espanol,Ath Bilbao,1,1,D,5.25,3.53,1.76
E0_2025-02-16_liverpool_wolves,E0,2025-02-16,14:00,2025-02-16 14:00:00+00:00,Liverpool,Wolves,2,1,H,1.23,6.99,11.94
F1_2025-02-16_montpellier_lyon,F1,2025-02-16,14:00,2025-02-16 14:00:00+00:00,Montpellier,Lyon,1,4,A,5.37,4.61,1.55
I1_2025-02-16_monza_lecce,I1,2025-02-16,14:00,2025-02-16 14:00:00+00:00,Monza,Lecce,0,0,D,2.82,3.03,2.77
I1_2025-02-16_udinese_empoli,I1,2025-02-16,14:00,2025-02-16 14:00:00+00:00,Udinese,Empoli,3,0,H,1.91,3.39,4.41
D1_2025-02-16_werder-bremen_hoffenheim,D1,2025-02-16,14:30,2025-02-16 14:30:00+00:00,Werder Bremen,Hoffenheim,1,3,A,1.88,3.81,3.97
SP1_2025-02-16_valladolid_sevilla,SP1,2025-02-16,15:15,2025-02-16 15:15:00+00:00,Valladolid,Sevilla,0,4,A,4.2,3.35,1.98
F1_2025-02-16_le-havre_nice,F1,2025-02-16,16:15,2025-02-16 16:15:00+00:00,Le Havre,Nice,1,3,A,5.5,4.1,1.62
F1_2025-02-16_lens_strasbourg,F1,2025-02-16,16:15,2025-02-16 16:15:00+00:00,Lens,Strasbourg,0,2,A,1.86,3.74,4.16
F1_2025-02-16_reims_angers,F1,2025-02-16,16:15,2025-02-16 16:15:00+00:00,Reims,Angers,0,1,A,1.92,3.36,4.38
D1_2025-02-16_ein-frankfurt_holstein-kiel,D1,2025-02-16,16:30,2025-02-16 16:30:00+00:00,Ein Frankfurt,Holstein Kiel,3,1,H,1.34,5.66,8.46
E0_2025-02-16_tottenham_man-united,E0,2025-02-16,16:30,2025-02-16 16:30:00+00:00,Tottenham,Man United,1,0,H,2.2,3.85,3.08
I1_2025-02-16_parma_roma,I1,2025-02-16,17:00,2025-02-16 17:00:00+00:00,Parma,Roma,0,1,A,3.73,3.34,2.1
SP1_2025-02-16_mallorca_las-palmas,SP1,2025-02-16,17:30,2025-02-16 17:30:00+00:00,Mallorca,Las Palmas,3,1,H,1.81,3.45,4.99
D1_2025-02-16_heidenheim_mainz,D1,2025-02-16,18:30,2025-02-16 18:30:00+00:00,Heidenheim,Mainz,0,2,A,3.72,3.43,2.07
F1_2025-02-16_rennes_lille,F1,2025-02-16,19:45,2025-02-16 19:45:00+00:00,Rennes,Lille,0,2,A,3.01,3.12,2.55
I1_2025-02-16_juventus_inter,I1,2025-02-16,19:45,2025-02-16 19:45:00+00:00,Juventus,Inter,1,0,H,3.84,3.29,2.09
SP1_2025-02-16_betis_sociedad,SP1,2025-02-16,20:00,2025-02-16 20:00:00+00:00,Betis,Sociedad,3,0,H,2.42,3.11,3.26
I1_2025-02-17_genoa_venezia,I1,2025-02-17,19:45,2025-02-17 19:45:00+00:00,Genoa,Venezia,2,0,H,1.83,3.36,5.02
SP1_2025-02-17_barcelona_vallecano,SP1,2025-02-17,20:00,2025-02-17 20:00:00+00:00,Barcelona,Vallecano,1,0,H,1.21,7.43,12.71
E0_2025-02-19_aston-villa_liverpool,E0,2025-02-19,19:30,2025-02-19 19:30:00+00:00,Aston Villa,Liverpool,2,2,D,3.83,3.98,1.9
D1_2025-02-21_freiburg_werder-bremen,D1,2025-02-21,19:30,2025-02-21 19:30:00+00:00,Freiburg,Werder Bremen,5,0,H,1.99,3.49,3.93
F1_2025-02-21_rennes_reims,F1,2025-02-21,19:45,2025-02-21 19:45:00+00:00,Rennes,Reims,1,0,H,2.22,3.38,3.35
I1_2025-02-21_lecce_udinese,I1,2025-02-21,19:45,2025-02-21 19:45:00+00:00,Lecce,Udinese,0,1,A,3.01,3.0,2.65
E0_2025-02-21_leicester_brentford,E0,2025-02-21,20:00,2025-02-21 20:00:00+00:00,Leicester,Brentford,0,4,A,3.66,3.84,1.98
SP1_2025-02-21_celta_osasuna,SP1,2025-02-21,20:00,2025-02-21 20:00:00+00:00,Celta,Osasuna,1,0,H,1.72,3.74,5.15
E0_2025-02-22_everton_man-united,E0,2025-02-22,12:30,2025-02-22 12:30:00+00:00,Everton,Man United,2,2,D,2.65,3.13,2.92
SP1_2025-02-22_alaves_espanol,SP1,2025-02-22,13:00,2025-02-22 13:00:00+00:00,Alaves,Espanol,0,1,A,1.89,3.12,5.21
I1_2025-02-22_parma_bologna,I1,2025-02-22,14:00,2025-02-22 14:00:00+00:00,Parma,Bologna,2,0,H,4.68,3.63,1.8
I1_2025-02-22_venezia_lazio,I1,2025-02-22,14:00,2025-02-22 14:00:00+00:00,Venezia,Lazio,0,0,D,5.67,4.02,1.61
D1_2025-02-22_holstein-kiel_leverkusen,D1,2025-02-22,14:30,2025-02-22 14:30:00+00:00,Holstein Kiel,Leverkusen,0,2,A,14.5,6.98,1.2
D1_2025-02-22_m-gladbach_augsburg,D1,2025-02-22,14:30,2025-02-22 14:30:00+00:00,M'gladbach,Augsburg,0,3,A,1.94,3.6,4.0
D1_2025-02-22_mainz_st-pauli,D1,2025-02-22,14:30,2025-02-22 14:30:00+00:00,Mainz,St Pauli,2,0,H,1.76,3.61,5.08
D1_2025-02-22_wolfsburg_bochum,D1,2025-02-22,14:30,2025-02-22 14:30:00+00:00,Wolfsburg,Bochum,1,1,D,1.63,4.3,5.09
E0_2025-02-22_arsenal_west-ham,E0,2025-02-22,15:00,2025-02-22 15:00:00+00:00,Arsenal,West Ham,0,1,A,1.29,5.63,11.79
E0_2025-02-22_bournemouth_wolves,E0,2025-02-22,15:00,2025-02-22 15:00:00+00:00,Bournemouth,Wolves,0,1,A,1.64,4.18,5.22
E0_2025-02-22_fulham_crystal-palace,E0,2025-02-22,15:00,2025-02-22 15:00:00+00:00,Fulham,Crystal Palace,0,2,A,2.08,3.46,3.72
E0_2025-02-22_ipswich_tottenham,E0,2025-02-22,15:00,2025-02-22 15:00:00+00:00,Ipswich,Tottenham,1,4,A,3.38,3.8,2.07
E0_2025-02-22_southampton_brighton,E0,2025-02-22,15:00,2025-02-22 15:00:00+00:00,Southampton,Brighton,0,4,A,5.7,4.5,1.56
SP1_2025-02-22_vallecano_villarreal,SP1,2025-02-22,15:15,2025-02-22 15:15:00+00:00,Vallecano,Villarreal,0,1,A,2.79,3.26,2.65
F1_2025-02-22_lille_monaco,F1,2025-02-22,16:00,2025-02-22 16:00:00+00:00,Lille,Monaco,2,1,H,2.36,3.55,2.96
I1_2025-02-22_torino_milan,I1,2025-02-22,17:00,2025-02-22 17:00:00+00:00,Torino,Milan,2,1,H,4.08,3.65,1.9
D1_2025-02-22_dortmund_union-berlin,D1,2025-02-22,17:30,2025-02-22 17:30:00+00:00,Dortmund,Union Berlin,6,0,H,1.49,4.58,6.39
E0_2025-02-22_aston-villa_chelsea,E0,2025-02-22,17:30,2025-02-22 17:30:00+00:00,Aston Villa,Chelsea,2,1,H,2.62,3.53,2.65
SP1_2025-02-22_valencia_ath-madrid,SP1,2025-02-22,17:30,2025-02-22 17:30:00+00:00,Valencia,Ath Madrid,0,3,A,4.03,3.25,2.06
F1_2025-02-22_st-etienne_angers,F1,2025-02-22,18:00,2025-02-22 18:00:00+00:00,St Etienne,Angers,3,3,D,2.48,3.37,2.9
I1_2025-02-22_inter_genoa,I1,2025-02-22,19:45,2025-02-22 19:45:00+00:00,Inter,Genoa,1,0,H,1.31,5.33,10.86
SP1_2025-02-22_las-palmas_barcelona,SP1,2025-02-22,20:00,2025-02-22 20:00:00+00:00,Las Palmas,Barcelona,0,2,A,11.1,7.1,1.23
F1_2025-02-22_auxerre_marseille,F1,2025-02-22,20:05,2025-02-22 20:05:00+00:00,Auxerre,Marseille,3,0,H,5.72,4.37,1.56
I1_2025-02-23_como_napoli,I1,2025-02-23,11:30,2025-02-23 11:30:00+00:00,Como,Napoli,2,1,H,3.54,3.05,2.31
SP1_2025-02-23_ath-bilbao_valladolid,SP1,2025-02-23,13:00,2025-02-23 13:00:00+00:00,Ath Bilbao,Valladolid,7,1,H,1.19,7.01,16.64
E0_2025-02-23_newcastle_nott-m-forest,E0,2025-02-23,14:00,2025-02-23 14:00:00+00:00,Newcastle,Nott'm Forest,4,3,H,1.91,3.84,3.89
F1_2025-02-23_nantes_lens,F1,2025-02-23,14:00,2025-02-23 14:00:00+00:00,Nantes,Lens,3,1,H,3.53,3.32,2.17
I1_2025-02-23_verona_fiorentina,I1,2025-02-23,14:00,2025-02-23 14:00:00+00:00,Verona,Fiorentina,1,0,H,3.85,3.31,2.07
D1_2025-02-23_rb-leipzig_heidenheim,D1,2025-02-23,14:30,2025-02-23 14:30:00+00:00,RB Leipzig,Heidenheim,2,2,D,1.31,5.65,9.48
SP1_2025-02-23_real-madrid_girona,SP1,2025-02-23,15:15,2025-02-23 15:15:00+00:00,Real Madrid,Girona,2,0,H,1.28,6.46,9.73
F1_2025-02-23_le-havre_toulouse,F1,2025-02-23,16:15,2025-02-23 16:15:00+00:00,Le Havre,Toulouse,1,4,A,3.8,3.33,2.08
F1_2025-02-23_nice_montpellier,F1,2025-02-23,16:15,2025-02-23 16:15:00+00:00,Nice,Montpellier,2,0,H,1.34,5.37,8.81
F1_2025-02-23_strasbourg_brest,F1,2025-02-23,16:15,2025-02-23 16:15:00+00:00,Strasbourg,Brest,0,0,D,2.18,3.35,3.45
D1_2025-02-23_bayern-munich_ein-frankfurt,D1,2025-02-23,16:30,2025-02-23 16:30:00+00:00,Bayern Munich,Ein Frankfurt,4,0,H,1.25,6.63,10.11
E0_2025-02-23_man-city_liverpool,E0,2025-02-23,16:30,2025-02-23 16:30:00+00:00,Man City,Liverpool,0,2,A,3.14,3.82,2.19
I1_2025-02-23_empoli_atalanta,I1,2025-02-23,17:00,2025-02-23 17:00:00+00:00,Empoli,Atalanta,0,5,A,6.59,4.47,1.49
SP1_2025-02-23_getafe_betis,SP1,2025-02-23,17:30,2025-02-23 17:30:00+00:00,Getafe,Betis,1,2,A,2.94,2.91,2.78
D1_2025-02-23_hoffenheim_stuttgart,D1,2025-02-23,18:30,2025-02-23 18:30:00+00:00,Hoffenheim,Stuttgart,1,1,D,3.42,3.85,2.04
F1_2025-02-23_lyon_paris-sg,F1,2025-02-23,19:45,2025-02-23 19:45:00+00:00,Lyon,Paris SG,2,3,A,5.83,4.68,1.51
I1_2025-02-23_cagliari_juventus,I1,2025-02-23,19:45,2025-02-23 19:45:00+00:00,Cagliari,Juventus,0,1,A,4.66,3.41,1.86
SP1_2025-02-23_sociedad_leganes,SP1,2025-02-23,20:00,2025-02-23 20:00:00+00:00,Sociedad,Leganes,3,0,H,1.61,3.73,6.52
I1_2025-02-24_roma_monza,I1,2025-02-24,19:45,2025-02-24 19:45:00+00:00,Roma,Monza,4,0,H,1.27,5.74,11.76
SP1_2025-02-24_sevilla_mallorca,SP1,2025-02-24,20:00,2025-02-24 20:00:00+00:00,Sevilla,Mallorca,1,1,D,1.96,3.29,4.36
E0_2025-02-25_brighton_bournemouth,E0,2025-02-25,19:30,2025-02-25 19:30:00+00:00,Brighton,Bournemouth,2,1,H,1.98,3.87,3.64
E0_2025-02-25_crystal-palace_aston-villa,E0,2025-02-25,19:30,2025-02-25 19:30:00+00:00,Crystal Palace,Aston Villa,4,1,H,2.26,3.52,3.19
E0_2025-02-25_wolves_fulham,E0,2025-02-25,19:30,2025-02-25 19:30:00+00:00,Wolves,Fulham,1,2,A,2.42,3.28,3.1
E0_2025-02-25_chelsea_southampton,E0,2025-02-25,20:15,2025-02-25 20:15:00+00:00,Chelsea,Southampton,4,0,H,1.17,8.31,16.08
E0_2025-02-26_brentford_everton,E0,2025-02-26,19:30,2025-02-26 19:30:00+00:00,Brentford,Everton,1,1,D,2.08,3.6,3.54
E0_2025-02-26_man-united_ipswich,E0,2025-02-26,19:30,2025-02-26 19:30:00+00:00,Man United,Ipswich,3,2,H,1.51,4.5,6.35
E0_2025-02-26_nott-m-forest_arsenal,E0,2025-02-26,19:30,2025-02-26 19:30:00+00:00,Nott'm Forest,Arsenal,0,0,D,4.23,3.45,1.94
E0_2025-02-26_tottenham_man-city,E0,2025-02-26,19:30,2025-02-26 19:30:00+00:00,Tottenham,Man City,0,1,A,3.88,4.29,1.82
E0_2025-02-26_liverpool_newcastle,E0,2025-02-26,20:15,2025-02-26 20:15:00+00:00,Liverpool,Newcastle,2,0,H,1.37,5.47,7.71
I1_2025-02-27_bologna_milan,I1,2025-02-27,19:45,2025-02-27 19:45:00+00:00,Bologna,Milan,2,1,H,2.93,3.25,2.55
E0_2025-02-27_west-ham_leicester,E0,2025-02-27,20:00,2025-02-27 20:00:00+00:00,West Ham,Leicester,2,0,H,1.77,3.77,4.77
D1_2025-02-28_stuttgart_bayern-munich,D1,2025-02-28,19:30,2025-02-28 19:30:00+00:00,Stuttgart,Bayern Munich,1,3,A,4.46,4.12,1.74
F1_2025-02-28_monaco_reims,F1,2025-02-28,19:45,2025-02-28 19:45:00+00:00,Monaco,Reims,3,0,H,1.37,5.22,8.25
I1_2025-02-28_fiorentina_lecce,I1,2025-02-28,19:45,2025-02-28 19:45:00+00:00,Fiorentina,Lecce,1,0,H,1.9,3.27,4.76
SP1_2025-02-28_valladolid_las-palmas,SP1,2025-02-28,20:00,2025-02-28 20:00:00+00:00,Valladolid,Las Palmas,1,1,D,3.06,3.1,2.54
SP1_2025-03-01_girona_celta,SP1,2025-03-01,13:00,2025-03-01 13:00:00+00:00,Girona,Celta,2,2,D,2.17,3.35,3.53
I1_2025-03-01_atalanta_venezia,I1,2025-03-01,14:00,2025-03-01 14:00:00+00:00,Atalanta,Venezia,0,0,D,1.2,7.03,14.37
D1_2025-03-01_bochum_hoffenheim,D1,2025-03-01,14:30,2025-03-01 14:30:00+00:00,Bochum,Hoffenheim,0,1,A,2.45,3.47,2.89
D1_2025-03-01_heidenheim_m-gladbach,D1,2025-03-01,14:30,2025-03-01 14:30:00+00:00,Heidenheim,M'gladbach,0,3,A,2.71,3.43,2.61
D1_2025-03-01_rb-leipzig_mainz,D1,2025-03-01,14:30,2025-03-01 14:30:00+00:00,RB Leipzig,Mainz,1,2,A,1.93,3.72,3.89
D1_2025-03-01_st-pauli_dortmund,D1,2025-03-01,14:30,2025-03-01 14:30:00+00:00,St Pauli,Dortmund,0,2,A,4.35,3.64,1.86
D1_2025-03-01_werder-bremen_wolfsburg,D1,2025-03-01,14:30,2025-03-01 14:30:00+00:00,Werder Bremen,Wolfsburg,1,2,A,3.04,3.49,2.34
SP1_2025-03-01_vallecano_sevilla,SP1,2025-03-01,15:15,2025-03-01 15:15:00+00:00,Vallecano,Sevilla,1,1,D,2.59,3.03,3.06
F1_2025-03-01_st-etienne_nice,F1,2025-03-01,16:00,2025-03-01 16:00:00+00:00,St Etienne,Nice,1,3,A,5.09,4.12,1.65
I1_2025-03-01_napoli_inter,I1,2025-03-01,17:00,2025-03-01 17:00:00+00:00,Napoli,Inter,1,1,D,3.11,3.09,2.51
D1_2025-03-01_ein-frankfurt_leverkusen,D1,2025-03-01,17:30,2025-03-01 17:30:00+00:00,Ein Frankfurt,Leverkusen,1,4,A,4.18,3.89,1.83
SP1_2025-03-01_betis_real-madrid,SP1,2025-03-01,17:30,2025-03-01 17:30:00+00:00,Betis,Real Madrid,2,1,H,3.8,3.74,1.95
F1_2025-03-01_lens_le-havre,F1,2025-03-01,18:00,2025-03-01 18:00:00+00:00,Lens,Le Havre,3,4,A,1.4,4.78,8.16
I1_2025-03-01_udinese_parma,I1,2025-03-01,19:45,2025-03-01 19:45:00+00:00,Udinese,Parma,1,0,H,1.89,3.56,4.31
SP1_2025-03-01_ath-madrid_ath-bilbao,SP1,2025-03-01,20:00,2025-03-01 20:00:00+00:00,Ath Madrid,Ath Bilbao,1,0,H,2.14,3.27,3.71
F1_2025-03-01_paris-sg_lille,F1,2025-03-01,20:05,2025-03-01 20:05:00+00:00,Paris SG,Lille,4,1,H,1.34,5.34,8.72
I1_2025-03-02_monza_torino,I1,2025-03-02,11:30,2025-03-02 11:30:00+00:00,Monza,Torino,0,2,A,4.53,3.29,1.93
SP1_2025-03-02_leganes_getafe,SP1,2025-03-02,13:00,2025-03-02 13:00:00+00:00,Leganes,Getafe,1,0,H,3.11,2.71,2.84
F1_2025-03-02_lyon_brest,F1,2025-03-02,14:00,2025-03-02 14:00:00+00:00,Lyon,Brest,2,1,H,1.71,4.03,4.67
I1_2025-03-02_bologna_cagliari,I1,2025-03-02,14:00,2025-03-02 14:00:00+00:00,Bologna,Cagliari,2,1,H,1.74,3.54,5.41
I1_2025-03-02_genoa_empoli,I1,2025-03-02,14:00,2025-03-02 14:00:00+00:00,Genoa,Empoli,1,1,D,1.92,3.22,4.68
D1_2025-03-02_union-berlin_holstein-kiel,D1,2025-03-02,14:30,2025-03-02 14:30:00+00:00,Union Berlin,Holstein Kiel,0,1,A,1.57,4.25,5.83
SP1_2025-03-02_barcelona_sociedad,SP1,2025-03-02,15:15,2025-03-02 15:15:00+00:00,Barcelona,Sociedad,4,0,H,1.26,6.11,11.84
F1_2025-03-02_angers_toulouse,F1,2025-03-02,16:15,2025-03-02 16:15:00+00:00,Angers,Toulouse,0,4,A,3.94,3.27,2.06
F1_2025-03-02_auxerre_strasbourg,F1,2025-03-02,16:15,2025-03-02 16:15:00+00:00,Auxerre,Strasbourg,0,1,A,3.05,3.32,2.42
F1_2025-03-02_montpellier_rennes,F1,2025-03-02,16:15,2025-03-02 16:15:00+00:00,Montpellier,Rennes,0,4,A,3.82,3.49,2.02
D1_2025-03-02_augsburg_freiburg,D1,2025-03-02,16:30,2025-03-02 16:30:00+00:00,Augsburg,Freiburg,0,0,D,2.52,3.11,3.08
I1_2025-03-02_roma_como,I1,2025-03-02,17:00,2025-03-02 17:00:00+00:00,Roma,Como,2,1,H,2.0,3.34,4.07
SP1_2025-03-02_mallorca_alaves,SP1,2025-03-02,17:30,2025-03-02 17:30:00+00:00,Mallorca,Alaves,1,1,D,2.5,2.86,3.42
F1_2025-03-02_marseille_nantes,F1,2025-03-02,19:45,2025-03-02 19:45:00+00:00,Marseille,Nantes,2,0,H,1.34,5.4,8.54
I1_2025-03-02_milan_lazio,I1,2025-03-02,19:45,2025-03-02 19:45:00+00:00,Milan,Lazio,1,2,A,2.15,3.45,3.46
SP1_2025-03-02_osasuna_valencia,SP1,2025-03-02,20:00,2025-03-02 20:00:00+00:00,Osasuna,Valencia,3,3,D,2.23,3.17,3.59
I1_2025-03-03_juventus_verona,I1,2025-03-03,19:45,2025-03-03 19:45:00+00:00,Juventus,Verona,2,0,H,1.34,5.06,10.3
D1_2025-03-07_m-gladbach_mainz,D1,2025-03-07,19:30,2025-03-07 19:30:00+00:00,M'gladbach,Mainz,1,3,A,2.71,3.42,2.62
F1_2025-03-07_toulouse_monaco,F1,2025-03-07,19:45,2025-03-07 19:45:00+00:00,Toulouse,Monaco,1,1,D,3.22,3.51,2.22
I1_2025-03-07_cagliari_genoa,I1,2025-03-07,19:45,2025-03-07 19:45:00+00:00,Cagliari,Genoa,1,1,D,2.51,2.93,3.27
E0_2025-03-08_nott-m-forest_man-city,E0,2025-03-08,12:30,2025-03-08 12:30:00+00:00,Nott'm Forest,Man City,1,0,H,3.8,3.79,1.95
SP1_2025-03-08_celta_leganes,SP1,2025-03-08,13:00,2025-03-08 13:00:00+00:00,Celta,Leganes,2,1,H,1.55,4.04,6.55
I1_2025-03-08_como_venezia,I1,2025-03-08,14:00,2025-03-08 14:00:00+00:00,Como,Venezia,1,1,D,1.64,3.79,5.91
I1_2025-03-08_parma_torino,I1,2025-03-08,14:00,2025-03-08 14:00:00+00:00,Parma,Torino,2,2,D,3.44,3.2,2.26
D1_2025-03-08_bayern-munich_bochum,D1,2025-03-08,14:30,2025-03-08 14:30:00+00:00,Bayern Munich,Bochum,2,3,A,1.17,8.18,14.6
D1_2025-03-08_dortmund_augsburg,D1,2025-03-08,14:30,2025-03-08 14:30:00+00:00,Dortmund,Augsburg,0,1,A,1.4,4.85,8.12
D1_2025-03-08_holstein-kiel_stuttgart,D1,2025-03-08,14:30,2025-03-08 14:30:00+00:00,Holstein Kiel,Stuttgart,2,2,D,5.94,4.74,1.5
D1_2025-03-08_leverkusen_werder-bremen,D1,2025-03-08,14:30,2025-03-08 14:30:00+00:00,Leverkusen,Werder Bremen,0,2,A,1.33,5.46,8.92
D1_2025-03-08_wolfsburg_st-pauli,D1,2025-03-08,14:30,2025-03-08 14:30:00+00:00,Wolfsburg,St Pauli,1,1,D,1.83,3.56,4.61
E0_2025-03-08_brighton_fulham,E0,2025-03-08,15:00,2025-03-08 15:00:00+00:00,Brighton,Fulham,2,1,H,2.01,3.55,3.85
E0_2025-03-08_crystal-palace_ipswich,E0,2025-03-08,15:00,2025-03-08 15:00:00+00:00,Crystal Palace,Ipswich,1,0,H,1.55,4.2,6.26
E0_2025-03-08_liverpool_southampton,E0,2025-03-08,15:00,2025-03-08 15:00:00+00:00,Liverpool,Southampton,3,1,H,1.11,10.91,23.99
SP1_2025-03-08_alaves_villarreal,SP1,2025-03-08,15:15,2025-03-08 15:15:00+00:00,Alaves,Villarreal,1,0,H,3.03,3.14,2.53
F1_2025-03-08_rennes_paris-sg,F1,2025-03-08,16:00,2025-03-08 16:00:00+00:00,Rennes,Paris SG,1,4,A,4.8,4.1,1.68
I1_2025-03-08_lecce_milan,I1,2025-03-08,17:00,2025-03-08 17:00:00+00:00,Lecce,Milan,2,3,A,4.67,3.56,1.82
D1_2025-03-08_freiburg_rb-leipzig,D1,2025-03-08,17:30,2025-03-08 17:30:00+00:00,Freiburg,RB Leipzig,0,0,D,2.56,3.31,2.84
E0_2025-03-08_brentford_aston-villa,E0,2025-03-08,17:30,2025-03-08 17:30:00+00:00,Brentford,Aston Villa,0,1,A,2.16,3.88,3.15
SP1_2025-03-08_valencia_valladolid,SP1,2025-03-08,17:30,2025-03-08 17:30:00+00:00,Valencia,Valladolid,2,1,H,1.42,4.53,8.4
F1_2025-03-08_lille_montpellier,F1,2025-03-08,18:00,2025-03-08 18:00:00+00:00,Lille,Montpellier,1,0,H,1.41,4.83,7.63
I1_2025-03-08_inter_monza,I1,2025-03-08,19:45,2025-03-08 19:45:00+00:00,Inter,Monza,3,2,H,1.14,8.29,19.97
E0_2025-03-08_wolves_everton,E0,2025-03-08,20:00,2025-03-08 20:00:00+00:00,Wolves,Everton,1,1,D,2.84,2.98,2.84
F1_2025-03-08_marseille_lens,F1,2025-03-08,20:05,2025-03-08 20:05:00+00:00,Marseille,Lens,0,1,A,1.5,4.46,6.35
I1_2025-03-09_verona_bologna,I1,2025-03-09,11:30,2025-03-09 11:30:00+00:00,Verona,Bologna,1,2,A,5.45,3.49,1.74
SP1_2025-03-09_getafe_ath-madrid,SP1,2025-03-09,13:00,2025-03-09 13:00:00+00:00,Getafe,Ath Madrid,2,1,H,5.16,3.22,1.85
E0_2025-03-09_chelsea_leicester,E0,2025-03-09,14:00,2025-03-09 14:00:00+00:00,Chelsea,Leicester,1,0,H,1.23,6.96,12.22
E0_2025-03-09_tottenham_bournemouth,E0,2025-03-09,14:00,2025-03-09 14:00:00+00:00,Tottenham,Bournemouth,2,2,D,2.8,3.75,2.4
F1_2025-03-09_brest_angers,F1,2025-03-09,14:00,2025-03-09 14:00:00+00:00,Brest,Angers,2,0,H,1.68,3.73,5.44
I1_2025-03-09_napoli_fiorentina,I1,2025-03-09,14:00,2025-03-09 14:00:00+00:00,Napoli,Fiorentina,2,1,H,1.59,3.81,6.58
D1_2025-03-09_ein-frankfurt_union-berlin,D1,2025-03-09,14:30,2025-03-09 14:30:00+00:00,Ein Frankfurt,Union Berlin,1,2,A,1.98,3.62,3.81
SP1_2025-03-09_real-madrid_vallecano,SP1,2025-03-09,15:15,2025-03-09 15:15:00+00:00,Real Madrid,Vallecano,2,1,H,1.29,5.9,10.26
F1_2025-03-09_le-havre_st-etienne,F1,2025-03-09,16:15,2025-03-09 16:15:00+00:00,Le Havre,St Etienne,1,1,D,2.35,3.4,3.06
F1_2025-03-09_nantes_strasbourg,F1,2025-03-09,16:15,2025-03-09 16:15:00+00:00,Nantes,Strasbourg,0,1,A,2.94,3.4,2.42
F1_2025-03-09_reims_auxerre,F1,2025-03-09,16:15,2025-03-09 16:15:00+00:00,Reims,Auxerre,0,2,A,2.49,3.26,2.96
D1_2025-03-09_hoffenheim_heidenheim,D1,2025-03-09,16:30,2025-03-09 16:30:00+00:00,Hoffenheim,Heidenheim,1,1,D,1.89,3.78,3.99
E0_2025-03-09_man-united_arsenal,E0,2025-03-09,16:30,2025-03-09 16:30:00+00:00,Man United,Arsenal,1,1,D,5.1,3.55,1.78
I1_2025-03-09_empoli_roma,I1,2025-03-09,17:00,2025-03-09 17:00:00+00:00,Empoli,Roma,0,1,A,3.95,3.24,2.07
SP1_2025-03-09_ath-bilbao_mallorca,SP1,2025-03-09,17:30,2025-03-09 17:30:00+00:00,Ath Bilbao,Mallorca,1,1,D,1.72,3.5,5.66
SP1_2025-03-09_betis_las-palmas,SP1,2025-03-09,17:30,2025-03-09 17:30:00+00:00,Betis,Las Palmas,1,0,H,1.33,5.28,9.73
F1_2025-03-09_nice_lyon,F1,2025-03-09,19:45,2025-03-09 19:45:00+00:00,Nice,Lyon,0,2,A,2.12,3.55,3.42
I1_2025-03-09_juventus_atalanta,I1,2025-03-09,19:45,2025-03-09 19:45:00+00:00,Juventus,Atalanta,0,4,A,2.71,3.08,2.87
SP1_2025-03-09_sociedad_sevilla,SP1,2025-03-09,20:00,2025-03-09 20:00:00+00:00,Sociedad,Sevilla,0,1,A,2.47,3.02,3.25
I1_2025-03-10_lazio_udinese,I1,2025-03-10,19:45,2025-03-10 19:45:00+00:00,Lazio,Udinese,1,1,D,1.83,3.44,4.78
E0_2025-03-10_west-ham_newcastle,E0,2025-03-10,20:00,2025-03-10 20:00:00+00:00,West Ham,Newcastle,0,1,A,3.35,3.49,2.2
SP1_2025-03-10_espanol_girona,SP1,2025-03-10,20:00,2025-03-10 20:00:00+00:00,Espanol,Girona,1,1,D,3.42,3.13,2.32
D1_2025-03-14_st-pauli_hoffenheim,D1,2025-03-14,19:30,2025-03-14 19:30:00+00:00,St Pauli,Hoffenheim,1,0,H,2.31,3.24,3.31
F1_2025-03-14_nice_auxerre,F1,2025-03-14,19:45,2025-03-14 19:45:00+00:00,Nice,Auxerre,1,1,D,1.6,4.14,5.56
I1_2025-03-14_genoa_lecce,I1,2025-03-14,19:45,2025-03-14 19:45:00+00:00,Genoa,Lecce,2,1,H,2.08,3.0,4.32
SP1_2025-03-14_las-palmas_alaves,SP1,2025-03-14,20:00,2025-03-14 20:00:00+00:00,Las Palmas,Alaves,2,2,D,2.86,2.97,2.78
SP1_2025-03-15_valladolid_celta,SP1,2025-03-15,13:00,2025-03-15 13:00:00+00:00,Valladolid,Celta,0,1,A,4.9,3.81,1.72
I1_2025-03-15_monza_parma,I1,2025-03-15,14:00,2025-03-15 14:00:00+00:00,Monza,Parma,1,1,D,3.07,3.3,2.39
I1_2025-03-15_udinese_verona,I1,2025-03-15,14:00,2025-03-15 14:00:00+00:00,Udinese,Verona,0,1,A,1.78,3.45,5.08
D1_2025-03-15_augsburg_wolfsburg,D1,2025-03-15,14:30,2025-03-15 14:30:00+00:00,Augsburg,Wolfsburg,1,0,H,2.47,3.23,3.01
D1_2025-03-15_mainz_freiburg,D1,2025-03-15,14:30,2025-03-15 14:30:00+00:00,Mainz,Freiburg,2,2,D,1.84,3.52,4.54
D1_2025-03-15_union-berlin_bayern-munich,D1,2025-03-15,14:30,2025-03-15 14:30:00+00:00,Union Berlin,Bayern Munich,1,1,D,9.24,5.43,1.33
D1_2025-03-15_werder-bremen_m-gladbach,D1,2025-03-15,14:30,2025-03-15 14:30:00+00:00,Werder Bremen,M'gladbach,2,4,A,2.24,3.66,3.09
E0_2025-03-15_everton_west-ham,E0,2025-03-15,15:00,2025-03-15 15:00:00+00:00,Everton,West Ham,1,1,D,2.14,3.22,3.82
E0_2025-03-15_ipswich_nott-m-forest,E0,2025-03-15,15:00,2025-03-15 15:00:00+00:00,Ipswich,Nott'm Forest,2,4,A,3.99,3.56,1.96
E0_2025-03-15_man-city_brighton,E0,2025-03-15,15:00,2025-03-15 15:00:00+00:00,Man City,Brighton,2,2,D,1.81,4.03,4.15
E0_2025-03-15_southampton_wolves,E0,2025-03-15,15:00,2025-03-15 15:00:00+00:00,Southampton,Wolves,1,2,A,3.9,3.38,2.04
SP1_2025-03-15_mallorca_espanol,SP1,2025-03-15,15:15,2025-03-15 15:15:00+00:00,Mallorca,Espanol,2,1,H,1.84,3.35,4.92
F1_2025-03-15_nantes_lille,F1,2025-03-15,16:00,2025-03-15 16:00:00+00:00,Nantes,Lille,1,0,H,4.1,3.38,1.96
I1_2025-03-15_milan_como,I1,2025-03-15,17:00,2025-03-15 17:00:00+00:00,Milan,Como,2,1,H,1.81,3.74,4.44
D1_2025-03-15_rb-leipzig_dortmund,D1,2025-03-15,17:30,2025-03-15 17:30:00+00:00,RB Leipzig,Dortmund,2,0,H,2.72,3.58,2.52
E0_2025-03-15_bournemouth_brentford,E0,2025-03-15,17:30,2025-03-15 17:30:00+00:00,Bournemouth,Brentford,1,2,A,1.76,4.2,4.29
SP1_2025-03-15_villarreal_real-madrid,SP1,2025-03-15,17:30,2025-03-15 17:30:00+00:00,Villarreal,Real Madrid,1,2,A,3.12,3.68,2.22
F1_2025-03-15_angers_monaco,F1,2025-03-15,18:00,2025-03-15 18:00:00+00:00,Angers,Monaco,0,2,A,7.74,5.03,1.39
I1_2025-03-15_torino_empoli,I1,2025-03-15,19:45,2025-03-15 19:45:00+00:00,Torino,Empoli,1,0,H,1.88,3.33,4.65
SP1_2025-03-15_girona_valencia,SP1,2025-03-15,20:00,2025-03-15 20:00:00+00:00,Girona,Valencia,1,1,D,1.94,3.56,4.03
F1_2025-03-15_lens_rennes,F1,2025-03-15,20:05,2025-03-15 20:05:00+00:00,Lens,Rennes,1,0,H,2.03,3.41,3.8
I1_2025-03-16_venezia_napoli,I1,2025-03-16,11:30,2025-03-16 11:30:00+00:00,Venezia,Napoli,0,0,D,7.54,4.17,1.48
SP1_2025-03-16_leganes_betis,SP1,2025-03-16,13:00,2025-03-16 13:00:00+00:00,Leganes,Betis,2,3,A,3.92,3.31,2.04
E0_2025-03-16_arsenal_chelsea,E0,2025-03-16,13:30,2025-03-16 13:30:00+00:00,Arsenal,Chelsea,1,0,H,1.73,3.68,5.24
E0_2025-03-16_fulham_tottenham,E0,2025-03-16,13:30,2025-03-16 13:30:00+00:00,Fulham,Tottenham,2,0,H,1.85,3.94,4.04
F1_2025-03-16_lyon_le-havre,F1,2025-03-16,14:00,2025-03-16 14:00:00+00:00,Lyon,Le Havre,4,2,H,1.26,6.22,10.07
I1_2025-03-16_bologna_lazio,I1,2025-03-16,14:00,2025-03-16 14:00:00+00:00,Bologna,Lazio,5,0,H,2.33,2.98,3.56
D1_2025-03-16_bochum_ein-frankfurt,D1,2025-03-16,14:30,2025-03-16 14:30:00+00:00,Bochum,Ein Frankfurt,1,3,A,2.71,3.53,2.54
I1_2025-03-16_roma_cagliari,I1,2025-03-16,15:00,2025-03-16 15:00:00+00:00,Roma,Cagliari,1,0,H,1.49,4.28,7.0
SP1_2025-03-16_sevilla_ath-bilbao,SP1,2025-03-16,15:15,2025-03-16 15:15:00+00:00,Sevilla,Ath Bilbao,0,1,A,2.66,3.04,2.95
F1_2025-03-16_brest_reims,F1,2025-03-16,16:15,2025-03-16 16:15:00+00:00,Brest,Reims,0,0,D,1.67,3.75,5.5
F1_2025-03-16_montpellier_st-etienne,F1,2025-03-16,16:15,2025-03-16 16:15:00+00:00,Montpellier,St Etienne,0,2,A,2.34,3.57,2.94
F1_2025-03-16_strasbourg_toulouse,F1,2025-03-16,16:15,2025-03-16 16:15:00+00:00,Strasbourg,Toulouse,2,1,H,2.6,3.25,2.81
D1_2025-03-16_heidenheim_holstein-kiel,D1,2025-03-16,16:30,2025-03-16 16:30:00+00:00,Heidenheim,Holstein Kiel,3,1,H,2.04,3.54,3.66
I1_2025-03-16_fiorentina_juventus,I1,2025-03-16,17:00,2025-03-16 17:00:00+00:00,Fiorentina,Juventus,3,0,H,3.31,3.08,2.39
SP1_2025-03-16_osasuna_getafe,SP1,2025-03-16,17:30,2025-03-16 17:30:00+00:00,Osasuna,Getafe,1,2,A,2.35,2.9,3.65
SP1_2025-03-16_vallecano_sociedad,SP1,2025-03-16,17:30,2025-03-16 17:30:00+00:00,Vallecano,Sociedad,2,2,D,2.39,2.93,3.51
D1_2025-03-16_stuttgart_leverkusen,D1,2025-03-16,18:30,2025-03-16 18:30:00+00:00,Stuttgart,Leverkusen,3,4,A,3.28,3.4,2.25
E0_2025-03-16_leicester_man-united,E0,2025-03-16,19:00,2025-03-16 19:00:00+00:00,Leicester,Man United,0,3,A,4.5,3.74,1.81
F1_2025-03-16_paris-sg_marseille,F1,2025-03-16,19:45,2025-03-16 19:45:00+00:00,Paris SG,Marseille,3,1,H,1.33,5.48,8.45
I1_2025-03-16_atalanta_inter,I1,2025-03-16,19:45,2025-03-16 19:45:00+00:00,Atalanta,Inter,0,2,A,2.62,3.26,2.81
SP1_2025-03-16_ath-madrid_barcelona,SP1,2025-03-16,20:00,2025-03-16 20:00:00+00:00,Ath Madrid,Barcelona,2,4,A,3.13,3.63,2.23
SP1_2025-03-27_barcelona_osasuna,SP1,2025-03-27,20:00,2025-03-27 20:00:00+00:00,Barcelona,Osasuna,3,0,H,1.19,7.4,14.36
D1_2025-03-28_leverkusen_bochum,D1,2025-03-28,19:30,2025-03-28 19:30:00+00:00,Leverkusen,Bochum,3,1,H,1.22,6.72,12.4
F1_2025-03-28_strasbourg_lyon,F1,2025-03-28,19:45,2025-03-28 19:45:00+00:00,Strasbourg,Lyon,4,2,H,2.67,3.56,2.54
SP1_2025-03-29_sociedad_valladolid,SP1,2025-03-29,13:00,2025-03-29 13:00:00+00:00,Sociedad,Valladolid,2,1,H,1.37,4.67,9.74
I1_2025-03-29_como_empoli,I1,2025-03-29,14:00,2025-03-29 14:00:00+00:00,Como,Empoli,1,1,D,1.76,3.5,5.14
I1_2025-03-29_venezia_bologna,I1,2025-03-29,14:00,2025-03-29 14:00:00+00:00,Venezia,Bologna,0,1,A,5.04,3.41,1.79
D1_2025-03-29_bayern-munich_st-pauli,D1,2025-03-29,14:30,2025-03-29 14:30:00+00:00,Bayern Munich,St Pauli,3,2,H,1.12,9.26,22.65
D1_2025-03-29_hoffenheim_augsburg,D1,2025-03-29,14:30,2025-03-29 14:30:00+00:00,Hoffenheim,Augsburg,1,1,D,2.37,3.36,3.05
D1_2025-03-29_holstein-kiel_werder-bremen,D1,2025-03-29,14:30,2025-03-29 14:30:00+00:00,Holstein Kiel,Werder Bremen,0,3,A,3.11,3.72,2.19
D1_2025-03-29_m-gladbach_rb-leipzig,D1,2025-03-29,14:30,2025-03-29 14:30:00+00:00,M'gladbach,RB Leipzig,1,0,H,2.88,3.61,2.36
D1_2025-03-29_wolfsburg_heidenheim,D1,2025-03-29,14:30,2025-03-29 14:30:00+00:00,Wolfsburg,Heidenheim,0,1,A,1.7,3.92,4.88
SP1_2025-03-29_espanol_ath-madrid,SP1,2025-03-29,15:15,2025-03-29 15:15:00+00:00,Espanol,Ath Madrid,1,1,D,5.7,3.63,1.68
F1_2025-03-29_reims_marseille,F1,2025-03-29,16:00,2025-03-29 16:00:00+00:00,Reims,Marseille,3,1,H,5.25,3.94,1.64
I1_2025-03-29_juventus_genoa,I1,2025-03-29,17:00,2025-03-29 17:00:00+00:00,Juventus,Genoa,1,0,H,1.53,3.81,7.58
D1_2025-03-29_ein-frankfurt_stuttgart,D1,2025-03-29,17:30,2025-03-29 17:30:00+00:00,Ein Frankfurt,Stuttgart,1,0,H,2.56,3.72,2.59
SP1_2025-03-29_alaves_vallecano,SP1,2025-03-29,17:30,2025-03-29 17:30:00+00:00,Alaves,Vallecano,0,2,A,2.12,3.03,4.1
F1_2025-03-29_st-etienne_paris-sg,F1,2025-03-29,18:00,2025-03-29 18:00:00+00:00,St Etienne,Paris SG,1,6,A,10.63,6.88,1.23
I1_2025-03-29_lecce_roma,I1,2025-03-29,19:45,2025-03-29 19:45:00+00:00,Lecce,Roma,0,1,A,5.18,3.56,1.74
SP1_2025-03-29_real-madrid_leganes,SP1,2025-03-29,20:00,2025-03-29 20:00:00+00:00,Real Madrid,Leganes,3,2,H,1.19,7.17,13.98
F1_2025-03-29_monaco_nice,F1,2025-03-29,20:05,2025-03-29 20:05:00+00:00,Monaco,Nice,2,1,H,1.87,3.83,3.95
I1_2025-03-30_cagliari_monza,I1,2025-03-30,11:30,2025-03-30 10:30:00+00:00,Cagliari,Monza,3,0,H,1.79,3.5,4.95
SP1_2025-03-30_getafe_villarreal,SP1,2025-03-30,13:00,2025-03-30 12:00:00+00:00,Getafe,Villarreal,1,2,A,3.26,3.08,2.4
F1_2025-03-30_toulouse_brest,F1,2025-03-30,14:00,2025-03-30 13:00:00+00:00,Toulouse,Brest,2,4,A,2.03,3.38,3.81
I1_2025-03-30_fiorentina_atalanta,I1,2025-03-30,14:00,2025-03-30 13:00:00+00:00,Fiorentina,Atalanta,1,0,H,3.68,3.44,2.06
D1_2025-03-30_freiburg_union-berlin,D1,2025-03-30,14:30,2025-03-30 13:30:00+00:00,Freiburg,Union Berlin,1,2,A,1.96,3.42,4.06
SP1_2025-03-30_barcelona_girona,SP1,2025-03-30,15:15,2025-03-30 14:15:00+00:00,Barcelona,Girona,4,1,H,1.29,6.07,9.38
F1_2025-03-30_angers_rennes,F1,2025-03-30,16:15,2025-03-30 15:15:00+00:00,Angers,Rennes,0,3,A,3.77,3.29,2.07
F1_2025-03-30_auxerre_montpellier,F1,2025-03-30,16:15,2025-03-30 15:15:00+00:00,Auxerre,Montpellier,1,0,H,1.8,3.8,4.27
F1_2025-03-30_le-havre_nantes,F1,2025-03-30,16:15,2025-03-30 15:15:00+00:00,Le Havre,Nantes,3,2,H,3.05,3.2,2.42
D1_2025-03-30_dortmund_mainz,D1,2025-03-30,16:30,2025-03-30 15:30:00+00:00,Dortmund,Mainz,3,1,H,1.66,4.12,4.92
I1_2025-03-30_inter_udinese,I1,2025-03-30,17:00,2025-03-30 16:00:00+00:00,Inter,Udinese,2,1,H,1.44,4.37,8.01
SP1_2025-03-30_ath-bilbao_osasuna,SP1,2025-03-30,17:30,2025-03-30 16:30:00+00:00,Ath Bilbao,Osasuna,0,0,D,1.48,4.22,7.19
SP1_2025-03-30_valencia_mallorca,SP1,2025-03-30,17:30,2025-03-30 16:30:00+00:00,Valencia,Mallorca,1,0,H,2.0,3.2,4.26
F1_2025-03-30_lille_lens,F1,2025-03-30,19:45,2025-03-30 18:45:00+00:00,Lille,Lens,1,0,H,2.01,3.36,3.94
I1_2025-03-30_napoli_milan,I1,2025-03-30,19:45,2025-03-30 18:45:00+00:00,Napoli,Milan,2,1,H,1.95,3.52,4.0
SP1_2025-03-30_betis_sevilla,SP1,2025-03-30,20:00,2025-03-30 19:00:00+00:00,Betis,Sevilla,2,1,H,1.77,3.51,5.07
I1_2025-03-31_verona_parma,I1,2025-03-31,17:30,2025-03-31 16:30:00+00:00,Verona,Parma,0,0,D,2.84,2.98,2.78
I1_2025-03-31_lazio_torino,I1,2025-03-31,19:45,2025-03-31 18:45:00+00:00,Lazio,Torino,1,1,D,1.8,3.49,4.89
SP1_2025-03-31_celta_las-palmas,SP1,2025-03-31,20:00,2025-03-31 19:00:00+00:00,Celta,Las Palmas,1,1,D,1.58,4.06,5.89
E0_2025-04-01_arsenal_fulham,E0,2025-04-01,19:45,2025-04-01 18:45:00+00:00,Arsenal,Fulham,2,1,H,1.49,4.16,7.46
E0_2025-04-01_wolves_west-ham,E0,2025-04-01,19:45,2025-04-01 18:45:00+00:00,Wolves,West Ham,1,0,H,2.37,3.25,3.21
E0_2025-04-01_nott-m-forest_man-united,E0,2025-04-01,20:00,2025-04-01 19:00:00+00:00,Nott'm Forest,Man United,1,0,H,2.36,3.39,3.11
E0_2025-04-02_bournemouth_ipswich,E0,2025-04-02,19:45,2025-04-02 18:45:00+00:00,Bournemouth,Ipswich,1,2,A,1.39,5.13,7.75
E0_2025-04-02_brighton_aston-villa,E0,2025-04-02,19:45,2025-04-02 18:45:00+00:00,Brighton,Aston Villa,0,3,A,2.35,3.49,3.03
E0_2025-04-02_man-city_leicester,E0,2025-04-02,19:45,2025-04-02 18:45:00+00:00,Man City,Leicester,2,0,H,1.2,7.6,13.22
E0_2025-04-02_newcastle_brentford,E0,2025-04-02,19:45,2025-04-02 18:45:00+00:00,Newcastle,Brentford,2,1,H,1.67,4.32,4.68
E0_2025-04-02_southampton_crystal-palace,E0,2025-04-02,19:45,2025-04-02 18:45:00+00:00,Southampton,Crystal Palace,1,1,D,5.68,4.04,1.61
E0_2025-04-02_liverpool_everton,E0,2025-04-02,20:00,2025-04-02 19:00:00+00:00,Liverpool,Everton,1,0,H,1.48,4.38,7.07
E0_2025-04-03_chelsea_tottenham,E0,2025-04-03,20:00,2025-04-03 19:00:00+00:00,Chelsea,Tottenham,1,0,H,1.68,4.36,4.58
D1_2025-04-04_augsburg_bayern-munich,D1,2025-04-04,19:30,2025-04-04 18:30:00+00:00,Augsburg,Bayern Munich,1,3,A,7.75,4.86,1.4
F1_2025-04-04_nice_nantes,F1,2025-04-04,19:45,2025-04-04 18:45:00+00:00,Nice,Nantes,1,2,A,1.48,4.39,6.78
I1_2025-04-04_genoa_udinese,I1,2025-04-04,19:45,2025-04-04 18:45:00+00:00,Genoa,Udinese,1,0,H,2.39,2.94,3.46
SP1_2025-04-04_vallecano_espanol,SP1,2025-04-04,20:00,2025-04-04 19:00:00+00:00,Vallecano,Espanol,0,4,A,1.68,3.56,5.92
E0_2025-04-05_everton_arsenal,E0,2025-04-05,12:30,2025-04-05 11:30:00+00:00,Everton,Arsenal,1,1,D,4.1,3.17,2.07
SP1_2025-04-05_girona_alaves,SP1,2025-04-05,13:00,2025-04-05 12:00:00+00:00,Girona,Alaves,0,1,A,2.08,3.3,3.8
I1_2025-04-05_monza_como,I1,2025-04-05,14:00,2025-04-05 13:00:00+00:00,Monza,Como,1,3,A,5.05,3.86,1.69
D1_2025-04-05_bochum_stuttgart,D1,2025-04-05,14:30,2025-04-05 13:30:00+00:00,Bochum,Stuttgart,0,4,A,2.54,3.53,2.69
D1_2025-04-05_freiburg_dortmund,D1,2025-04-05,14:30,2025-04-05 13:30:00+00:00,Freiburg,Dortmund,1,4,A,3.35,3.6,2.12
D1_2025-04-05_heidenheim_leverkusen,D1,2025-04-05,14:30,2025-04-05 13:30:00+00:00,Heidenheim,Leverkusen,0,1,A,6.15,4.42,1.51
D1_2025-04-05_mainz_holstein-kiel,D1,2025-04-05,14:30,2025-04-05 13:30:00+00:00,Mainz,Holstein Kiel,1,1,D,1.42,4.81,7.16
D1_2025-04-05_rb-leipzig_hoffenheim,D1,2025-04-05,14:30,2025-04-05 13:30:00+00:00,RB Leipzig,Hoffenheim,3,1,H,1.67,4.24,4.72
E0_2025-04-05_crystal-palace_brighton,E0,2025-04-05,15:00,2025-04-05 14:00:00+00:00,Crystal Palace,Brighton,2,1,H,2.53,3.39,2.81
E0_2025-04-05_ipswich_wolves,E0,2025-04-05,15:00,2025-04-05 14:00:00+00:00,Ipswich,Wolves,1,2,A,2.84,3.2,2.63
E0_2025-04-05_west-ham_bournemouth,E0,2025-04-05,15:00,2025-04-05 14:00:00+00:00,West Ham,Bournemouth,2,2,D,2.98,3.49,2.38
SP1_2025-04-05_real-madrid_valencia,SP1,2025-04-05,15:15,2025-04-05 14:15:00+00:00,Real Madrid,Valencia,1,2,A,1.28,6.1,9.7
F1_2025-04-05_paris-sg_angers,F1,2025-04-05,16:00,2025-04-05 15:00:00+00:00,Paris SG,Angers,1,0,H,1.13,9.17,18.34
I1_2025-04-05_parma_inter,I1,2025-04-05,17:00,2025-04-05 16:00:00+00:00,Parma,Inter,2,2,D,7.08,4.45,1.46
D1_2025-04-05_werder-bremen_ein-frankfurt,D1,2025-04-05,17:30,2025-04-05 16:30:00+00:00,Werder Bremen,Ein Frankfurt,2,0,H,2.33,3.63,2.91
E0_2025-04-05_aston-villa_nott-m-forest,E0,2025-04-05,17:30,2025-04-05 16:30:00+00:00,Aston Villa,Nott'm Forest,2,1,H,2.14,3.39,3.57
SP1_2025-04-05_mallorca_celta,SP1,2025-04-05,17:30,2025-04-05 16:30:00+00:00,Mallorca,Celta,1,2,A,2.81,3.09,2.73
F1_2025-04-05_brest_monaco,F1,2025-04-05,18:00,2025-04-05 17:00:00+00:00,Brest,Monaco,2,1,H,4.36,3.8,1.8
I1_2025-04-05_milan_fiorentina,I1,2025-04-05,19:45,2025-04-05 18:45:00+00:00,Milan,Fiorentina,2,2,D,1.79,3.65,4.64
SP1_2025-04-05_barcelona_betis,SP1,2025-04-05,20:00,2025-04-05 19:00:00+00:00,Barcelona,Betis,1,1,D,1.36,5.57,7.66
F1_2025-04-05_lyon_lille,F1,2025-04-05,20:05,2025-04-05 19:05:00+00:00,Lyon,Lille,2,1,H,2.29,3.52,3.07
I1_2025-04-06_lecce_venezia,I1,2025-04-06,11:30,2025-04-06 10:30:00+00:00,Lecce,Venezia,1,1,D,2.4,3.01,3.37
SP1_2025-04-06_las-palmas_sociedad,SP1,2025-04-06,13:00,2025-04-06 12:00:00+00:00,Las Palmas,Sociedad,1,3,A,3.14,3.24,2.39
E0_2025-04-06_brentford_chelsea,E0,2025-04-06,14:00,2025-04-06 13:00:00+00:00,Brentford,Chelsea,0,0,D,2.89,3.57,2.41
E0_2025-04-06_fulham_liverpool,E0,2025-04-06,14:00,2025-04-06 13:00:00+00:00,Fulham,Liverpool,3,2,H,4.19,3.52,1.92
E0_2025-04-06_tottenham_southampton,E0,2025-04-06,14:00,2025-04-06 13:00:00+00:00,Tottenham,Southampton,3,1,H,1.37,5.41,7.68
F1_2025-04-06_lens_st-etienne,F1,2025-04-06,14:00,2025-04-06 13:00:00+00:00,Lens,St Etienne,1,0,H,1.6,4.25,5.34
I1_2025-04-06_empoli_cagliari,I1,2025-04-06,14:00,2025-04-06 13:00:00+00:00,Empoli,Cagliari,0,0,D,2.59,3.03,3.01
I1_2025-04-06_torino_verona,I1,2025-04-06,14:00,2025-04-06 13:00:00+00:00,Torino,Verona,1,1,D,1.89,3.14,4.95
D1_2025-04-06_st-pauli_m-gladbach,D1,2025-04-06,14:30,2025-04-06 13:30:00+00:00,St Pauli,M'gladbach,1,1,D,2.29,3.49,3.11
SP1_2025-04-06_sevilla_ath-madrid,SP1,2025-04-06,15:15,2025-04-06 14:15:00+00:00,Sevilla,Ath Madrid,1,2,A,3.52,3.2,2.22
F1_2025-04-06_montpellier_le-havre,F1,2025-04-06,16:15,2025-04-06 15:15:00+00:00,Montpellier,Le Havre,0,2,A,2.52,3.37,2.82
F1_2025-04-06_reims_strasbourg,F1,2025-04-06,16:15,2025-04-06 15:15:00+00:00,Reims,Strasbourg,0,1,A,3.47,3.52,2.11
F1_2025-04-06_rennes_auxerre,F1,2025-04-06,16:15,2025-04-06 15:15:00+00:00,Rennes,Auxerre,0,1,A,1.88,3.66,4.11
D1_2025-04-06_union-berlin_wolfsburg,D1,2025-04-06,16:30,2025-04-06 15:30:00+00:00,Union Berlin,Wolfsburg,1,0,H,2.3,3.36,3.2
E0_2025-04-06_man-united_man-city,E0,2025-04-06,16:30,2025-04-06 15:30:00+00:00,Man United,Man City,0,0,D,3.39,3.67,2.11
I1_2025-04-06_atalanta_lazio,I1,2025-04-06,17:00,2025-04-06 16:00:00+00:00,Atalanta,Lazio,0,1,A,1.68,3.87,5.16
SP1_2025-04-06_valladolid_getafe,SP1,2025-04-06,17:30,2025-04-06 16:30:00+00:00,Valladolid,Getafe,0,4,A,4.46,3.09,2.01
F1_2025-04-06_marseille_toulouse,F1,2025-04-06,19:45,2025-04-06 18:45:00+00:00,Marseille,Toulouse,3,2,H,1.72,3.96,4.58
I1_2025-04-06_roma_juventus,I1,2025-04-06,19:45,2025-04-06 18:45:00+00:00,Roma,Juventus,1,1,D,2.47,3.09,3.13
SP1_2025-04-06_villarreal_ath-bilbao,SP1,2025-04-06,20:00,2025-04-06 19:00:00+00:00,Villarreal,Ath Bilbao,0,0,D,2.36,3.32,3.12
I1_2025-04-07_bologna_napoli,I1,2025-04-07,19:45,2025-04-07 18:45:00+00:00,Bologna,Napoli,1,1,D,2.63,2.95,3.06
E0_2025-04-07_leicester_newcastle,E0,2025-04-07,20:00,2025-04-07 19:00:00+00:00,Leicester,Newcastle,0,3,A,7.18,4.63,1.45
SP1_2025-04-07_leganes_osasuna,SP1,2025-04-07,20:00,2025-04-07 19:00:00+00:00,Leganes,Osasuna,1,1,D,2.72,2.92,2.94
D1_2025-04-11_wolfsburg_rb-leipzig,D1,2025-04-11,19:30,2025-04-11 18:30:00+00:00,Wolfsburg,RB Leipzig,2,3,A,2.75,3.68,2.41
F1_2025-04-11_lens_reims,F1,2025-04-11,19:45,2025-04-11 18:45:00+00:00,Lens,Reims,0,2,A,1.58,4.07,5.8
I1_2025-04-11_udinese_milan,I1,2025-04-11,19:45,2025-04-11 18:45:00+00:00,Udinese,Milan,0,4,A,4.18,3.57,1.89
SP1_2025-04-11_valencia_sevilla,SP1,2025-04-11,20:00,2025-04-11 19:00:00+00:00,Valencia,Sevilla,1,0,H,2.36,3.05,3.37
E0_2025-04-12_man-city_crystal-palace,E0,2025-04-12,12:30,2025-04-12 11:30:00+00:00,Man City,Crystal Palace,5,2,H,1.63,4.25,5.16
SP1_2025-04-12_sociedad_mallorca,SP1,2025-04-12,13:00,2025-04-12 12:00:00+00:00,Sociedad,Mallorca,0,2,A,2.03,3.08,4.28
I1_2025-04-12_venezia_monza,I1,2025-04-12,14:00,2025-04-12 13:00:00+00:00,Venezia,Monza,1,0,H,1.79,3.56,4.77
D1_2025-04-12_bochum_augsburg,D1,2025-04-12,14:30,2025-04-12 13:30:00+00:00,Bochum,Augsburg,1,2,A,2.38,3.3,3.08
D1_2025-04-12_hoffenheim_mainz,D1,2025-04-12,14:30,2025-04-12 13:30:00+00:00,Hoffenheim,Mainz,2,0,H,2.45,3.44,2.87
D1_2025-04-12_holstein-kiel_st-pauli,D1,2025-04-12,14:30,2025-04-12 13:30:00+00:00,Holstein Kiel,St Pauli,1,2,A,3.44,3.42,2.14
D1_2025-04-12_leverkusen_union-berlin,D1,2025-04-12,14:30,2025-04-12 13:30:00+00:00,Leverkusen,Union Berlin,0,0,D,1.36,5.0,8.34
D1_2025-04-12_m-gladbach_freiburg,D1,2025-04-12,14:30,2025-04-12 13:30:00+00:00,M'gladbach,Freiburg,1,2,A,2.26,3.67,3.0
E0_2025-04-12_brighton_leicester,E0,2025-04-12,15:00,2025-04-12 14:00:00+00:00,Brighton,Leicester,2,2,D,1.29,5.98,10.04
E0_2025-04-12_nott-m-forest_everton,E0,2025-04-12,15:00,2025-04-12 14:00:00+00:00,Nott'm Forest,Everton,0,1,A,1.97,3.34,4.21
E0_2025-04-12_southampton_aston-villa,E0,2025-04-12,15:00,2025-04-12 14:00:00+00:00,Southampton,Aston Villa,0,3,A,6.1,4.55,1.52
SP1_2025-04-12_getafe_las-palmas,SP1,2025-04-12,15:15,2025-04-12 14:15:00+00:00,Getafe,Las Palmas,1,3,A,1.7,3.62,5.41
F1_2025-04-12_monaco_marseille,F1,2025-04-12,16:00,2025-04-12 15:00:00+00:00,Monaco,Marseille,3,0,H,1.91,4.02,3.62
I1_2025-04-12_inter_cagliari,I1,2025-04-12,17:00,2025-04-12 16:00:00+00:00,Inter,Cagliari,3,1,H,1.31,5.38,10.04
D1_2025-04-12_bayern-munich_dortmund,D1,2025-04-12,17:30,2025-04-12 16:30:00+00:00,Bayern Munich,Dortmund,2,2,D,1.45,5.22,6.02
E0_2025-04-12_arsenal_brentford,E0,2025-04-12,17:30,2025-04-12 16:30:00+00:00,Arsenal,Brentford,1,1,D,1.63,4.15,5.21
SP1_2025-04-12_celta_espanol,SP1,2025-04-12,17:30,2025-04-12 16:30:00+00:00,Celta,Espanol,0,2,A,1.64,3.81,5.71
F1_2025-04-12_toulouse_lille,F1,2025-04-12,18:00,2025-04-12 17:00:00+00:00,Toulouse,Lille,1,2,A,3.15,3.24,2.36
I1_2025-04-12_juventus_lecce,I1,2025-04-12,19:45,2025-04-12 18:45:00+00:00,Juventus,Lecce,2,1,H,1.34,4.96,9.9
SP1_2025-04-12_leganes_barcelona,SP1,2025-04-12,20:00,2025-04-12 19:00:00+00:00,Leganes,Barcelona,0,1,A,10.46,6.44,1.25
F1_2025-04-12_strasbourg_nice,F1,2025-04-12,20:05,2025-04-12 19:05:00+00:00,Strasbourg,Nice,2,2,D,2.82,3.43,2.47
I1_2025-04-13_atalanta_bologna,I1,2025-04-13,11:30,2025-04-13 10:30:00+00:00,Atalanta,Bologna,2,0,H,1.94,3.47,4.07
SP1_2025-04-13_osasuna_girona,SP1,2025-04-13,13:00,2025-04-13 12:00:00+00:00,Osasuna,Girona,2,1,H,2.52,3.1,3.04
E0_2025-04-13_chelsea_ipswich,E0,2025-04-13,14:00,2025-04-13 13:00:00+00:00,Chelsea,Ipswich,2,2,D,1.2,7.33,13.53
E0_2025-04-13_liverpool_west-ham,E0,2025-04-13,14:00,2025-04-13 13:00:00+00:00,Liverpool,West Ham,2,1,H,1.28,5.9,10.63
E0_2025-04-13_wolves_tottenham,E0,2025-04-13,14:00,2025-04-13 13:00:00+00:00,Wolves,Tottenham,4,2,H,2.28,3.56,3.1
F1_2025-04-13_st-etienne_brest,F1,2025-04-13,14:00,2025-04-13 13:00:00+00:00,St Etienne,Brest,3,3,D,3.56,3.7,2.01
I1_2025-04-13_fiorentina_parma,I1,2025-04-13,14:00,2025-04-13 13:00:00+00:00,Fiorentina,Parma,0,0,D,1.74,3.67,5.0
I1_2025-04-13_verona_genoa,I1,2025-04-13,14:00,2025-04-13 13:00:00+00:00,Verona,Genoa,0,0,D,2.96,2.78,2.85
D1_2025-04-13_stuttgart_werder-bremen,D1,2025-04-13,14:30,2025-04-13 13:30:00+00:00,Stuttgart,Werder Bremen,1,2,A,1.73,4.25,4.26
SP1_2025-04-13_alaves_real-madrid,SP1,2025-04-13,15:15,2025-04-13 14:15:00+00:00,Alaves,Real Madrid,0,1,A,4.98,3.85,1.71
F1_2025-04-13_angers_montpellier,F1,2025-04-13,16:15,2025-04-13 15:15:00+00:00,Angers,Montpellier,2,0,H,1.95,3.45,4.03
F1_2025-04-13_le-havre_rennes,F1,2025-04-13,16:15,2025-04-13 15:15:00+00:00,Le Havre,Rennes,1,5,A,3.67,3.41,2.06
D1_2025-04-13_ein-frankfurt_heidenheim,D1,2025-04-13,16:30,2025-04-13 15:30:00+00:00,Ein Frankfurt,Heidenheim,3,0,H,1.74,4.04,4.39
E0_2025-04-13_newcastle_man-united,E0,2025-04-13,16:30,2025-04-13 15:30:00+00:00,Newcastle,Man United,4,1,H,1.61,4.29,5.26
I1_2025-04-13_como_torino,I1,2025-04-13,17:00,2025-04-13 16:00:00+00:00,Como,Torino,1,0,H,1.85,3.56,4.41
SP1_2025-04-13_betis_villarreal,SP1,2025-04-13,17:30,2025-04-13 16:30:00+00:00,Betis,Villarreal,1,2,A,2.18,3.47,3.34
F1_2025-04-13_auxerre_lyon,F1,2025-04-13,19:45,2025-04-13 18:45:00+00:00,Auxerre,Lyon,1,3,A,4.12,3.86,1.82
I1_2025-04-13_lazio_roma,I1,2025-04-13,19:45,2025-04-13 18:45:00+00:00,Lazio,Roma,1,1,D,3.15,3.14,2.42
SP1_2025-04-13_ath-bilbao_vallecano,SP1,2025-04-13,20:00,2025-04-13 19:00:00+00:00,Ath Bilbao,Vallecano,3,1,H,1.85,3.24,5.08
I1_2025-04-14_napoli_empoli,I1,2025-04-14,19:45,2025-04-14 18:45:00+00:00,Napoli,Empoli,3,0,H,1.44,4.46,7.93
E0_2025-04-14_bournemouth_fulham,E0,2025-04-14,20:00,2025-04-14 19:00:00+00:00,Bournemouth,Fulham,1,0,H,2.24,3.41,3.3
SP1_2025-04-14_ath-madrid_valladolid,SP1,2025-04-14,20:00,2025-04-14 19:00:00+00:00,Ath Madrid,Valladolid,4,2,H,1.1,9.5,28.3
E0_2025-04-16_newcastle_crystal-palace,E0,2025-04-16,19:30,2025-04-16 18:30:00+00:00,Newcastle,Crystal Palace,5,0,H,1.67,3.99,5.1
F1_2025-04-18_rennes_nantes,F1,2025-04-18,19:45,2025-04-18 18:45:00+00:00,Rennes,Nantes,2,1,H,1.82,3.61,4.49
SP1_2025-04-18_espanol_getafe,SP1,2025-04-18,20:00,2025-04-18 19:00:00+00:00,Espanol,Getafe,1,0,H,2.8,2.64,3.19
SP1_2025-04-19_vallecano_valencia,SP1,2025-04-19,13:00,2025-04-19 12:00:00+00:00,Vallecano,Valencia,1,1,D,2.39,3.14,3.22
I1_2025-04-19_lecce_como,I1,2025-04-19,14:00,2025-04-19 13:00:00+00:00,Lecce,Como,0,3,A,3.58,3.42,2.1
D1_2025-04-19_freiburg_hoffenheim,D1,2025-04-19,14:30,2025-04-19 13:30:00+00:00,Freiburg,Hoffenheim,3,2,H,1.91,3.76,3.87
D1_2025-04-19_heidenheim_bayern-munich,D1,2025-04-19,14:30,2025-04-19 13:30:00+00:00,Heidenheim,Bayern Munich,0,4,A,9.71,6.36,1.27
D1_2025-04-19_mainz_wolfsburg,D1,2025-04-19,14:30,2025-04-19 13:30:00+00:00,Mainz,Wolfsburg,2,2,D,2.02,3.67,3.58
D1_2025-04-19_rb-leipzig_holstein-kiel,D1,2025-04-19,14:30,2025-04-19 13:30:00+00:00,RB Leipzig,Holstein Kiel,1,1,D,1.45,4.99,6.23
D1_2025-04-19_werder-bremen_bochum,D1,2025-04-19,14:30,2025-04-19 13:30:00+00:00,Werder Bremen,Bochum,1,0,H,1.59,4.44,5.1
E0_2025-04-19_brentford_brighton,E0,2025-04-19,15:00,2025-04-19 14:00:00+00:00,Brentford,Brighton,4,2,H,2.64,3.58,2.59
E0_2025-04-19_crystal-palace_bournemouth,E0,2025-04-19,15:00,2025-04-19 14:00:00+00:00,Crystal Palace,Bournemouth,0,0,D,2.57,3.49,2.72
E0_2025-04-19_everton_man-city,E0,2025-04-19,15:00,2025-04-19 14:00:00+00:00,Everton,Man City,0,2,A,4.06,3.64,1.91
E0_2025-04-19_west-ham_southampton,E0,2025-04-19,15:00,2025-04-19 14:00:00+00:00,West Ham,Southampton,1,1,D,1.6,4.3,5.37
SP1_2025-04-19_barcelona_celta,SP1,2025-04-19,15:15,2025-04-19 14:15:00+00:00,Barcelona,Celta,4,3,H,1.24,6.94,10.16
F1_2025-04-19_paris-sg_le-havre,F1,2025-04-19,16:00,2025-04-19 15:00:00+00:00,Paris SG,Le Havre,2,1,H,1.17,8.34,13.52
I1_2025-04-19_monza_napoli,I1,2025-04-19,17:00,2025-04-19 16:00:00+00:00,Monza,Napoli,0,1,A,10.43,5.08,1.32
D1_2025-04-19_union-berlin_stuttgart,D1,2025-04-19,17:30,2025-04-19 16:30:00+00:00,Union Berlin,Stuttgart,4,4,D,3.07,3.44,2.29
E0_2025-04-19_aston-villa_newcastle,E0,2025-04-19,17:30,2025-04-19 16:30:00+00:00,Aston Villa,Newcastle,4,1,H,2.54,3.6,2.69
SP1_2025-04-19_mallorca_leganes,SP1,2025-04-19,17:30,2025-04-19 16:30:00+00:00,Mallorca,Leganes,0,0,D,1.84,3.09,5.51
F1_2025-04-19_monaco_strasbourg,F1,2025-04-19,18:00,2025-04-19 17:00:00+00:00,Monaco,Strasbourg,0,0,D,1.5,4.72,5.85
I1_2025-04-19_roma_verona,I1,2025-04-19,19:45,2025-04-19 18:45:00+00:00,Roma,Verona,1,0,H,1.57,3.92,6.37
SP1_2025-04-19_las-palmas_ath-madrid,SP1,2025-04-19,20:00,2025-04-19 19:00:00+00:00,Las Palmas,Ath Madrid,1,0,H,5.6,3.92,1.62
F1_2025-04-19_marseille_montpellier,F1,2025-04-19,20:05,2025-04-19 19:05:00+00:00,Marseille,Montpellier,5,1,H,1.14,8.61,16.5
SP1_2025-04-20_valladolid_osasuna,SP1,2025-04-20,13:00,2025-04-20 12:00:00+00:00,Valladolid,Osasuna,2,3,A,5.02,3.58,1.75
E0_2025-04-20_fulham_chelsea,E0,2025-04-20,14:00,2025-04-20 13:00:00+00:00,Fulham,Chelsea,1,2,A,3.07,3.57,2.3
E0_2025-04-20_ipswich_arsenal,E0,2025-04-20,14:00,2025-04-20 13:00:00+00:00,Ipswich,Arsenal,0,4,A,9.07,5.12,1.35
E0_2025-04-20_man-united_wolves,E0,2025-04-20,14:00,2025-04-20 13:00:00+00:00,Man United,Wolves,0,1,A,2.56,3.44,2.76
F1_2025-04-20_lille_auxerre,F1,2025-04-20,14:00,2025-04-20 13:00:00+00:00,Lille,Auxerre,3,1,H,1.35,5.08,8.76
I1_2025-04-20_empoli_venezia,I1,2025-04-20,14:00,2025-04-20 13:00:00+00:00,Empoli,Venezia,2,2,D,2.3,2.96,3.6
D1_2025-04-20_augsburg_ein-frankfurt,D1,2025-04-20,14:30,2025-04-20 13:30:00+00:00,Augsburg,Ein Frankfurt,0,0,D,2.58,3.39,2.73
SP1_2025-04-20_villarreal_sociedad,SP1,2025-04-20,15:15,2025-04-20 14:15:00+00:00,Villarreal,Sociedad,2,2,D,1.65,4.07,5.02
F1_2025-04-20_brest_lens,F1,2025-04-20,16:15,2025-04-20 15:15:00+00:00,Brest,Lens,1,3,A,2.45,3.3,2.94
F1_2025-04-20_nice_angers,F1,2025-04-20,16:15,2025-04-20 15:15:00+00:00,Nice,Angers,2,1,H,1.38,4.92,8.21
F1_2025-04-20_reims_toulouse,F1,2025-04-20,16:15,2025-04-20 15:15:00+00:00,Reims,Toulouse,1,0,H,3.55,3.46,2.09
D1_2025-04-20_dortmund_m-gladbach,D1,2025-04-20,16:30,2025-04-20 15:30:00+00:00,Dortmund,M'gladbach,3,2,H,1.36,5.65,7.12
E0_2025-04-20_leicester_liverpool,E0,2025-04-20,16:30,2025-04-20 15:30:00+00:00,Leicester,Liverpool,0,1,A,11.84,6.92,1.22
I1_2025-04-20_bologna_inter,I1,2025-04-20,17:00,2025-04-20 16:00:00+00:00,Bologna,Inter,1,0,H,3.43,3.09,2.3
SP1_2025-04-20_sevilla_alaves,SP1,2025-04-20,17:30,2025-04-20 16:30:00+00:00,Sevilla,Alaves,1,1,D,2.09,3.02,4.18
D1_2025-04-20_st-pauli_leverkusen,D1,2025-04-20,18:30,2025-04-20 17:30:00+00:00,St Pauli,Leverkusen,1,1,D,4.96,3.88,1.7
F1_2025-04-20_st-etienne_lyon,F1,2025-04-20,19:45,2025-04-20 18:45:00+00:00,St Etienne,Lyon,2,1,H,4.89,4.38,1.61
I1_2025-04-20_milan_atalanta,I1,2025-04-20,19:45,2025-04-20 18:45:00+00:00,Milan,Atalanta,0,1,A,2.58,3.53,2.64
SP1_2025-04-20_real-madrid_ath-bilbao,SP1,2025-04-20,20:00,2025-04-20 19:00:00+00:00,Real Madrid,Ath Bilbao,1,0,H,1.43,4.58,7.51
E0_2025-04-21_tottenham_nott-m-forest,E0,2025-04-21,20:00,2025-04-21 19:00:00+00:00,Tottenham,Nott'm Forest,1,2,A,2.4,3.49,2.96
SP1_2025-04-21_girona_betis,SP1,2025-04-21,20:00,2025-04-21 19:00:00+00:00,Girona,Betis,1,3,A,2.62,3.34,2.71
SP1_2025-04-22_valencia_espanol,SP1,2025-04-22,18:00,2025-04-22 17:00:00+00:00,Valencia,Espanol,1,1,D,2.01,3.26,4.07
F1_2025-04-22_nantes_paris-sg,F1,2025-04-22,19:45,2025-04-22 18:45:00+00:00,Nantes,Paris SG,1,1,D,7.09,5.31,1.38
E0_2025-04-22_man-city_aston-villa,E0,2025-04-22,20:00,2025-04-22 19:00:00+00:00,Man City,Aston Villa,2,1,H,1.91,3.92,3.84
SP1_2025-04-22_barcelona_mallorca,SP1,2025-04-22,20:30,2025-04-22 19:30:00+00:00,Barcelona,Mallorca,1,0,H,1.3,5.73,9.89
I1_2025-04-23_cagliari_fiorentina,I1,2025-04-23,17:30,2025-04-23 16:30:00+00:00,Cagliari,Fiorentina,1,2,A,3.03,3.07,2.54
I1_2025-04-23_genoa_lazio,I1,2025-04-23,17:30,2025-04-23 16:30:00+00:00,Genoa,Lazio,0,2,A,3.75,3.14,2.16
I1_2025-04-23_parma_juventus,I1,2025-04-23,17:30,2025-04-23 16:30:00+00:00,Parma,Juventus,1,0,H,5.0,3.73,1.72
I1_2025-04-23_torino_udinese,I1,2025-04-23,17:30,2025-04-23 16:30:00+00:00,Torino,Udinese,2,0,H,2.51,2.94,3.23
SP1_2025-04-23_ath-bilbao_las-palmas,SP1,2025-04-23,18:00,2025-04-23 17:00:00+00:00,Ath Bilbao,Las Palmas,1,0,H,1.38,4.93,8.5
SP1_2025-04-23_celta_villarreal,SP1,2025-04-23,18:00,2025-04-23 17:00:00+00:00,Celta,Villarreal,3,0,H,2.41,3.49,2.89
E0_2025-04-23_arsenal_crystal-palace,E0,2025-04-23,20:00,2025-04-23 19:00:00+00:00,Arsenal,Crystal Palace,2,2,D,1.4,4.77,8.6
SP1_2025-04-23_alaves_sociedad,SP1,2025-04-23,20:30,2025-04-23 19:30:00+00:00,Alaves,Sociedad,1,0,H,2.36,3.02,3.4
SP1_2025-04-23_getafe_real-madrid,SP1,2025-04-23,20:30,2025-04-23 19:30:00+00:00,Getafe,Real Madrid,0,1,A,5.99,3.8,1.61
SP1_2025-04-24_leganes_girona,SP1,2025-04-24,18:00,2025-04-24 17:00:00+00:00,Leganes,Girona,1,1,D,3.19,3.05,2.45
SP1_2025-04-24_osasuna_sevilla,SP1,2025-04-24,18:00,2025-04-24 17:00:00+00:00,Osasuna,Sevilla,1,0,H,2.32,2.99,3.54
SP1_2025-04-24_ath-madrid_vallecano,SP1,2025-04-24,20:30,2025-04-24 19:30:00+00:00,Ath Madrid,Vallecano,3,0,H,1.5,4.29,6.83
SP1_2025-04-24_betis_valladolid,SP1,2025-04-24,20:30,2025-04-24 19:30:00+00:00,Betis,Valladolid,5,1,H,1.16,8.0,15.48
D1_2025-04-25_stuttgart_heidenheim,D1,2025-04-25,19:30,2025-04-25 18:30:00+00:00,Stuttgart,Heidenheim,0,1,A,1.46,4.88,6.19
F1_2025-04-25_paris-sg_nice,F1,2025-04-25,19:45,2025-04-25 18:45:00+00:00,Paris SG,Nice,1,3,A,1.52,4.69,5.57
E0_2025-04-26_chelsea_everton,E0,2025-04-26,12:30,2025-04-26 11:30:00+00:00,Chelsea,Everton,1,0,H,1.44,4.79,7.31
D1_2025-04-26_bayern-munich_mainz,D1,2025-04-26,14:30,2025-04-26 13:30:00+00:00,Bayern Munich,Mainz,3,0,H,1.23,7.02,10.41
D1_2025-04-26_hoffenheim_dortmund,D1,2025-04-26,14:30,2025-04-26 13:30:00+00:00,Hoffenheim,Dortmund,2,3,A,3.97,3.96,1.84
D1_2025-04-26_holstein-kiel_m-gladbach,D1,2025-04-26,14:30,2025-04-26 13:30:00+00:00,Holstein Kiel,M'gladbach,4,3,H,2.54,3.74,2.6
D1_2025-04-26_leverkusen_augsburg,D1,2025-04-26,14:30,2025-04-26 13:30:00+00:00,Leverkusen,Augsburg,2,0,H,1.48,4.67,6.24
D1_2025-04-26_wolfsburg_freiburg,D1,2025-04-26,14:30,2025-04-26 13:30:00+00:00,Wolfsburg,Freiburg,0,1,A,2.36,3.63,2.86
E0_2025-04-26_brighton_west-ham,E0,2025-04-26,15:00,2025-04-26 14:00:00+00:00,Brighton,West Ham,3,2,H,1.78,3.96,4.36
E0_2025-04-26_newcastle_ipswich,E0,2025-04-26,15:00,2025-04-26 14:00:00+00:00,Newcastle,Ipswich,3,0,H,1.17,8.08,15.61
E0_2025-04-26_southampton_fulham,E0,2025-04-26,15:00,2025-04-26 14:00:00+00:00,Southampton,Fulham,1,2,A,5.15,4.08,1.65
E0_2025-04-26_wolves_leicester,E0,2025-04-26,15:00,2025-04-26 14:00:00+00:00,Wolves,Leicester,3,0,H,1.53,4.39,6.11
F1_2025-04-26_strasbourg_st-etienne,F1,2025-04-26,16:00,2025-04-26 15:00:00+00:00,Strasbourg,St Etienne,3,1,H,1.53,4.59,5.48
D1_2025-04-26_ein-frankfurt_rb-leipzig,D1,2025-04-26,17:30,2025-04-26 16:30:00+00:00,Ein Frankfurt,RB Leipzig,4,0,H,2.02,3.94,3.35
F1_2025-04-26_le-havre_monaco,F1,2025-04-26,18:00,2025-04-26 17:00:00+00:00,Le Havre,Monaco,1,1,D,7.7,5.1,1.38
F1_2025-04-26_lyon_rennes,F1,2025-04-26,20:05,2025-04-26 19:05:00+00:00,Lyon,Rennes,4,1,H,1.63,4.39,4.77
I1_2025-04-27_como_genoa,I1,2025-04-27,11:30,2025-04-27 10:30:00+00:00,Como,Genoa,1,0,H,1.78,3.61,4.75
I1_2025-04-27_venezia_milan,I1,2025-04-27,11:30,2025-04-27 10:30:00+00:00,Venezia,Milan,0,2,A,5.04,4.11,1.64
E0_2025-04-27_bournemouth_man-united,E0,2025-04-27,14:00,2025-04-27 13:00:00+00:00,Bournemouth,Man United,1,1,D,1.95,3.83,3.69
F1_2025-04-27_angers_lille,F1,2025-04-27,14:00,2025-04-27 13:00:00+00:00,Angers,Lille,0,2,A,7.15,4.36,1.47
I1_2025-04-27_fiorentina_empoli,I1,2025-04-27,14:00,2025-04-27 13:00:00+00:00,Fiorentina,Empoli,2,1,H,2.08,3.16,3.94
I1_2025-04-27_inter_roma,I1,2025-04-27,14:00,2025-04-27 13:00:00+00:00,Inter,Roma,0,1,A,1.78,3.67,4.64
D1_2025-04-27_bochum_union-berlin,D1,2025-04-27,14:30,2025-04-27 13:30:00+00:00,Bochum,Union Berlin,1,1,D,2.37,3.37,3.04
SP1_2025-04-27_villarreal_espanol,SP1,2025-04-27,15:15,2025-04-27 14:15:00+00:00,Villarreal,Espanol,1,0,H,1.38,5.08,7.17
F1_2025-04-27_lens_auxerre,F1,2025-04-27,16:15,2025-04-27 15:15:00+00:00,Lens,Auxerre,0,4,A,1.56,4.33,5.59
F1_2025-04-27_montpellier_reims,F1,2025-04-27,16:15,2025-04-27 15:15:00+00:00,Montpellier,Reims,0,0,D,4.1,3.71,1.86
F1_2025-04-27_nantes_toulouse,F1,2025-04-27,16:15,2025-04-27 15:15:00+00:00,Nantes,Toulouse,0,0,D,2.87,3.13,2.6
D1_2025-04-27_werder-bremen_st-pauli,D1,2025-04-27,16:30,2025-04-27 15:30:00+00:00,Werder Bremen,St Pauli,0,0,D,1.99,3.56,3.75
E0_2025-04-27_liverpool_tottenham,E0,2025-04-27,16:30,2025-04-27 15:30:00+00:00,Liverpool,Tottenham,5,1,H,1.2,7.4,12.79
I1_2025-04-27_juventus_monza,I1,2025-04-27,17:00,2025-04-27 16:00:00+00:00,Juventus,Monza,2,0,H,1.21,6.67,13.31
F1_2025-04-27_marseille_brest,F1,2025-04-27,19:45,2025-04-27 18:45:00+00:00,Marseille,Brest,4,1,H,1.36,5.32,7.74
I1_2025-04-27_atalanta_lecce,I1,2025-04-27,19:45,2025-04-27 18:45:00+00:00,Atalanta,Lecce,1,1,D,1.25,5.93,11.95
I1_2025-04-27_napoli_torino,I1,2025-04-27,19:45,2025-04-27 18:45:00+00:00,Napoli,Torino,2,0,H,1.36,4.74,9.43
I1_2025-04-28_udinese_bologna,I1,2025-04-28,17:30,2025-04-28 16:30:00+00:00,Udinese,Bologna,0,0,D,5.12,3.44,1.77
I1_2025-04-28_lazio_parma,I1,2025-04-28,19:45,2025-04-28 18:45:00+00:00,Lazio,Parma,2,2,D,1.38,4.91,8.33
I1_2025-04-28_verona_cagliari,I1,2025-04-28,19:45,2025-04-28 18:45:00+00:00,Verona,Cagliari,0,2,A,2.4,2.72,3.68
E0_2025-05-01_nott-m-forest_brentford,E0,2025-05-01,19:30,2025-05-01 18:30:00+00:00,Nott'm Forest,Brentford,0,2,A,2.31,3.54,3.07
D1_2025-05-02_heidenheim_bochum,D1,2025-05-02,19:30,2025-05-02 18:30:00+00:00,Heidenheim,Bochum,0,0,D,2.36,3.38,3.02
F1_2025-05-02_nice_reims,F1,2025-05-02,19:45,2025-05-02 18:45:00+00:00,Nice,Reims,1,0,H,1.37,5.02,7.94
I1_2025-05-02_torino_venezia,I1,2025-05-02,19:45,2025-05-02 18:45:00+00:00,Torino,Venezia,1,1,D,2.54,3.01,3.09
E0_2025-05-02_man-city_wolves,E0,2025-05-02,20:00,2025-05-02 19:00:00+00:00,Man City,Wolves,1,0,H,1.34,5.42,9.09
SP1_2025-05-02_vallecano_getafe,SP1,2025-05-02,20:00,2025-05-02 19:00:00+00:00,Vallecano,Getafe,1,0,H,2.4,2.92,3.43
E0_2025-05-03_aston-villa_fulham,E0,2025-05-03,12:30,2025-05-03 11:30:00+00:00,Aston Villa,Fulham,1,0,H,1.86,3.75,4.18
SP1_2025-05-03_alaves_ath-madrid,SP1,2025-05-03,13:00,2025-05-03 12:00:00+00:00,Alaves,Ath Madrid,0,0,D,3.83,3.17,2.11
I1_2025-05-03_cagliari_udinese,I1,2025-05-03,14:00,2025-05-03 13:00:00+00:00,Cagliari,Udinese,1,2,A,2.57,2.93,3.13
I1_2025-05-03_parma_como,I1,2025-05-03,14:00,2025-05-03 13:00:00+00:00,Parma,Como,0,1,A,3.28,3.32,2.26
D1_2025-05-03_m-gladbach_hoffenheim,D1,2025-05-03,14:30,2025-05-03 13:30:00+00:00,M'gladbach,Hoffenheim,4,4,D,2.26,3.95,2.84
D1_2025-05-03_rb-leipzig_bayern-munich,D1,2025-05-03,14:30,2025-05-03 13:30:00+00:00,RB Leipzig,Bayern Munich,3,3,D,4.12,4.52,1.71
D1_2025-05-03_st-pauli_stuttgart,D1,2025-05-03,14:30,2025-05-03 13:30:00+00:00,St Pauli,Stuttgart,0,1,A,2.79,3.46,2.5
D1_2025-05-03_union-berlin_werder-bremen,D1,2025-05-03,14:30,2025-05-03 13:30:00+00:00,Union Berlin,Werder Bremen,2,2,D,3.12,3.45,2.28
E0_2025-05-03_everton_ipswich,E0,2025-05-03,15:00,2025-05-03 14:00:00+00:00,Everton,Ipswich,2,2,D,1.56,4.28,5.91
E0_2025-05-03_leicester_southampton,E0,2025-05-03,15:00,2025-05-03 14:00:00+00:00,Leicester,Southampton,2,0,H,2.42,3.55,2.87
SP1_2025-05-03_villarreal_osasuna,SP1,2025-05-03,15:15,2025-05-03 14:15:00+00:00,Villarreal,Osasuna,4,2,H,1.42,4.81,7.14
F1_2025-05-03_strasbourg_paris-sg,F1,2025-05-03,16:00,2025-05-03 15:00:00+00:00,Strasbourg,Paris SG,2,1,H,2.35,3.77,2.76
I1_2025-05-03_lecce_napoli,I1,2025-05-03,17:00,2025-05-03 16:00:00+00:00,Lecce,Napoli,0,1,A,7.62,4.09,1.49
D1_2025-05-03_dortmund_wolfsburg,D1,2025-05-03,17:30,2025-05-03 16:30:00+00:00,Dortmund,Wolfsburg,4,0,H,1.27,6.36,9.43
E0_2025-05-03_arsenal_bournemouth,E0,2025-05-03,17:30,2025-05-03 16:30:00+00:00,Arsenal,Bournemouth,1,2,A,1.68,4.04,4.93
SP1_2025-05-03_las-palmas_valencia,SP1,2025-05-03,17:30,2025-05-03 16:30:00+00:00,Las Palmas,Valencia,2,3,A,2.6,3.15,2.88
F1_2025-05-03_toulouse_rennes,F1,2025-05-03,18:00,2025-05-03 17:00:00+00:00,Toulouse,Rennes,2,1,H,2.15,3.5,3.36
I1_2025-05-03_inter_verona,I1,2025-05-03,19:45,2025-05-03 18:45:00+00:00,Inter,Verona,1,0,H,1.45,4.41,7.38
SP1_2025-05-03_valladolid_barcelona,SP1,2025-05-03,20:00,2025-05-03 19:00:00+00:00,Valladolid,Barcelona,1,2,A,8.44,5.73,1.32
F1_2025-05-03_st-etienne_monaco,F1,2025-05-03,20:05,2025-05-03 19:05:00+00:00,St Etienne,Monaco,1,3,A,6.08,5.07,1.44
I1_2025-05-04_empoli_lazio,I1,2025-05-04,11:30,2025-05-04 10:30:00+00:00,Empoli,Lazio,0,1,A,4.51,3.51,1.84
SP1_2025-05-04_real-madrid_celta,SP1,2025-05-04,13:00,2025-05-04 12:00:00+00:00,Real Madrid,Celta,3,2,H,1.36,5.66,7.25
E0_2025-05-04_brentford_man-united,E0,2025-05-04,14:00,2025-05-04 13:00:00+00:00,Brentford,Man United,4,3,H,1.65,4.36,4.79
E0_2025-05-04_brighton_newcastle,E0,2025-05-04,14:00,2025-05-04 13:00:00+00:00,Brighton,Newcastle,1,1,D,3.12,3.71,2.21
E0_2025-05-04_west-ham_tottenham,E0,2025-05-04,14:00,2025-05-04 13:00:00+00:00,West Ham,Tottenham,1,1,D,1.86,3.93,3.97
F1_2025-05-04_nantes_angers,F1,2025-05-04,14:00,2025-05-04 13:00:00+00:00,Nantes,Angers,0,1,A,1.96,3.31,4.17
I1_2025-05-04_monza_atalanta,I1,2025-05-04,14:00,2025-05-04 13:00:00+00:00,Monza,Atalanta,0,4,A,12.43,6.73,1.22
D1_2025-05-04_augsburg_holstein-kiel,D1,2025-05-04,14:30,2025-05-04 13:30:00+00:00,Augsburg,Holstein Kiel,1,3,A,1.78,3.97,4.23
SP1_2025-05-04_sevilla_leganes,SP1,2025-05-04,15:15,2025-05-04 14:15:00+00:00,Sevilla,Leganes,2,2,D,1.66,3.69,5.67
F1_2025-05-04_auxerre_le-havre,F1,2025-05-04,16:15,2025-05-04 15:15:00+00:00,Auxerre,Le Havre,1,2,A,2.41,3.5,2.84
F1_2025-05-04_brest_montpellier,F1,2025-05-04,16:15,2025-05-04 15:15:00+00:00,Brest,Montpellier,1,0,H,1.35,5.35,8.09
F1_2025-05-04_lyon_lens,F1,2025-05-04,16:15,2025-05-04 15:15:00+00:00,Lyon,Lens,1,2,A,1.43,5.04,6.37
D1_2025-05-04_freiburg_leverkusen,D1,2025-05-04,16:30,2025-05-04 15:30:00+00:00,Freiburg,Leverkusen,2,2,D,3.14,3.55,2.23
E0_2025-05-04_chelsea_liverpool,E0,2025-05-04,16:30,2025-05-04 15:30:00+00:00,Chelsea,Liverpool,3,1,H,2.35,3.71,2.86
I1_2025-05-04_roma_fiorentina,I1,2025-05-04,17:00,2025-05-04 16:00:00+00:00,Roma,Fiorentina,1,0,H,1.76,3.59,4.94
SP1_2025-05-04_espanol_betis,SP1,2025-05-04,17:30,2025-05-04 16:30:00+00:00,Espanol,Betis,1,2,A,3.32,3.09,2.36
D1_2025-05-04_mainz_ein-frankfurt,D1,2025-05-04,18:30,2025-05-04 17:30:00+00:00,Mainz,Ein Frankfurt,1,1,D,2.36,3.62,2.87
F1_2025-05-04_lille_marseille,F1,2025-05-04,19:45,2025-05-04 18:45:00+00:00,Lille,Marseille,1,1,D,2.38,3.36,3.0
I1_2025-05-04_bologna_juventus,I1,2025-05-04,19:45,2025-05-04 18:45:00+00:00,Bologna,Juventus,1,1,D,2.36,2.98,3.47
SP1_2025-05-04_sociedad_ath-bilbao,SP1,2025-05-04,20:00,2025-05-04 19:00:00+00:00,Sociedad,Ath Bilbao,0,0,D,2.55,2.89,3.21
I1_2025-05-05_genoa_milan,I1,2025-05-05,19:45,2025-05-05 18:45:00+00:00,Genoa,Milan,1,2,A,4.71,3.77,1.76
E0_2025-05-05_crystal-palace_nott-m-forest,E0,2025-05-05,20:00,2025-05-05 19:00:00+00:00,Crystal Palace,Nott'm Forest,1,1,D,2.2,3.43,3.39
SP1_2025-05-05_girona_mallorca,SP1,2025-05-05,20:00,2025-05-05 19:00:00+00:00,Girona,Mallorca,1,0,H,2.01,3.27,4.04
D1_2025-05-09_wolfsburg_hoffenheim,D1,2025-05-09,19:30,2025-05-09 18:30:00+00:00,Wolfsburg,Hoffenheim,2,2,D,2.77,3.61,2.46
I1_2025-05-09_milan_bologna,I1,2025-05-09,19:45,2025-05-09 18:45:00+00:00,Milan,Bologna,3,1,H,2.22,3.37,3.3
SP1_2025-05-09_las-palmas_vallecano,SP1,2025-05-09,20:00,2025-05-09 19:00:00+00:00,Las Palmas,Vallecano,0,1,A,2.62,3.13,2.87
SP1_2025-05-10_valencia_getafe,SP1,2025-05-10,13:00,2025-05-10 12:00:00+00:00,Valencia,Getafe,3,0,H,2.0,3.09,4.41
I1_2025-05-10_como_cagliari,I1,2025-05-10,14:00,2025-05-10 13:00:00+00:00,Como,Cagliari,3,1,H,1.76,3.78,4.57
D1_2025-05-10_bochum_mainz,D1,2025-05-10,14:30,2025-05-10 13:30:00+00:00,Bochum,Mainz,1,4,A,3.07,3.83,2.16
D1_2025-05-10_holstein-kiel_freiburg,D1,2025-05-10,14:30,2025-05-10 13:30:00+00:00,Holstein Kiel,Freiburg,1,2,A,3.43,3.73,2.04
D1_2025-05-10_union-berlin_heidenheim,D1,2025-05-10,14:30,2025-05-10 13:30:00+00:00,Union Berlin,Heidenheim,0,3,A,2.02,3.56,3.64
D1_2025-05-10_werder-bremen_rb-leipzig,D1,2025-05-10,14:30,2025-05-10 13:30:00+00:00,Werder Bremen,RB Leipzig,0,0,D,1.97,4.06,3.39
E0_2025-05-10_fulham_everton,E0,2025-05-10,15:00,2025-05-10 14:00:00+00:00,Fulham,Everton,1,3,A,1.76,3.68,4.89
E0_2025-05-10_ipswich_brentford,E0,2025-05-10,15:00,2025-05-10 14:00:00+00:00,Ipswich,Brentford,0,1,A,5.66,4.68,1.53
E0_2025-05-10_southampton_man-city,E0,2025-05-10,15:00,2025-05-10 14:00:00+00:00,Southampton,Man City,0,0,D,13.84,7.49,1.19
E0_2025-05-10_wolves_brighton,E0,2025-05-10,15:00,2025-05-10 14:00:00+00:00,Wolves,Brighton,0,2,A,2.98,3.34,2.45
SP1_2025-05-10_celta_sevilla,SP1,2025-05-10,15:15,2025-05-10 14:15:00+00:00,Celta,Sevilla,3,2,H,1.89,3.55,4.25
I1_2025-05-10_lazio_juventus,I1,2025-05-10,17:00,2025-05-10 16:00:00+00:00,Lazio,Juventus,1,1,D,2.4,3.08,3.24
D1_2025-05-10_bayern-munich_m-gladbach,D1,2025-05-10,17:30,2025-05-10 16:30:00+00:00,Bayern Munich,M'gladbach,2,0,H,1.14,9.73,15.06
E0_2025-05-10_bournemouth_aston-villa,E0,2025-05-10,17:30,2025-05-10 16:30:00+00:00,Bournemouth,Aston Villa,0,1,A,2.58,3.53,2.68
SP1_2025-05-10_girona_villarreal,SP1,2025-05-10,17:30,2025-05-10 16:30:00+00:00,Girona,Villarreal,0,1,A,2.95,3.57,2.33
SP1_2025-05-10_mallorca_valladolid,SP1,2025-05-10,17:30,2025-05-10 16:30:00+00:00,Mallorca,Valladolid,2,1,H,1.33,5.25,9.48
I1_2025-05-10_empoli_parma,I1,2025-05-10,19:45,2025-05-10 18:45:00+00:00,Empoli,Parma,2,1,H,2.36,3.02,3.37
F1_2025-05-10_angers_strasbourg,F1,2025-05-10,20:00,2025-05-10 19:00:00+00:00,Angers,Strasbourg,2,1,H,4.31,3.74,1.82
F1_2025-05-10_auxerre_nantes,F1,2025-05-10,20:00,2025-05-10 19:00:00+00:00,Auxerre,Nantes,1,1,D,2.79,3.29,2.58
F1_2025-05-10_brest_lille,F1,2025-05-10,20:00,2025-05-10 19:00:00+00:00,Brest,Lille,2,0,H,4.77,4.04,1.68
F1_2025-05-10_le-havre_marseille,F1,2025-05-10,20:00,2025-05-10 19:00:00+00:00,Le Havre,Marseille,1,3,A,6.1,4.53,1.5
F1_2025-05-10_monaco_lyon,F1,2025-05-10,20:00,2025-05-10 19:00:00+00:00,Monaco,Lyon,2,0,H,1.82,4.25,3.78
F1_2025-05-10_montpellier_paris-sg,F1,2025-05-10,20:00,2025-05-10 19:00:00+00:00,Montpellier,Paris SG,1,4,A,6.58,5.55,1.39
F1_2025-05-10_reims_st-etienne,F1,2025-05-10,20:00,2025-05-10 19:00:00+00:00,Reims,St Etienne,0,2,A,2.12,3.58,3.33
F1_2025-05-10_rennes_nice,F1,2025-05-10,20:00,2025-05-10 19:00:00+00:00,Rennes,Nice,2,0,H,3.16,3.77,2.13
F1_2025-05-10_toulouse_lens,F1,2025-05-10,20:00,2025-05-10 19:00:00+00:00,Toulouse,Lens,1,1,D,2.24,3.49,3.15
SP1_2025-05-10_ath-madrid_sociedad,SP1,2025-05-10,20:00,2025-05-10 19:00:00+00:00,Ath Madrid,Sociedad,4,0,H,1.79,3.52,4.86
I1_2025-05-11_udinese_monza,I1,2025-05-11,11:30,2025-05-11 10:30:00+00:00,Udinese,Monza,1,2,A,1.61,4.02,5.56
E0_2025-05-11_newcastle_chelsea,E0,2025-05-11,12:00,2025-05-11 11:00:00+00:00,Newcastle,Chelsea,2,0,H,2.24,3.75,3.03
SP1_2025-05-11_leganes_espanol,SP1,2025-05-11,13:00,2025-05-11 12:00:00+00:00,Leganes,Espanol,3,2,H,2.36,3.18,3.21
I1_2025-05-11_verona_lecce,I1,2025-05-11,14:00,2025-05-11 13:00:00+00:00,Verona,Lecce,1,1,D,2.54,2.8,3.34
E0_2025-05-11_man-united_west-ham,E0,2025-05-11,14:15,2025-05-11 13:15:00+00:00,Man United,West Ham,0,2,A,2.01,3.67,3.66
E0_2025-05-11_nott-m-forest_leicester,E0,2025-05-11,14:15,2025-05-11 13:15:00+00:00,Nott'm Forest,Leicester,2,2,D,1.39,5.03,7.8
E0_2025-05-11_tottenham_crystal-palace,E0,2025-05-11,14:15,2025-05-11 13:15:00+00:00,Tottenham,Crystal Palace,0,2,A,3.05,3.64,2.27
D1_2025-05-11_leverkusen_dortmund,D1,2025-05-11,14:30,2025-05-11 13:30:00+00:00,Leverkusen,Dortmund,2,4,A,2.54,3.8,2.55
SP1_2025-05-11_barcelona_real-madrid,SP1,2025-05-11,15:15,2025-05-11 14:15:00+00:00,Barcelona,Real Madrid,4,3,H,1.88,4.33,3.54
D1_2025-05-11_ein-frankfurt_st-pauli,D1,2025-05-11,16:30,2025-05-11 15:30:00+00:00,Ein Frankfurt,St Pauli,2,2,D,1.56,4.29,5.66
E0_2025-05-11_liverpool_arsenal,E0,2025-05-11,16:30,2025-05-11 15:30:00+00:00,Liverpool,Arsenal,2,2,D,2.24,3.56,3.16
I1_2025-05-11_torino_inter,I1,2025-05-11,17:00,2025-05-11 16:00:00+00:00,Torino,Inter,0,2,A,5.12,3.71,1.71
SP1_2025-05-11_ath-bilbao_alaves,SP1,2025-05-11,17:30,2025-05-11 16:30:00+00:00,Ath Bilbao,Alaves,1,0,H,2.09,2.84,4.58
D1_2025-05-11_stuttgart_augsburg,D1,2025-05-11,18:30,2025-05-11 17:30:00+00:00,Stuttgart,Augsburg,4,0,H,1.53,4.61,5.52
I1_2025-05-11_napoli_genoa,I1,2025-05-11,19:45,2025-05-11 18:45:00+00:00,Napoli,Genoa,2,2,D,1.29,5.41,11.16
SP1_2025-05-11_betis_osasuna,SP1,2025-05-11,20:00,2025-05-11 19:00:00+00:00,Betis,Osasuna,1,1,D,1.64,4.03,5.25
I1_2025-05-12_venezia_fiorentina,I1,2025-05-12,17:30,2025-05-12 16:30:00+00:00,Venezia,Fiorentina,2,1,H,2.7,3.07,2.82
I1_2025-05-12_atalanta_roma,I1,2025-05-12,19:45,2025-05-12 18:45:00+00:00,Atalanta,Roma,2,1,H,2.05,3.48,3.67
SP1_2025-05-13_valladolid_girona,SP1,2025-05-13,18:00,2025-05-13 17:00:00+00:00,Valladolid,Girona,0,1,A,4.71,3.94,1.72
SP1_2025-05-13_sociedad_celta,SP1,2025-05-13,19:00,2025-05-13 18:00:00+00:00,Sociedad,Celta,0,1,A,2.29,3.31,3.22
SP1_2025-05-13_sevilla_las-palmas,SP1,2025-05-13,20:30,2025-05-13 19:30:00+00:00,Sevilla,Las Palmas,1,0,H,1.69,3.79,5.21
SP1_2025-05-14_alaves_valencia,SP1,2025-05-14,18:00,2025-05-14 17:00:00+00:00,Alaves,Valencia,1,0,H,2.32,2.86,3.78
SP1_2025-05-14_villarreal_leganes,SP1,2025-05-14,18:00,2025-05-14 17:00:00+00:00,Villarreal,Leganes,3,0,H,1.3,5.82,9.26
SP1_2025-05-14_real-madrid_mallorca,SP1,2025-05-14,20:30,2025-05-14 19:30:00+00:00,Real Madrid,Mallorca,2,1,H,1.42,4.9,7.07
SP1_2025-05-15_osasuna_ath-madrid,SP1,2025-05-15,18:00,2025-05-15 17:00:00+00:00,Osasuna,Ath Madrid,2,0,H,3.6,3.38,2.12
SP1_2025-05-15_vallecano_betis,SP1,2025-05-15,18:00,2025-05-15 17:00:00+00:00,Vallecano,Betis,2,2,D,3.21,3.31,2.3
SP1_2025-05-15_espanol_barcelona,SP1,2025-05-15,20:30,2025-05-15 19:30:00+00:00,Espanol,Barcelona,0,2,A,7.59,5.69,1.34
SP1_2025-05-15_getafe_ath-bilbao,SP1,2025-05-15,20:30,2025-05-15 19:30:00+00:00,Getafe,Ath Bilbao,0,2,A,3.21,2.56,2.88
E0_2025-05-16_aston-villa_tottenham,E0,2025-05-16,19:30,2025-05-16 18:30:00+00:00,Aston Villa,Tottenham,2,0,H,1.26,6.66,10.21
E0_2025-05-16_chelsea_man-united,E0,2025-05-16,20:15,2025-05-16 19:15:00+00:00,Chelsea,Man United,1,0,H,1.57,4.53,5.46
D1_2025-05-17_augsburg_union-berlin,D1,2025-05-17,14:30,2025-05-17 13:30:00+00:00,Augsburg,Union Berlin,1,2,A,1.88,3.68,4.07
D1_2025-05-17_dortmund_holstein-kiel,D1,2025-05-17,14:30,2025-05-17 13:30:00+00:00,Dortmund,Holstein Kiel,3,0,H,1.13,9.8,16.55
D1_2025-05-17_freiburg_ein-frankfurt,D1,2025-05-17,14:30,2025-05-17 13:30:00+00:00,Freiburg,Ein Frankfurt,1,3,A,2.34,3.6,2.9
D1_2025-05-17_heidenheim_werder-bremen,D1,2025-05-17,14:30,2025-05-17 13:30:00+00:00,Heidenheim,Werder Bremen,1,4,A,2.61,3.8,2.48
D1_2025-05-17_hoffenheim_bayern-munich,D1,2025-05-17,14:30,2025-05-17 13:30:00+00:00,Hoffenheim,Bayern Munich,0,4,A,4.48,4.56,1.65
D1_2025-05-17_m-gladbach_wolfsburg,D1,2025-05-17,14:30,2025-05-17 13:30:00+00:00,M'gladbach,Wolfsburg,0,1,A,2.28,4.06,2.74
D1_2025-05-17_mainz_leverkusen,D1,2025-05-17,14:30,2025-05-17 13:30:00+00:00,Mainz,Leverkusen,2,2,D,2.44,3.78,2.68
D1_2025-05-17_rb-leipzig_stuttgart,D1,2025-05-17,14:30,2025-05-17 13:30:00+00:00,RB Leipzig,Stuttgart,2,3,A,1.91,4.34,3.39
D1_2025-05-17_st-pauli_bochum,D1,2025-05-17,14:30,2025-05-17 13:30:00+00:00,St Pauli,Bochum,0,2,A,1.74,4.04,4.42
I1_2025-05-17_genoa_atalanta,I1,2025-05-17,19:45,2025-05-17 18:45:00+00:00,Genoa,Atalanta,2,3,A,3.22,3.31,2.28
F1_2025-05-17_lens_monaco,F1,2025-05-17,20:00,2025-05-17 19:00:00+00:00,Lens,Monaco,4,0,H,2.65,3.79,2.45
F1_2025-05-17_lille_reims,F1,2025-05-17,20:00,2025-05-17 19:00:00+00:00,Lille,Reims,2,1,H,1.36,4.96,8.74
F1_2025-05-17_lyon_angers,F1,2025-05-17,20:00,2025-05-17 19:00:00+00:00,Lyon,Angers,2,0,H,1.17,8.02,14.31
F1_2025-05-17_marseille_rennes,F1,2025-05-17,20:00,2025-05-17 19:00:00+00:00,Marseille,Rennes,4,2,H,1.6,4.45,5.0
F1_2025-05-17_nantes_montpellier,F1,2025-05-17,20:00,2025-05-17 19:00:00+00:00,Nantes,Montpellier,3,0,H,1.55,4.18,6.02
F1_2025-05-17_nice_brest,F1,2025-05-17,20:00,2025-05-17 19:00:00+00:00,Nice,Brest,6,0,H,1.51,4.65,5.78
F1_2025-05-17_paris-sg_auxerre,F1,2025-05-17,20:00,2025-05-17 19:00:00+00:00,Paris SG,Auxerre,3,1,H,1.12,9.72,18.62
F1_2025-05-17_st-etienne_toulouse,F1,2025-05-17,20:00,2025-05-17 19:00:00+00:00,St Etienne,Toulouse,2,3,A,2.32,3.76,2.84
F1_2025-05-17_strasbourg_le-havre,F1,2025-05-17,20:00,2025-05-17 19:00:00+00:00,Strasbourg,Le Havre,2,3,A,1.52,4.85,5.34
E0_2025-05-18_everton_southampton,E0,2025-05-18,12:00,2025-05-18 11:00:00+00:00,Everton,Southampton,2,0,H,1.43,4.76,7.54
E0_2025-05-18_west-ham_nott-m-forest,E0,2025-05-18,14:15,2025-05-18 13:15:00+00:00,West Ham,Nott'm Forest,1,2,A,3.0,3.39,2.41
E0_2025-05-18_brentford_fulham,E0,2025-05-18,15:00,2025-05-18 14:00:00+00:00,Brentford,Fulham,2,3,A,2.04,3.75,3.5
E0_2025-05-18_leicester_ipswich,E0,2025-05-18,15:00,2025-05-18 14:00:00+00:00,Leicester,Ipswich,2,0,H,2.27,3.67,3.04
E0_2025-05-18_arsenal_newcastle,E0,2025-05-18,16:30,2025-05-18 15:30:00+00:00,Arsenal,Newcastle,1,0,H,1.9,3.76,3.99
SP1_2025-05-18_ath-madrid_betis,SP1,2025-05-18,18:00,2025-05-18 17:00:00+00:00,Ath Madrid,Betis,4,1,H,1.53,4.37,5.91
SP1_2025-05-18_barcelona_villarreal,SP1,2025-05-18,18:00,2025-05-18 17:00:00+00:00,Barcelona,Villarreal,2,3,A,1.71,4.47,4.14
SP1_2025-05-18_celta_vallecano,SP1,2025-05-18,18:00,2025-05-18 17:00:00+00:00,Celta,Vallecano,1,2,A,1.91,3.5,4.18
SP1_2025-05-18_las-palmas_leganes,SP1,2025-05-18,18:00,2025-05-18 17:00:00+00:00,Las Palmas,Leganes,0,1,A,3.24,3.42,2.22
SP1_2025-05-18_mallorca_getafe,SP1,2025-05-18,18:00,2025-05-18 17:00:00+00:00,Mallorca,Getafe,1,2,A,2.5,2.82,3.42
SP1_2025-05-18_osasuna_espanol,SP1,2025-05-18,18:00,2025-05-18 17:00:00+00:00,Osasuna,Espanol,2,0,H,1.98,3.38,4.07
SP1_2025-05-18_sevilla_real-madrid,SP1,2025-05-18,18:00,2025-05-18 17:00:00+00:00,Sevilla,Real Madrid,0,2,A,3.15,3.7,2.17
SP1_2025-05-18_sociedad_girona,SP1,2025-05-18,18:00,2025-05-18 17:00:00+00:00,Sociedad,Girona,3,2,H,1.73,3.73,4.93
SP1_2025-05-18_valencia_ath-bilbao,SP1,2025-05-18,18:00,2025-05-18 17:00:00+00:00,Valencia,Ath Bilbao,0,1,A,2.55,2.94,3.16
SP1_2025-05-18_valladolid_alaves,SP1,2025-05-18,18:00,2025-05-18 17:00:00+00:00,Valladolid,Alaves,0,1,A,5.74,3.74,1.65
I1_2025-05-18_cagliari_venezia,I1,2025-05-18,19:45,2025-05-18 18:45:00+00:00,Cagliari,Venezia,3,0,H,2.82,2.93,2.83
I1_2025-05-18_fiorentina_bologna,I1,2025-05-18,19:45,2025-05-18 18:45:00+00:00,Fiorentina,Bologna,3,2,H,3.04,3.01,2.57
I1_2025-05-18_inter_lazio,I1,2025-05-18,19:45,2025-05-18 18:45:00+00:00,Inter,Lazio,2,2,D,1.68,4.0,4.93
I1_2025-05-18_juventus_udinese,I1,2025-05-18,19:45,2025-05-18 18:45:00+00:00,Juventus,Udinese,2,0,H,1.4,4.75,8.12
I1_2025-05-18_lecce_torino,I1,2025-05-18,19:45,2025-05-18 18:45:00+00:00,Lecce,Torino,1,0,H,2.1,3.12,3.95
I1_2025-05-18_monza_empoli,I1,2025-05-18,19:45,2025-05-18 18:45:00+00:00,Monza,Empoli,1,3,A,5.08,3.59,1.74
I1_2025-05-18_parma_napoli,I1,2025-05-18,19:45,2025-05-18 18:45:00+00:00,Parma,Napoli,0,0,D,7.14,4.36,1.47
I1_2025-05-18_roma_milan,I1,2025-05-18,19:45,2025-05-18 18:45:00+00:00,Roma,Milan,3,1,H,2.18,3.57,3.21
I1_2025-05-18_verona_como,I1,2025-05-18,19:45,2025-05-18 18:45:00+00:00,Verona,Como,1,1,D,3.22,3.06,2.43
E0_2025-05-19_brighton_liverpool,E0,2025-05-19,20:00,2025-05-19 19:00:00+00:00,Brighton,Liverpool,3,2,H,2.22,3.89,2.97
E0_2025-05-20_crystal-palace_wolves,E0,2025-05-20,20:00,2025-05-20 19:00:00+00:00,Crystal Palace,Wolves,4,2,H,2.37,3.31,3.12
E0_2025-05-20_man-city_bournemouth,E0,2025-05-20,20:00,2025-05-20 19:00:00+00:00,Man City,Bournemouth,3,1,H,1.34,5.59,8.53
I1_2025-05-23_como_inter,I1,2025-05-23,19:45,2025-05-23 18:45:00+00:00,Como,Inter,0,2,A,4.37,4.13,1.73
I1_2025-05-23_napoli_cagliari,I1,2025-05-23,19:45,2025-05-23 18:45:00+00:00,Napoli,Cagliari,2,0,H,1.18,7.2,15.65
SP1_2025-05-23_betis_valencia,SP1,2025-05-23,20:00,2025-05-23 19:00:00+00:00,Betis,Valencia,1,1,D,1.93,3.89,3.68
SP1_2025-05-24_real-madrid_sociedad,SP1,2025-05-24,15:15,2025-05-24 14:15:00+00:00,Real Madrid,Sociedad,2,0,H,1.36,5.56,7.29
I1_2025-05-24_bologna_genoa,I1,2025-05-24,17:00,2025-05-24 16:00:00+00:00,Bologna,Genoa,1,3,A,1.48,4.29,7.1
SP1_2025-05-24_espanol_las-palmas,SP1,2025-05-24,17:30,2025-05-24 16:30:00+00:00,Espanol,Las Palmas,2,0,H,1.38,5.08,8.23
SP1_2025-05-24_leganes_valladolid,SP1,2025-05-24,17:30,2025-05-24 16:30:00+00:00,Leganes,Valladolid,3,0,H,1.33,5.45,8.78
I1_2025-05-24_milan_monza,I1,2025-05-24,19:45,2025-05-24 18:45:00+00:00,Milan,Monza,2,0,H,1.24,6.74,10.76
SP1_2025-05-24_alaves_osasuna,SP1,2025-05-24,20:00,2025-05-24 19:00:00+00:00,Alaves,Osasuna,1,1,D,3.23,3.18,2.36
SP1_2025-05-24_getafe_celta,SP1,2025-05-24,20:00,2025-05-24 19:00:00+00:00,Getafe,Celta,1,2,A,4.82,3.76,1.74
SP1_2025-05-24_vallecano_mallorca,SP1,2025-05-24,20:00,2025-05-24 19:00:00+00:00,Vallecano,Mallorca,0,0,D,1.47,4.29,7.27
SP1_2025-05-25_girona_ath-madrid,SP1,2025-05-25,13:00,2025-05-25 12:00:00+00:00,Girona,Ath Madrid,0,4,A,3.24,3.54,2.19
SP1_2025-05-25_villarreal_sevilla,SP1,2025-05-25,15:15,2025-05-25 14:15:00+00:00,Villarreal,Sevilla,4,2,H,1.76,4.11,4.23
E0_2025-05-25_bournemouth_leicester,E0,2025-05-25,16:00,2025-05-25 15:00:00+00:00,Bournemouth,Leicester,2,0,H,1.34,5.6,8.53
E0_2025-05-25_fulham_man-city,E0,2025-05-25,16:00,2025-05-25 15:00:00+00:00,Fulham,Man City,0,2,A,6.06,4.53,1.52
E0_2025-05-25_ipswich_west-ham,E0,2025-05-25,16:00,2025-05-25 15:00:00+00:00,Ipswich,West Ham,1,3,A,3.2,3.59,2.22
E0_2025-05-25_liverpool_crystal-palace,E0,2025-05-25,16:00,2025-05-25 15:00:00+00:00,Liverpool,Crystal Palace,1,1,D,1.37,5.95,6.99
E0_2025-05-25_man-united_aston-villa,E0,2025-05-25,16:00,2025-05-25 15:00:00+00:00,Man United,Aston Villa,2,0,H,4.74,4.29,1.67
E0_2025-05-25_newcastle_everton,E0,2025-05-25,16:00,2025-05-25 15:00:00+00:00,Newcastle,Everton,0,1,A,1.27,6.18,10.88
E0_2025-05-25_nott-m-forest_chelsea,E0,2025-05-25,16:00,2025-05-25 15:00:00+00:00,Nott'm Forest,Chelsea,0,1,A,3.44,3.78,2.06
E0_2025-05-25_southampton_arsenal,E0,2025-05-25,16:00,2025-05-25 15:00:00+00:00,Southampton,Arsenal,1,2,A,11.73,6.4,1.25
E0_2025-05-25_tottenham_brighton,E0,2025-05-25,16:00,2025-05-25 15:00:00+00:00,Tottenham,Brighton,1,4,A,3.71,4.02,1.91
E0_2025-05-25_wolves_brentford,E0,2025-05-25,16:00,2025-05-25 15:00:00+00:00,Wolves,Brentford,1,1,D,2.91,3.74,2.32
I1_2025-05-25_atalanta_parma,I1,2025-05-25,19:45,2025-05-25 18:45:00+00:00,Atalanta,Parma,2,3,A,1.86,3.66,4.23
I1_2025-05-25_empoli_verona,I1,2025-05-25,19:45,2025-05-25 18:45:00+00:00,Empoli,Verona,1,2,A,1.98,2.93,4.94
I1_2025-05-25_lazio_lecce,I1,2025-05-25,19:45,2025-05-25 18:45:00+00:00,Lazio,Lecce,0,1,A,1.44,4.45,7.66
I1_2025-05-25_torino_roma,I1,2025-05-25,19:45,2025-05-25 18:45:00+00:00,Torino,Roma,0,2,A,5.44,4.31,1.57
I1_2025-05-25_udinese_fiorentina,I1,2025-05-25,19:45,2025-05-25 18:45:00+00:00,Udinese,Fiorentina,2,3,A,3.03,3.36,2.37
I1_2025-05-25_venezia_juventus,I1,2025-05-25,19:45,2025-05-25 18:45:00+00:00,Venezia,Juventus,2,3,A,6.57,4.75,1.46
SP1_2025-05-25_ath-bilbao_barcelona,SP1,2025-05-25,20:00,2025-05-25 19:00:00+00:00,Ath Bilbao,Barcelona,0,3,A,3.21,3.88,2.08
SP1_2025-08-15_girona_vallecano,SP1,2025-08-15,18:00,2025-08-15 17:00:00+00:00,Girona,Vallecano,1,3,A,2.39,3.15,3.09
F1_2025-08-15_rennes_marseille,F1,2025-08-15,19:45,2025-08-15 18:45:00+00:00,Rennes,Marseille,1,0,H,3.8,3.58,1.93
E0_2025-08-15_liverpool_bournemouth,E0,2025-08-15,20:00,2025-08-15 19:00:00+00:00,Liverpool,Bournemouth,4,2,H,1.29,6.02,8.68
SP1_2025-08-15_villarreal_oviedo,SP1,2025-08-15,20:30,2025-08-15 19:30:00+00:00,Villarreal,Oviedo,2,0,H,1.39,4.7,8.02
E0_2025-08-16_aston-villa_newcastle,E0,2025-08-16,12:30,2025-08-16 11:30:00+00:00,Aston Villa,Newcastle,0,0,D,2.38,3.41,2.93
E0_2025-08-16_brighton_fulham,E0,2025-08-16,15:00,2025-08-16 14:00:00+00:00,Brighton,Fulham,1,1,D,1.83,3.64,4.26
E0_2025-08-16_sunderland_west-ham,E0,2025-08-16,15:00,2025-08-16 14:00:00+00:00,Sunderland,West Ham,3,0,H,3.4,3.17,2.25
E0_2025-08-16_tottenham_burnley,E0,2025-08-16,15:00,2025-08-16 14:00:00+00:00,Tottenham,Burnley,3,0,H,1.55,4.01,6.16
F1_2025-08-16_lens_lyon,F1,2025-08-16,16:00,2025-08-16 15:00:00+00:00,Lens,Lyon,0,1,A,2.43,3.47,2.75
E0_2025-08-16_wolves_man-city,E0,2025-08-16,17:30,2025-08-16 16:30:00+00:00,Wolves,Man City,0,4,A,6.24,4.32,1.51
F1_2025-08-16_monaco_le-havre,F1,2025-08-16,18:00,2025-08-16 17:00:00+00:00,Monaco,Le Havre,3,1,H,1.21,6.63,11.97
SP1_2025-08-16_mallorca_barcelona,SP1,2025-08-16,18:30,2025-08-16 17:30:00+00:00,Mallorca,Barcelona,0,3,A,8.7,5.79,1.56
F1_2025-08-16_nice_toulouse,F1,2025-08-16,20:05,2025-08-16 19:05:00+00:00,Nice,Toulouse,0,1,A,1.95,3.39,3.9
SP1_2025-08-16_alaves_levante,SP1,2025-08-16,20:30,2025-08-16 19:30:00+00:00,Alaves,Levante,2,1,H,2.08,3.08,3.92
SP1_2025-08-16_valencia_sociedad,SP1,2025-08-16,20:30,2025-08-16 19:30:00+00:00,Valencia,Sociedad,1,1,D,2.43,3.0,3.18
E0_2025-08-17_chelsea_crystal-palace,E0,2025-08-17,14:00,2025-08-17 13:00:00+00:00,Chelsea,Crystal Palace,0,0,D,1.82,3.72,4.26
E0_2025-08-17_nott-m-forest_brentford,E0,2025-08-17,14:00,2025-08-17 13:00:00+00:00,Nott'm Forest,Brentford,3,1,H,1.91,3.44,4.16
F1_2025-08-17_brest_lille,F1,2025-08-17,14:00,2025-08-17 13:00:00+00:00,Brest,Lille,3,3,D,2.46,3.18,2.93
SP1_2025-08-17_celta_getafe,SP1,2025-08-17,16:00,2025-08-17 15:00:00+00:00,Celta,Getafe,0,2,A,1.67,3.48,5.81
F1_2025-08-17_angers_paris-fc,F1,2025-08-17,16:15,2025-08-17 15:15:00+00:00,Angers,Paris FC,1,0,H,3.04,3.27,2.35
F1_2025-08-17_auxerre_lorient,F1,2025-08-17,16:15,2025-08-17 15:15:00+00:00,Auxerre,Lorient,1,0,H,2.49,3.18,2.88
F1_2025-08-17_metz_strasbourg,F1,2025-08-17,16:15,2025-08-17 15:15:00+00:00,Metz,Strasbourg,0,1,A,3.62,3.47,2.01
E0_2025-08-17_man-united_arsenal,E0,2025-08-17,16:30,2025-08-17 15:30:00+00:00,Man United,Arsenal,0,1,A,3.79,3.7,1.93
SP1_2025-08-17_ath-bilbao_sevilla,SP1,2025-08-17,18:30,2025-08-17 17:30:00+00:00,Ath Bilbao,Sevilla,3,2,H,1.56,3.8,6.43
F1_2025-08-17_nantes_paris-sg,F1,2025-08-17,19:45,2025-08-17 18:45:00+00:00,Nantes,Paris SG,0,1,A,12.38,6.71,1.21
SP1_2025-08-17_espanol_ath-madrid,SP1,2025-08-17,20:30,2025-08-17 19:30:00+00:00,Espanol,Ath Madrid,2,1,H,5.7,3.86,1.6
E0_2025-08-18_leeds_everton,E0,2025-08-18,20:00,2025-08-18 19:00:00+00:00,Leeds,Everton,1,0,H,2.34,3.21,3.16
SP1_2025-08-18_elche_betis,SP1,2025-08-18,20:00,2025-08-18 19:00:00+00:00,Elche,Betis,1,1,D,3.2,3.19,2.3
SP1_2025-08-19_real-madrid_osasuna,SP1,2025-08-19,20:00,2025-08-19 19:00:00+00:00,Real Madrid,Osasuna,1,0,H,1.21,6.67,12.34
D1_2025-08-22_bayern-munich_rb-leipzig,D1,2025-08-22,19:30,2025-08-22 18:30:00+00:00,Bayern Munich,RB Leipzig,6,0,H,1.23,6.98,9.87
F1_2025-08-22_paris-sg_angers,F1,2025-08-22,19:45,2025-08-22 18:45:00+00:00,Paris SG,Angers,1,0,H,1.06,11.97,29.25
E0_2025-08-22_west-ham_chelsea,E0,2025-08-22,20:00,2025-08-22 19:00:00+00:00,West Ham,Chelsea,1,5,A,4.75,3.82,1.72
SP1_2025-08-22_betis_alaves,SP1,2025-08-22,20:30,2025-08-22 19:30:00+00:00,Betis,Alaves,1,0,H,1.84,3.4,4.47
E0_2025-08-23_man-city_tottenham,E0,2025-08-23,12:30,2025-08-23 11:30:00+00:00,Man City,Tottenham,0,2,A,1.54,4.53,5.46
D1_2025-08-23_ein-frankfurt_werder-bremen,D1,2025-08-23,14:30,2025-08-23 13:30:00+00:00,Ein Frankfurt,Werder Bremen,4,1,H,1.53,4.55,5.28
D1_2025-08-23_freiburg_augsburg,D1,2025-08-23,14:30,2025-08-23 13:30:00+00:00,Freiburg,Augsburg,1,3,A,1.93,3.5,3.88
D1_2025-08-23_heidenheim_wolfsburg,D1,2025-08-23,14:30,2025-08-23 13:30:00+00:00,Heidenheim,Wolfsburg,1,3,A,2.74,3.38,2.5
D1_2025-08-23_leverkusen_hoffenheim,D1,2025-08-23,14:30,2025-08-23 13:30:00+00:00,Leverkusen,Hoffenheim,1,2,A,1.71,4.15,4.24
D1_2025-08-23_union-berlin_stuttgart,D1,2025-08-23,14:30,2025-08-23 13:30:00+00:00,Union Berlin,Stuttgart,2,1,H,3.91,3.78,1.85
E0_2025-08-23_bournemouth_wolves,E0,2025-08-23,15:00,2025-08-23 14:00:00+00:00,Bournemouth,Wolves,1,0,H,1.8,3.74,4.32
E0_2025-08-23_brentford_aston-villa,E0,2025-08-23,15:00,2025-08-23 14:00:00+00:00,Brentford,Aston Villa,1,0,H,3.25,3.45,2.18
E0_2025-08-23_burnley_sunderland,E0,2025-08-23,15:00,2025-08-23 14:00:00+00:00,Burnley,Sunderland,2,0,H,2.38,3.11,3.22
F1_2025-08-23_marseille_paris-fc,F1,2025-08-23,16:00,2025-08-23 15:00:00+00:00,Marseille,Paris FC,5,2,H,1.39,4.93,7.16
SP1_2025-08-23_mallorca_celta,SP1,2025-08-23,16:00,2025-08-23 15:00:00+00:00,Mallorca,Celta,1,1,D,3.13,3.21,2.35
D1_2025-08-23_st-pauli_dortmund,D1,2025-08-23,17:30,2025-08-23 16:30:00+00:00,St Pauli,Dortmund,3,3,D,4.04,3.65,1.86
E0_2025-08-23_arsenal_leeds,E0,2025-08-23,17:30,2025-08-23 16:30:00+00:00,Arsenal,Leeds,5,0,H,1.33,5.36,8.94
I1_2025-08-23_genoa_lecce,I1,2025-08-23,17:30,2025-08-23 16:30:00+00:00,Genoa,Lecce,0,0,D,1.73,3.4,5.29
I1_2025-08-23_sassuolo_napoli,I1,2025-08-23,17:30,2025-08-23 16:30:00+00:00,Sassuolo,Napoli,0,2,A,5.68,3.76,1.62
F1_2025-08-23_nice_auxerre,F1,2025-08-23,18:00,2025-08-23 17:00:00+00:00,Nice,Auxerre,3,1,H,1.8,3.68,4.25
SP1_2025-08-23_ath-madrid_elche,SP1,2025-08-23,18:30,2025-08-23 17:30:00+00:00,Ath Madrid,Elche,1,1,D,1.26,5.67,11.58
I1_2025-08-23_milan_cremonese,I1,2025-08-23,19:45,2025-08-23 18:45:00+00:00,Milan,Cremonese,1,2,A,1.34,5.08,8.95
I1_2025-08-23_roma_bologna,I1,2025-08-23,19:45,2025-08-23 18:45:00+00:00,Roma,Bologna,1,0,H,2.12,3.22,3.6
F1_2025-08-23_lyon_metz,F1,2025-08-23,20:05,2025-08-23 19:05:00+00:00,Lyon,Metz,3,0,H,1.39,4.95,7.07
SP1_2025-08-23_levante_barcelona,SP1,2025-08-23,20:30,2025-08-23 19:30:00+00:00,Levante,Barcelona,2,3,A,11.5,6.95,1.21
E0_2025-08-24_crystal-palace_nott-m-forest,E0,2025-08-24,14:00,2025-08-24 13:00:00+00:00,Crystal Palace,Nott'm Forest,1,1,D,2.39,3.24,3.06
E0_2025-08-24_everton_brighton,E0,2025-08-24,14:00,2025-08-24 13:00:00+00:00,Everton,Brighton,2,0,H,2.9,3.34,2.43
F1_2025-08-24_lorient_rennes,F1,2025-08-24,14:00,2025-08-24 13:00:00+00:00,Lorient,Rennes,4,0,H,2.74,3.31,2.52
D1_2025-08-24_mainz_fc-koln,D1,2025-08-24,14:30,2025-08-24 13:30:00+00:00,Mainz,FC Koln,0,1,A,1.95,3.6,3.7
SP1_2025-08-24_osasuna_valencia,SP1,2025-08-24,16:00,2025-08-24 15:00:00+00:00,Osasuna,Valencia,1,0,H,2.23,3.16,3.38
F1_2025-08-24_le-havre_lens,F1,2025-08-24,16:15,2025-08-24 15:15:00+00:00,Le Havre,Lens,1,2,A,4.21,3.66,1.81
F1_2025-08-24_strasbourg_nantes,F1,2025-08-24,16:15,2025-08-24 15:15:00+00:00,Strasbourg,Nantes,1,0,H,1.74,3.6,4.74
F1_2025-08-24_toulouse_brest,F1,2025-08-24,16:15,2025-08-24 15:15:00+00:00,Toulouse,Brest,2,0,H,2.2,3.37,3.22
D1_2025-08-24_m-gladbach_hamburg,D1,2025-08-24,16:30,2025-08-24 15:30:00+00:00,M'gladbach,Hamburg,0,0,D,1.89,3.87,3.65
E0_2025-08-24_fulham_man-united,E0,2025-08-24,16:30,2025-08-24 15:30:00+00:00,Fulham,Man United,1,1,D,3.45,3.51,2.08
I1_2025-08-24_cagliari_fiorentina,I1,2025-08-24,17:30,2025-08-24 16:30:00+00:00,Cagliari,Fiorentina,1,1,D,3.07,3.13,2.41
I1_2025-08-24_como_lazio,I1,2025-08-24,17:30,2025-08-24 16:30:00+00:00,Como,Lazio,2,0,H,2.33,3.33,3.01
SP1_2025-08-24_sociedad_espanol,SP1,2025-08-24,18:30,2025-08-24 17:30:00+00:00,Sociedad,Espanol,2,2,D,1.85,3.45,4.32
SP1_2025-08-24_villarreal_girona,SP1,2025-08-24,18:30,2025-08-24 17:30:00+00:00,Villarreal,Girona,5,0,H,1.46,4.51,6.61
F1_2025-08-24_lille_monaco,F1,2025-08-24,19:45,2025-08-24 18:45:00+00:00,Lille,Monaco,1,0,H,3.22,3.59,2.12
I1_2025-08-24_atalanta_pisa,I1,2025-08-24,19:45,2025-08-24 18:45:00+00:00,Atalanta,Pisa,1,1,D,1.44,4.52,6.97
I1_2025-08-24_juventus_parma,I1,2025-08-24,19:45,2025-08-24 18:45:00+00:00,Juventus,Parma,2,0,H,1.41,4.46,7.98
SP1_2025-08-24_oviedo_real-madrid,SP1,2025-08-24,20:30,2025-08-24 19:30:00+00:00,Oviedo,Real Madrid,0,3,A,9.91,5.27,1.3
I1_2025-08-25_udinese_verona,I1,2025-08-25,17:30,2025-08-25 16:30:00+00:00,Udinese,Verona,1,1,D,1.93,3.21,4.37
SP1_2025-08-25_ath-bilbao_vallecano,SP1,2025-08-25,18:30,2025-08-25 17:30:00+00:00,Ath Bilbao,Vallecano,1,0,H,1.73,3.55,5.06
I1_2025-08-25_inter_torino,I1,2025-08-25,19:45,2025-08-25 18:45:00+00:00,Inter,Torino,5,0,H,1.35,5.03,8.46
E0_2025-08-25_newcastle_liverpool,E0,2025-08-25,20:00,2025-08-25 19:00:00+00:00,Newcastle,Liverpool,2,3,A,2.92,3.65,2.29
SP1_2025-08-25_sevilla_getafe,SP1,2025-08-25,20:30,2025-08-25 19:30:00+00:00,Sevilla,Getafe,1,2,A,2.05,3.02,4.13
SP1_2025-08-27_celta_betis,SP1,2025-08-27,20:00,2025-08-27 19:00:00+00:00,Celta,Betis,1,1,D,2.32,3.47,2.94
I1_2025-08-29_cremonese_sassuolo,I1,2025-08-29,17:30,2025-08-29 16:30:00+00:00,Cremonese,Sassuolo,3,2,H,2.73,3.15,2.67
SP1_2025-08-29_elche_levante,SP1,2025-08-29,18:30,2025-08-29 17:30:00+00:00,Elche,Levante,2,0,H,2.15,3.2,3.57
D1_2025-08-29_hamburg_st-pauli,D1,2025-08-29,19:30,2025-08-29 18:30:00+00:00,Hamburg,St Pauli,0,2,A,2.42,3.22,2.97
F1_2025-08-29_lens_brest,F1,2025-08-29,19:45,2025-08-29 18:45:00+00:00,Lens,Brest,3,1,H,1.9,3.69,3.8
I1_2025-08-29_lecce_milan,I1,2025-08-29,19:45,2025-08-29 18:45:00+00:00,Lecce,Milan,0,2,A,6.48,3.8,1.56
SP1_2025-08-29_valencia_getafe,SP1,2025-08-29,20:30,2025-08-29 19:30:00+00:00,Valencia,Getafe,3,0,H,2.31,2.92,3.53
E0_2025-08-30_chelsea_fulham,E0,2025-08-30,12:30,2025-08-30 11:30:00+00:00,Chelsea,Fulham,2,0,H,1.67,3.93,5.03
D1_2025-08-30_hoffenheim_ein-frankfurt,D1,2025-08-30,14:30,2025-08-30 13:30:00+00:00,Hoffenheim,Ein Frankfurt,1,3,A,2.64,3.79,2.4
D1_2025-08-30_rb-leipzig_heidenheim,D1,2025-08-30,14:30,2025-08-30 13:30:00+00:00,RB Leipzig,Heidenheim,2,0,H,1.47,4.88,5.82
D1_2025-08-30_stuttgart_m-gladbach,D1,2025-08-30,14:30,2025-08-30 13:30:00+00:00,Stuttgart,M'gladbach,1,0,H,1.57,4.59,4.9
D1_2025-08-30_werder-bremen_leverkusen,D1,2025-08-30,14:30,2025-08-30 13:30:00+00:00,Werder Bremen,Leverkusen,3,3,D,3.54,3.9,1.92
E0_2025-08-30_man-united_burnley,E0,2025-08-30,15:00,2025-08-30 14:00:00+00:00,Man United,Burnley,3,2,H,1.38,5.06,7.6
E0_2025-08-30_sunderland_brentford,E0,2025-08-30,15:00,2025-08-30 14:00:00+00:00,Sunderland,Brentford,2,1,H,3.1,3.25,2.35
E0_2025-08-30_tottenham_bournemouth,E0,2025-08-30,15:00,2025-08-30 14:00:00+00:00,Tottenham,Bournemouth,0,1,A,1.89,3.75,3.84
E0_2025-08-30_wolves_everton,E0,2025-08-30,15:00,2025-08-30 14:00:00+00:00,Wolves,Everton,2,3,A,3.33,3.11,2.32
F1_2025-08-30_lorient_lille,F1,2025-08-30,16:00,2025-08-30 15:00:00+00:00,Lorient,Lille,1,7,A,3.27,3.45,2.15
SP1_2025-08-30_alaves_ath-madrid,SP1,2025-08-30,16:00,2025-08-30 15:00:00+00:00,Alaves,Ath Madrid,1,1,D,5.39,3.51,1.7
D1_2025-08-30_augsburg_bayern-munich,D1,2025-08-30,17:30,2025-08-30 16:30:00+00:00,Augsburg,Bayern Munich,2,3,A,9.33,5.93,1.28
E0_2025-08-30_leeds_newcastle,E0,2025-08-30,17:30,2025-08-30 16:30:00+00:00,Leeds,Newcastle,0,0,D,3.67,3.36,2.06
I1_2025-08-30_bologna_como,I1,2025-08-30,17:30,2025-08-30 16:30:00+00:00,Bologna,Como,1,0,H,2.73,3.11,2.7
I1_2025-08-30_parma_atalanta,I1,2025-08-30,17:30,2025-08-30 16:30:00+00:00,Parma,Atalanta,1,1,D,4.47,3.7,1.77
F1_2025-08-30_nantes_auxerre,F1,2025-08-30,18:00,2025-08-30 17:00:00+00:00,Nantes,Auxerre,1,0,H,2.48,3.24,2.86
SP1_2025-08-30_oviedo_sociedad,SP1,2025-08-30,18:00,2025-08-30 17:00:00+00:00,Oviedo,Sociedad,1,0,H,3.38,3.12,2.26
SP1_2025-08-30_girona_sevilla,SP1,2025-08-30,18:30,2025-08-30 17:30:00+00:00,Girona,Sevilla,0,2,A,2.42,3.16,3.04
I1_2025-08-30_napoli_cagliari,I1,2025-08-30,19:45,2025-08-30 18:45:00+00:00,Napoli,Cagliari,1,0,H,1.41,4.34,8.59
I1_2025-08-30_pisa_roma,I1,2025-08-30,19:45,2025-08-30 18:45:00+00:00,Pisa,Roma,0,1,A,5.21,3.58,1.7
F1_2025-08-30_toulouse_paris-sg,F1,2025-08-30,20:05,2025-08-30 19:05:00+00:00,Toulouse,Paris SG,3,6,A,8.54,5.48,1.32
SP1_2025-08-30_real-madrid_mallorca,SP1,2025-08-30,20:30,2025-08-30 19:30:00+00:00,Real Madrid,Mallorca,2,1,H,1.16,7.43,15.63
E0_2025-08-31_brighton_man-city,E0,2025-08-31,14:00,2025-08-31 13:00:00+00:00,Brighton,Man City,2,1,H,3.47,3.64,2.03
E0_2025-08-31_nott-m-forest_west-ham,E0,2025-08-31,14:00,2025-08-31 13:00:00+00:00,Nott'm Forest,West Ham,0,3,A,1.65,4.01,4.98
F1_2025-08-31_angers_rennes,F1,2025-08-31,14:00,2025-08-31 13:00:00+00:00,Angers,Rennes,1,1,D,4.37,3.6,1.8
D1_2025-08-31_wolfsburg_mainz,D1,2025-08-31,14:30,2025-08-31 13:30:00+00:00,Wolfsburg,Mainz,1,1,D,2.14,3.53,3.23
SP1_2025-08-31_celta_villarreal,SP1,2025-08-31,16:00,2025-08-31 15:00:00+00:00,Celta,Villarreal,1,1,D,3.14,3.46,2.22
F1_2025-08-31_le-havre_nice,F1,2025-08-31,16:15,2025-08-31 15:15:00+00:00,Le Havre,Nice,3,1,H,3.24,3.41,2.19
F1_2025-08-31_monaco_strasbourg,F1,2025-08-31,16:15,2025-08-31 15:15:00+00:00,Monaco,Strasbourg,3,2,H,1.42,4.91,6.54
F1_2025-08-31_paris-fc_metz,F1,2025-08-31,16:15,2025-08-31 15:15:00+00:00,Paris FC,Metz,3,2,H,1.74,3.77,4.57
D1_2025-08-31_dortmund_union-berlin,D1,2025-08-31,16:30,2025-08-31 15:30:00+00:00,Dortmund,Union Berlin,3,0,H,1.41,4.84,6.88
E0_2025-08-31_liverpool_arsenal,E0,2025-08-31,16:30,2025-08-31 15:30:00+00:00,Liverpool,Arsenal,1,0,H,2.37,3.33,3.01
I1_2025-08-31_genoa_juventus,I1,2025-08-31,17:30,2025-08-31 16:30:00+00:00,Genoa,Juventus,0,1,A,4.99,3.18,1.84
I1_2025-08-31_torino_fiorentina,I1,2025-08-31,17:30,2025-08-31 16:30:00+00:00,Torino,Fiorentina,0,0,D,3.2,3.05,2.39
SP1_2025-08-31_betis_ath-bilbao,SP1,2025-08-31,18:00,2025-08-31 17:00:00+00:00,Betis,Ath Bilbao,1,2,A,3.15,3.14,2.37
D1_2025-08-31_fc-koln_freiburg,D1,2025-08-31,18:30,2025-08-31 17:30:00+00:00,FC Koln,Freiburg,4,1,H,2.53,3.31,2.72
SP1_2025-08-31_espanol_osasuna,SP1,2025-08-31,18:30,2025-08-31 17:30:00+00:00,Espanol,Osasuna,1,0,H,2.44,3.05,3.04
E0_2025-08-31_aston-villa_crystal-palace,E0,2025-08-31,19:00,2025-08-31 18:00:00+00:00,Aston Villa,Crystal Palace,0,3,A,2.09,3.51,3.44
F1_2025-08-31_lyon_marseille,F1,2025-08-31,19:45,2025-08-31 18:45:00+00:00,Lyon,Marseille,1,0,H,2.83,3.49,2.38
I1_2025-08-31_inter_udinese,I1,2025-08-31,19:45,2025-08-31 18:45:00+00:00,Inter,Udinese,1,2,A,1.27,5.73,10.31
I1_2025-08-31_lazio_verona,I1,2025-08-31,19:45,2025-08-31 18:45:00+00:00,Lazio,Verona,4,0,H,1.55,3.88,6.31
SP1_2025-08-31_vallecano_barcelona,SP1,2025-08-31,20:30,2025-08-31 19:30:00+00:00,Vallecano,Barcelona,1,1,D,6.67,5.13,1.4
D1_2025-09-12_leverkusen_ein-frankfurt,D1,2025-09-12,19:30,2025-09-12 18:30:00+00:00,Leverkusen,Ein Frankfurt,3,1,H,2.12,3.72,3.13
F1_2025-09-12_marseille_lorient,F1,2025-09-12,19:45,2025-09-12 18:45:00+00:00,Marseille,Lorient,4,0,H,1.35,5.16,8.17
SP1_2025-09-12_sevilla_elche,SP1,2025-09-12,20:00,2025-09-12 19:00:00+00:00,Sevilla,Elche,2,2,D,1.89,3.33,4.41
E0_2025-09-13_arsenal_nott-m-forest,E0,2025-09-13,12:30,2025-09-13 11:30:00+00:00,Arsenal,Nott'm Forest,3,0,H,1.41,4.78,7.48
SP1_2025-09-13_getafe_oviedo,SP1,2025-09-13,13:00,2025-09-13 12:00:00+00:00,Getafe,Oviedo,2,0,H,1.99,2.91,4.71
I1_2025-09-13_cagliari_parma,I1,2025-09-13,14:00,2025-09-13 13:00:00+00:00,Cagliari,Parma,2,0,H,2.26,3.11,3.39
D1_2025-09-13_freiburg_stuttgart,D1,2025-09-13,14:30,2025-09-13 13:30:00+00:00,Freiburg,Stuttgart,3,1,H,2.62,3.54,2.53
D1_2025-09-13_heidenheim_dortmund,D1,2025-09-13,14:30,2025-09-13 13:30:00+00:00,Heidenheim,Dortmund,0,2,A,4.98,4.44,1.58
D1_2025-09-13_mainz_rb-leipzig,D1,2025-09-13,14:30,2025-09-13 13:30:00+00:00,Mainz,RB Leipzig,0,1,A,2.32,3.69,2.8
D1_2025-09-13_union-berlin_hoffenheim,D1,2025-09-13,14:30,2025-09-13 13:30:00+00:00,Union Berlin,Hoffenheim,2,4,A,2.74,3.4,2.49
D1_2025-09-13_wolfsburg_fc-koln,D1,2025-09-13,14:30,2025-09-13 13:30:00+00:00,Wolfsburg,FC Koln,3,3,D,1.92,3.65,3.76
E0_2025-09-13_bournemouth_brighton,E0,2025-09-13,15:00,2025-09-13 14:00:00+00:00,Bournemouth,Brighton,2,1,H,2.42,3.51,2.82
E0_2025-09-13_crystal-palace_sunderland,E0,2025-09-13,15:00,2025-09-13 14:00:00+00:00,Crystal Palace,Sunderland,0,0,D,1.68,3.65,5.41
E0_2025-09-13_everton_aston-villa,E0,2025-09-13,15:00,2025-09-13 14:00:00+00:00,Everton,Aston Villa,0,0,D,2.62,3.2,2.8
E0_2025-09-13_fulham_leeds,E0,2025-09-13,15:00,2025-09-13 14:00:00+00:00,Fulham,Leeds,1,0,H,2.04,3.37,3.76
E0_2025-09-13_newcastle_wolves,E0,2025-09-13,15:00,2025-09-13 14:00:00+00:00,Newcastle,Wolves,1,0,H,1.36,5.0,8.48
SP1_2025-09-13_sociedad_real-madrid,SP1,2025-09-13,15:15,2025-09-13 14:15:00+00:00,Sociedad,Real Madrid,1,2,A,5.36,4.2,1.58
F1_2025-09-13_nice_nantes,F1,2025-09-13,16:00,2025-09-13 15:00:00+00:00,Nice,Nantes,1,0,H,1.55,4.15,5.8
I1_2025-09-13_juventus_inter,I1,2025-09-13,17:00,2025-09-13 16:00:00+00:00,Juventus,Inter,4,3,H,2.75,2.99,2.75
D1_2025-09-13_bayern-munich_hamburg,D1,2025-09-13,17:30,2025-09-13 16:30:00+00:00,Bayern Munich,Hamburg,5,0,H,1.07,12.59,25.03
E0_2025-09-13_west-ham_tottenham,E0,2025-09-13,17:30,2025-09-13 16:30:00+00:00,West Ham,Tottenham,0,3,A,3.27,3.51,2.17
SP1_2025-09-13_ath-bilbao_alaves,SP1,2025-09-13,17:30,2025-09-13 16:30:00+00:00,Ath Bilbao,Alaves,0,1,A,1.59,3.71,6.26
I1_2025-09-13_fiorentina_napoli,I1,2025-09-13,19:45,2025-09-13 18:45:00+00:00,Fiorentina,Napoli,1,3,A,4.03,3.26,1.99
E0_2025-09-13_brentford_chelsea,E0,2025-09-13,20:00,2025-09-13 19:00:00+00:00,Brentford,Chelsea,2,2,D,4.21,3.72,1.83
SP1_2025-09-13_ath-madrid_villarreal,SP1,2025-09-13,20:00,2025-09-13 19:00:00+00:00,Ath Madrid,Villarreal,2,0,H,1.77,3.68,4.51
F1_2025-09-13_auxerre_monaco,F1,2025-09-13,20:05,2025-09-13 19:05:00+00:00,Auxerre,Monaco,1,2,A,5.03,4.49,1.57
I1_2025-09-14_roma_torino,I1,2025-09-14,11:30,2025-09-14 10:30:00+00:00,Roma,Torino,0,1,A,1.51,4.06,6.58
SP1_2025-09-14_celta_girona,SP1,2025-09-14,13:00,2025-09-14 12:00:00+00:00,Celta,Girona,1,1,D,1.73,3.75,4.71
E0_2025-09-14_burnley_liverpool,E0,2025-09-14,14:00,2025-09-14 13:00:00+00:00,Burnley,Liverpool,0,1,A,8.63,5.54,1.32
F1_2025-09-14_lille_toulouse,F1,2025-09-14,14:00,2025-09-14 13:00:00+00:00,Lille,Toulouse,2,1,H,1.84,3.6,4.18
I1_2025-09-14_atalanta_lecce,I1,2025-09-14,14:00,2025-09-14 13:00:00+00:00,Atalanta,Lecce,4,1,H,1.38,4.67,8.63
I1_2025-09-14_pisa_udinese,I1,2025-09-14,14:00,2025-09-14 13:00:00+00:00,Pisa,Udinese,0,1,A,2.84,2.98,2.69
D1_2025-09-14_st-pauli_augsburg,D1,2025-09-14,14:30,2025-09-14 13:30:00+00:00,St Pauli,Augsburg,2,1,H,2.11,3.37,3.43
SP1_2025-09-14_levante_betis,SP1,2025-09-14,15:15,2025-09-14 14:15:00+00:00,Levante,Betis,2,2,D,3.53,3.53,2.03
F1_2025-09-14_brest_paris-fc,F1,2025-09-14,16:15,2025-09-14 15:15:00+00:00,Brest,Paris FC,1,2,A,2.6,3.38,2.62
F1_2025-09-14_metz_angers,F1,2025-09-14,16:15,2025-09-14 15:15:00+00:00,Metz,Angers,1,1,D,2.25,3.27,3.24
F1_2025-09-14_paris-sg_lens,F1,2025-09-14,16:15,2025-09-14 15:15:00+00:00,Paris SG,Lens,2,0,H,1.34,5.58,7.59
F1_2025-09-14_strasbourg_le-havre,F1,2025-09-14,16:15,2025-09-14 15:15:00+00:00,Strasbourg,Le Havre,1,0,H,1.8,3.68,4.35
D1_2025-09-14_m-gladbach_werder-bremen,D1,2025-09-14,16:30,2025-09-14 15:30:00+00:00,M'gladbach,Werder Bremen,0,4,A,2.09,3.89,3.09
E0_2025-09-14_man-city_man-united,E0,2025-09-14,16:30,2025-09-14 15:30:00+00:00,Man City,Man United,3,0,H,1.65,4.14,4.83
I1_2025-09-14_sassuolo_lazio,I1,2025-09-14,17:00,2025-09-14 16:00:00+00:00,Sassuolo,Lazio,1,0,H,4.06,3.49,1.9
SP1_2025-09-14_osasuna_vallecano,SP1,2025-09-14,17:30,2025-09-14 16:30:00+00:00,Osasuna,Vallecano,2,0,H,2.72,2.94,2.86
F1_2025-09-14_rennes_lyon,F1,2025-09-14,19:45,2025-09-14 18:45:00+00:00,Rennes,Lyon,3,1,H,2.5,3.39,2.74
I1_2025-09-14_milan_bologna,I1,2025-09-14,19:45,2025-09-14 18:45:00+00:00,Milan,Bologna,1,0,H,1.77,3.53,4.73
SP1_2025-09-14_barcelona_valencia,SP1,2025-09-14,20:00,2025-09-14 19:00:00+00:00,Barcelona,Valencia,6,0,H,1.36,5.36,7.33
I1_2025-09-15_verona_cremonese,I1,2025-09-15,17:30,2025-09-15 16:30:00+00:00,Verona,Cremonese,0,0,D,2.66,2.97,2.88
I1_2025-09-15_como_genoa,I1,2025-09-15,19:45,2025-09-15 18:45:00+00:00,Como,Genoa,1,1,D,1.69,3.55,5.36
SP1_2025-09-15_espanol_mallorca,SP1,2025-09-15,20:00,2025-09-15 19:00:00+00:00,Espanol,Mallorca,3,2,H,2.24,3.08,3.48
D1_2025-09-19_stuttgart_st-pauli,D1,2025-09-19,19:30,2025-09-19 18:30:00+00:00,Stuttgart,St Pauli,2,0,H,1.82,3.88,3.89
F1_2025-09-19_lyon_angers,F1,2025-09-19,19:45,2025-09-19 18:45:00+00:00,Lyon,Angers,1,0,H,1.44,4.5,6.95
I1_2025-09-19_lecce_cagliari,I1,2025-09-19,19:45,2025-09-19 18:45:00+00:00,Lecce,Cagliari,1,2,A,2.84,2.9,2.74
SP1_2025-09-19_betis_sociedad,SP1,2025-09-19,20:00,2025-09-19 19:00:00+00:00,Betis,Sociedad,3,1,H,1.93,3.63,3.74
E0_2025-09-20_liverpool_everton,E0,2025-09-20,12:30,2025-09-20 11:30:00+00:00,Liverpool,Everton,2,1,H,1.51,4.35,6.31
SP1_2025-09-20_girona_levante,SP1,2025-09-20,13:00,2025-09-20 12:00:00+00:00,Girona,Levante,0,4,A,1.85,3.71,4.03
I1_2025-09-20_bologna_genoa,I1,2025-09-20,14:00,2025-09-20 13:00:00+00:00,Bologna,Genoa,2,1,H,2.04,3.01,4.25
D1_2025-09-20_augsburg_mainz,D1,2025-09-20,14:30,2025-09-20 13:30:00+00:00,Augsburg,Mainz,1,4,A,2.61,3.47,2.58
D1_2025-09-20_hamburg_heidenheim,D1,2025-09-20,14:30,2025-09-20 13:30:00+00:00,Hamburg,Heidenheim,2,1,H,1.77,3.87,4.2
D1_2025-09-20_hoffenheim_bayern-munich,D1,2025-09-20,14:30,2025-09-20 13:30:00+00:00,Hoffenheim,Bayern Munich,1,4,A,6.98,5.37,1.37
D1_2025-09-20_werder-bremen_freiburg,D1,2025-09-20,14:30,2025-09-20 13:30:00+00:00,Werder Bremen,Freiburg,0,3,A,2.37,3.55,2.79
E0_2025-09-20_brighton_tottenham,E0,2025-09-20,15:00,2025-09-20 14:00:00+00:00,Brighton,Tottenham,2,2,D,2.17,3.63,3.14
E0_2025-09-20_burnley_nott-m-forest,E0,2025-09-20,15:00,2025-09-20 14:00:00+00:00,Burnley,Nott'm Forest,1,1,D,3.41,3.31,2.18
E0_2025-09-20_west-ham_crystal-palace,E0,2025-09-20,15:00,2025-09-20 14:00:00+00:00,West Ham,Crystal Palace,1,2,A,3.04,3.42,2.31
E0_2025-09-20_wolves_leeds,E0,2025-09-20,15:00,2025-09-20 14:00:00+00:00,Wolves,Leeds,1,3,A,2.88,3.08,2.58
SP1_2025-09-20_real-madrid_espanol,SP1,2025-09-20,15:15,2025-09-20 14:15:00+00:00,Real Madrid,Espanol,2,0,H,1.2,6.8,13.0
F1_2025-09-20_nantes_rennes,F1,2025-09-20,16:00,2025-09-20 15:00:00+00:00,Nantes,Rennes,2,2,D,3.82,3.45,1.96
I1_2025-09-20_verona_juventus,I1,2025-09-20,17:00,2025-09-20 16:00:00+00:00,Verona,Juventus,1,1,D,6.62,3.98,1.52
D1_2025-09-20_rb-leipzig_fc-koln,D1,2025-09-20,17:30,2025-09-20 16:30:00+00:00,RB Leipzig,FC Koln,3,1,H,1.86,4.01,3.64
E0_2025-09-20_man-united_chelsea,E0,2025-09-20,17:30,2025-09-20 16:30:00+00:00,Man United,Chelsea,2,1,H,2.64,3.62,2.51
SP1_2025-09-20_alaves_sevilla,SP1,2025-09-20,17:30,2025-09-20 16:30:00+00:00,Alaves,Sevilla,1,2,A,2.4,2.95,3.26
SP1_2025-09-20_villarreal_osasuna,SP1,2025-09-20,17:30,2025-09-20 16:30:00+00:00,Villarreal,Osasuna,2,1,H,1.68,3.74,5.15
F1_2025-09-20_brest_nice,F1,2025-09-20,18:00,2025-09-20 17:00:00+00:00,Brest,Nice,4,1,H,2.96,3.54,2.27
I1_2025-09-20_udinese_milan,I1,2025-09-20,19:45,2025-09-20 18:45:00+00:00,Udinese,Milan,0,3,A,5.12,3.92,1.64
E0_2025-09-20_fulham_brentford,E0,2025-09-20,20:00,2025-09-20 19:00:00+00:00,Fulham,Brentford,3,1,H,2.12,3.29,3.58
SP1_2025-09-20_valencia_ath-bilbao,SP1,2025-09-20,20:00,2025-09-20 19:00:00+00:00,Valencia,Ath Bilbao,2,0,H,3.42,3.11,2.25
F1_2025-09-20_lens_lille,F1,2025-09-20,20:05,2025-09-20 19:05:00+00:00,Lens,Lille,3,0,H,2.23,3.45,3.1
I1_2025-09-21_lazio_roma,I1,2025-09-21,11:30,2025-09-21 10:30:00+00:00,Lazio,Roma,0,1,A,2.8,2.97,2.73
SP1_2025-09-21_vallecano_celta,SP1,2025-09-21,13:00,2025-09-21 12:00:00+00:00,Vallecano,Celta,1,1,D,2.01,3.38,3.73
E0_2025-09-21_bournemouth_newcastle,E0,2025-09-21,14:00,2025-09-21 13:00:00+00:00,Bournemouth,Newcastle,0,0,D,2.38,3.29,3.02
E0_2025-09-21_sunderland_aston-villa,E0,2025-09-21,14:00,2025-09-21 13:00:00+00:00,Sunderland,Aston Villa,1,1,D,3.8,3.32,2.04
F1_2025-09-21_paris-fc_strasbourg,F1,2025-09-21,14:00,2025-09-21 13:00:00+00:00,Paris FC,Strasbourg,2,3,A,2.36,3.44,2.9
I1_2025-09-21_cremonese_parma,I1,2025-09-21,14:00,2025-09-21 13:00:00+00:00,Cremonese,Parma,0,0,D,2.93,3.15,2.51
I1_2025-09-21_torino_atalanta,I1,2025-09-21,14:00,2025-09-21 13:00:00+00:00,Torino,Atalanta,0,3,A,3.74,3.25,2.06
D1_2025-09-21_ein-frankfurt_union-berlin,D1,2025-09-21,14:30,2025-09-21 13:30:00+00:00,Ein Frankfurt,Union Berlin,3,4,A,1.62,4.17,4.92
SP1_2025-09-21_mallorca_ath-madrid,SP1,2025-09-21,15:15,2025-09-21 14:15:00+00:00,Mallorca,Ath Madrid,1,1,D,4.94,3.51,1.75
F1_2025-09-21_auxerre_toulouse,F1,2025-09-21,16:15,2025-09-21 15:15:00+00:00,Auxerre,Toulouse,1,0,H,3.29,3.25,2.23
F1_2025-09-21_le-havre_lorient,F1,2025-09-21,16:15,2025-09-21 15:15:00+00:00,Le Havre,Lorient,1,1,D,2.09,3.27,3.61
F1_2025-09-21_monaco_metz,F1,2025-09-21,16:15,2025-09-21 15:15:00+00:00,Monaco,Metz,5,2,H,1.3,5.64,8.57
D1_2025-09-21_leverkusen_m-gladbach,D1,2025-09-21,16:30,2025-09-21 15:30:00+00:00,Leverkusen,M'gladbach,1,1,D,1.51,4.45,5.74
E0_2025-09-21_arsenal_man-city,E0,2025-09-21,16:30,2025-09-21 15:30:00+00:00,Arsenal,Man City,1,1,D,2.05,3.56,3.54
I1_2025-09-21_fiorentina_como,I1,2025-09-21,17:00,2025-09-21 16:00:00+00:00,Fiorentina,Como,1,2,A,2.57,3.24,2.76
SP1_2025-09-21_elche_oviedo,SP1,2025-09-21,17:30,2025-09-21 16:30:00+00:00,Elche,Oviedo,1,0,H,1.97,3.23,4.11
D1_2025-09-21_dortmund_wolfsburg,D1,2025-09-21,18:30,2025-09-21 17:30:00+00:00,Dortmund,Wolfsburg,1,0,H,1.52,4.57,5.36
I1_2025-09-21_inter_sassuolo,I1,2025-09-21,19:45,2025-09-21 18:45:00+00:00,Inter,Sassuolo,2,1,H,1.3,5.5,9.3
SP1_2025-09-21_barcelona_getafe,SP1,2025-09-21,20:00,2025-09-21 19:00:00+00:00,Barcelona,Getafe,3,0,H,1.23,6.31,11.4
I1_2025-09-22_napoli_pisa,I1,2025-09-22,19:45,2025-09-22 18:45:00+00:00,Napoli,Pisa,3,2,H,1.3,5.05,11.17
F1_2025-09-22_marseille_paris-sg,F1,2025-09-22,22:00,2025-09-22 21:00:00+00:00,Marseille,Paris SG,1,0,H,3.99,3.81,1.82
SP1_2025-09-23_ath-bilbao_girona,SP1,2025-09-23,18:00,2025-09-23 17:00:00+00:00,Ath Bilbao,Girona,1,1,D,1.47,4.3,6.74
SP1_2025-09-23_espanol_valencia,SP1,2025-09-23,18:00,2025-09-23 17:00:00+00:00,Espanol,Valencia,2,2,D,2.32,3.16,3.2
SP1_2025-09-23_levante_real-madrid,SP1,2025-09-23,20:30,2025-09-23 19:30:00+00:00,Levante,Real Madrid,1,4,A,7.68,5.56,1.34
SP1_2025-09-23_sevilla_villarreal,SP1,2025-09-23,20:30,2025-09-23 19:30:00+00:00,Sevilla,Villarreal,1,2,A,3.3,3.3,2.2
SP1_2025-09-24_getafe_alaves,SP1,2025-09-24,18:00,2025-09-24 17:00:00+00:00,Getafe,Alaves,1,1,D,2.06,2.82,4.51
SP1_2025-09-24_ath-madrid_vallecano,SP1,2025-09-24,20:30,2025-09-24 19:30:00+00:00,Ath Madrid,Vallecano,3,2,H,1.45,4.31,7.35
SP1_2025-09-24_sociedad_mallorca,SP1,2025-09-24,20:30,2025-09-24 19:30:00+00:00,Sociedad,Mallorca,1,0,H,1.74,3.54,4.96
SP1_2025-09-25_osasuna_elche,SP1,2025-09-25,18:30,2025-09-25 17:30:00+00:00,Osasuna,Elche,1,1,D,1.9,3.19,4.6
SP1_2025-09-25_oviedo_barcelona,SP1,2025-09-25,20:30,2025-09-25 19:30:00+00:00,Oviedo,Barcelona,1,3,A,12.37,6.7,1.21
D1_2025-09-26_bayern-munich_werder-bremen,D1,2025-09-26,19:30,2025-09-26 18:30:00+00:00,Bayern Munich,Werder Bremen,4,0,H,1.1,10.52,18.3
F1_2025-09-26_strasbourg_marseille,F1,2025-09-26,19:45,2025-09-26 18:45:00+00:00,Strasbourg,Marseille,1,2,A,3.19,3.54,2.15
SP1_2025-09-26_girona_espanol,SP1,2025-09-26,20:00,2025-09-26 19:00:00+00:00,Girona,Espanol,0,0,D,2.55,3.25,2.78
E0_2025-09-27_brentford_man-united,E0,2025-09-27,12:30,2025-09-27 11:30:00+00:00,Brentford,Man United,3,1,H,3.3,3.74,2.07
SP1_2025-09-27_getafe_levante,SP1,2025-09-27,13:00,2025-09-27 12:00:00+00:00,Getafe,Levante,1,1,D,2.11,3.05,3.91
I1_2025-09-27_como_cremonese,I1,2025-09-27,14:00,2025-09-27 13:00:00+00:00,Como,Cremonese,1,1,D,1.41,4.53,7.86
D1_2025-09-27_heidenheim_augsburg,D1,2025-09-27,14:30,2025-09-27 13:30:00+00:00,Heidenheim,Augsburg,2,1,H,2.82,3.46,2.39
D1_2025-09-27_mainz_dortmund,D1,2025-09-27,14:30,2025-09-27 13:30:00+00:00,Mainz,Dortmund,0,2,A,3.39,3.76,2.0
D1_2025-09-27_st-pauli_leverkusen,D1,2025-09-27,14:30,2025-09-27 13:30:00+00:00,St Pauli,Leverkusen,1,2,A,2.97,3.42,2.32
D1_2025-09-27_wolfsburg_rb-leipzig,D1,2025-09-27,14:30,2025-09-27 13:30:00+00:00,Wolfsburg,RB Leipzig,0,1,A,2.59,3.65,2.48
E0_2025-09-27_chelsea_brighton,E0,2025-09-27,15:00,2025-09-27 14:00:00+00:00,Chelsea,Brighton,1,3,A,1.98,3.75,3.57
E0_2025-09-27_crystal-palace_liverpool,E0,2025-09-27,15:00,2025-09-27 14:00:00+00:00,Crystal Palace,Liverpool,2,1,H,4.01,3.71,1.87
E0_2025-09-27_leeds_bournemouth,E0,2025-09-27,15:00,2025-09-27 14:00:00+00:00,Leeds,Bournemouth,2,2,D,2.96,3.23,2.46
E0_2025-09-27_man-city_burnley,E0,2025-09-27,15:00,2025-09-27 14:00:00+00:00,Man City,Burnley,5,1,H,1.19,7.02,14.17
SP1_2025-09-27_ath-madrid_real-madrid,SP1,2025-09-27,15:15,2025-09-27 14:15:00+00:00,Ath Madrid,Real Madrid,5,2,H,3.08,3.48,2.23
F1_2025-09-27_lorient_monaco,F1,2025-09-27,16:00,2025-09-27 15:00:00+00:00,Lorient,Monaco,3,1,H,3.8,3.81,1.87
I1_2025-09-27_juventus_atalanta,I1,2025-09-27,17:00,2025-09-27 16:00:00+00:00,Juventus,Atalanta,1,1,D,1.93,3.42,4.01
D1_2025-09-27_m-gladbach_ein-frankfurt,D1,2025-09-27,17:30,2025-09-27 16:30:00+00:00,M'gladbach,Ein Frankfurt,4,6,A,2.9,3.63,2.26
E0_2025-09-27_nott-m-forest_sunderland,E0,2025-09-27,17:30,2025-09-27 16:30:00+00:00,Nott'm Forest,Sunderland,0,1,A,1.75,3.69,4.73
SP1_2025-09-27_mallorca_alaves,SP1,2025-09-27,17:30,2025-09-27 16:30:00+00:00,Mallorca,Alaves,1,0,H,2.45,2.86,3.32
F1_2025-09-27_toulouse_nantes,F1,2025-09-27,18:00,2025-09-27 17:00:00+00:00,Toulouse,Nantes,2,2,D,1.69,3.66,5.17
I1_2025-09-27_cagliari_inter,I1,2025-09-27,19:45,2025-09-27 18:45:00+00:00,Cagliari,Inter,0,2,A,6.44,4.19,1.5
E0_2025-09-27_tottenham_wolves,E0,2025-09-27,20:00,2025-09-27 19:00:00+00:00,Tottenham,Wolves,1,1,D,1.53,4.27,6.05
SP1_2025-09-27_villarreal_ath-bilbao,SP1,2025-09-27,20:00,2025-09-27 19:00:00+00:00,Villarreal,Ath Bilbao,1,0,H,2.02,3.29,3.81
F1_2025-09-27_paris-sg_auxerre,F1,2025-09-27,20:05,2025-09-27 19:05:00+00:00,Paris SG,Auxerre,2,0,H,1.21,6.72,12.1
I1_2025-09-28_sassuolo_udinese,I1,2025-09-28,11:30,2025-09-28 10:30:00+00:00,Sassuolo,Udinese,3,1,H,2.36,3.13,3.17
SP1_2025-09-28_vallecano_sevilla,SP1,2025-09-28,13:00,2025-09-28 12:00:00+00:00,Vallecano,Sevilla,0,1,A,1.99,3.31,3.91
E0_2025-09-28_aston-villa_fulham,E0,2025-09-28,14:00,2025-09-28 13:00:00+00:00,Aston Villa,Fulham,3,1,H,2.25,3.24,3.34
F1_2025-09-28_nice_paris-fc,F1,2025-09-28,14:00,2025-09-28 13:00:00+00:00,Nice,Paris FC,1,1,D,2.04,3.58,3.4
I1_2025-09-28_pisa_fiorentina,I1,2025-09-28,14:00,2025-09-28 13:00:00+00:00,Pisa,Fiorentina,0,0,D,3.47,3.22,2.17
I1_2025-09-28_roma_verona,I1,2025-09-28,14:00,2025-09-28 13:00:00+00:00,Roma,Verona,2,0,H,1.41,4.34,8.28
D1_2025-09-28_freiburg_hoffenheim,D1,2025-09-28,14:30,2025-09-28 13:30:00+00:00,Freiburg,Hoffenheim,1,1,D,2.29,3.35,3.08
SP1_2025-09-28_elche_celta,SP1,2025-09-28,15:15,2025-09-28 14:15:00+00:00,Elche,Celta,2,1,H,2.78,3.13,2.63
F1_2025-09-28_angers_brest,F1,2025-09-28,16:15,2025-09-28 15:15:00+00:00,Angers,Brest,0,2,A,3.16,3.11,2.37
F1_2025-09-28_lille_lyon,F1,2025-09-28,16:15,2025-09-28 15:15:00+00:00,Lille,Lyon,0,1,A,2.26,3.44,3.04
F1_2025-09-28_metz_le-havre,F1,2025-09-28,16:15,2025-09-28 15:15:00+00:00,Metz,Le Havre,0,0,D,2.56,3.29,2.71
D1_2025-09-28_fc-koln_stuttgart,D1,2025-09-28,16:30,2025-09-28 15:30:00+00:00,FC Koln,Stuttgart,1,2,A,2.53,3.62,2.55
E0_2025-09-28_newcastle_arsenal,E0,2025-09-28,16:30,2025-09-28 15:30:00+00:00,Newcastle,Arsenal,1,2,A,3.4,3.26,2.21
I1_2025-09-28_lecce_bologna,I1,2025-09-28,17:00,2025-09-28 16:00:00+00:00,Lecce,Bologna,2,2,D,5.34,3.47,1.71
SP1_2025-09-28_barcelona_sociedad,SP1,2025-09-28,17:30,2025-09-28 16:30:00+00:00,Barcelona,Sociedad,2,1,H,1.35,5.33,7.7
D1_2025-09-28_union-berlin_hamburg,D1,2025-09-28,18:30,2025-09-28 17:30:00+00:00,Union Berlin,Hamburg,0,0,D,1.97,3.57,3.65
F1_2025-09-28_rennes_lens,F1,2025-09-28,19:45,2025-09-28 18:45:00+00:00,Rennes,Lens,0,0,D,2.56,3.5,2.6
I1_2025-09-28_milan_napoli,I1,2025-09-28,19:45,2025-09-28 18:45:00+00:00,Milan,Napoli,2,1,H,1.91,3.41,4.11
SP1_2025-09-28_betis_osasuna,SP1,2025-09-28,20:00,2025-09-28 19:00:00+00:00,Betis,Osasuna,2,0,H,1.82,3.57,4.36
I1_2025-09-29_parma_torino,I1,2025-09-29,17:30,2025-09-29 16:30:00+00:00,Parma,Torino,2,1,H,2.52,2.96,3.05
I1_2025-09-29_genoa_lazio,I1,2025-09-29,19:45,2025-09-29 18:45:00+00:00,Genoa,Lazio,0,3,A,2.88,2.93,2.68
E0_2025-09-29_everton_west-ham,E0,2025-09-29,20:00,2025-09-29 19:00:00+00:00,Everton,West Ham,1,1,D,1.65,3.87,5.28
SP1_2025-09-30_valencia_oviedo,SP1,2025-09-30,19:00,2025-09-30 18:00:00+00:00,Valencia,Oviedo,1,2,A,1.69,3.55,5.39
D1_2025-10-03_hoffenheim_fc-koln,D1,2025-10-03,19:30,2025-10-03 18:30:00+00:00,Hoffenheim,FC Koln,0,1,A,1.94,3.76,3.56
F1_2025-10-03_paris-fc_lorient,F1,2025-10-03,19:45,2025-10-03 18:45:00+00:00,Paris FC,Lorient,2,0,H,1.76,3.75,4.42
I1_2025-10-03_verona_sassuolo,I1,2025-10-03,19:45,2025-10-03 18:45:00+00:00,Verona,Sassuolo,0,1,A,2.34,3.07,3.24
E0_2025-10-03_bournemouth_fulham,E0,2025-10-03,20:00,2025-10-03 19:00:00+00:00,Bournemouth,Fulham,3,1,H,1.95,3.43,4.01
SP1_2025-10-03_osasuna_getafe,SP1,2025-10-03,20:00,2025-10-03 19:00:00+00:00,Osasuna,Getafe,2,1,H,2.16,2.83,4.06
E0_2025-10-04_leeds_tottenham,E0,2025-10-04,12:30,2025-10-04 11:30:00+00:00,Leeds,Tottenham,1,2,A,2.75,3.35,2.55
SP1_2025-10-04_oviedo_levante,SP1,2025-10-04,13:00,2025-10-04 12:00:00+00:00,Oviedo,Levante,0,2,A,2.37,3.22,3.07
I1_2025-10-04_lazio_torino,I1,2025-10-04,14:00,2025-10-04 13:00:00+00:00,Lazio,Torino,3,3,D,1.99,3.22,3.99
I1_2025-10-04_parma_lecce,I1,2025-10-04,14:00,2025-10-04 13:00:00+00:00,Parma,Lecce,0,1,A,1.88,3.38,4.28
D1_2025-10-04_augsburg_wolfsburg,D1,2025-10-04,14:30,2025-10-04 13:30:00+00:00,Augsburg,Wolfsburg,3,1,H,2.5,3.51,2.67
D1_2025-10-04_dortmund_rb-leipzig,D1,2025-10-04,14:30,2025-10-04 13:30:00+00:00,Dortmund,RB Leipzig,1,1,D,1.67,4.5,4.12
D1_2025-10-04_leverkusen_union-berlin,D1,2025-10-04,14:30,2025-10-04 13:30:00+00:00,Leverkusen,Union Berlin,2,0,H,1.7,3.89,4.69
D1_2025-10-04_werder-bremen_st-pauli,D1,2025-10-04,14:30,2025-10-04 13:30:00+00:00,Werder Bremen,St Pauli,1,0,H,2.31,3.51,2.9
E0_2025-10-04_arsenal_west-ham,E0,2025-10-04,15:00,2025-10-04 14:00:00+00:00,Arsenal,West Ham,2,0,H,1.18,7.28,14.63
E0_2025-10-04_man-united_sunderland,E0,2025-10-04,15:00,2025-10-04 14:00:00+00:00,Man United,Sunderland,2,0,H,1.61,4.22,5.1
SP1_2025-10-04_girona_valencia,SP1,2025-10-04,15:15,2025-10-04 14:15:00+00:00,Girona,Valencia,2,1,H,2.36,3.27,3.01
F1_2025-10-04_metz_marseille,F1,2025-10-04,16:00,2025-10-04 15:00:00+00:00,Metz,Marseille,0,3,A,5.77,4.29,1.53
I1_2025-10-04_inter_cremonese,I1,2025-10-04,17:00,2025-10-04 16:00:00+00:00,Inter,Cremonese,4,1,H,1.16,7.08,17.41
D1_2025-10-04_ein-frankfurt_bayern-munich,D1,2025-10-04,17:30,2025-10-04 16:30:00+00:00,Ein Frankfurt,Bayern Munich,0,3,A,6.7,5.66,1.36
E0_2025-10-04_chelsea_liverpool,E0,2025-10-04,17:30,2025-10-04 16:30:00+00:00,Chelsea,Liverpool,2,1,H,2.87,3.64,2.31
SP1_2025-10-04_ath-bilbao_mallorca,SP1,2025-10-04,17:30,2025-10-04 16:30:00+00:00,Ath Bilbao,Mallorca,2,1,H,1.61,3.67,6.03
F1_2025-10-04_brest_nantes,F1,2025-10-04,18:00,2025-10-04 17:00:00+00:00,Brest,Nantes,0,0,D,1.89,3.55,4.01
I1_2025-10-04_atalanta_como,I1,2025-10-04,19:45,2025-10-04 18:45:00+00:00,Atalanta,Como,1,1,D,2.17,3.32,3.34
SP1_2025-10-04_real-madrid_villarreal,SP1,2025-10-04,20:00,2025-10-04 19:00:00+00:00,Real Madrid,Villarreal,3,1,H,1.39,5.07,6.76
F1_2025-10-04_auxerre_lens,F1,2025-10-04,20:05,2025-10-04 19:05:00+00:00,Auxerre,Lens,1,2,A,3.5,3.59,2.01
I1_2025-10-05_udinese_cagliari,I1,2025-10-05,11:30,2025-10-05 10:30:00+00:00,Udinese,Cagliari,1,1,D,2.11,3.13,3.73
SP1_2025-10-05_alaves_elche,SP1,2025-10-05,13:00,2025-10-05 12:00:00+00:00,Alaves,Elche,3,1,H,2.2,2.92,3.81
E0_2025-10-05_aston-villa_burnley,E0,2025-10-05,14:00,2025-10-05 13:00:00+00:00,Aston Villa,Burnley,2,1,H,1.55,4.05,6.13
E0_2025-10-05_everton_crystal-palace,E0,2025-10-05,14:00,2025-10-05 13:00:00+00:00,Everton,Crystal Palace,2,1,H,2.65,3.1,2.82
E0_2025-10-05_newcastle_nott-m-forest,E0,2025-10-05,14:00,2025-10-05 13:00:00+00:00,Newcastle,Nott'm Forest,2,0,H,1.51,4.42,6.06
E0_2025-10-05_wolves_brighton,E0,2025-10-05,14:00,2025-10-05 13:00:00+00:00,Wolves,Brighton,1,1,D,3.46,3.53,2.08
F1_2025-10-05_lyon_toulouse,F1,2025-10-05,14:00,2025-10-05 13:00:00+00:00,Lyon,Toulouse,1,2,A,1.98,3.4,3.8
I1_2025-10-05_bologna_pisa,I1,2025-10-05,14:00,2025-10-05 13:00:00+00:00,Bologna,Pisa,4,0,H,1.66,3.63,5.51
I1_2025-10-05_fiorentina_roma,I1,2025-10-05,14:00,2025-10-05 13:00:00+00:00,Fiorentina,Roma,1,2,A,3.03,3.11,2.44
D1_2025-10-05_stuttgart_heidenheim,D1,2025-10-05,14:30,2025-10-05 13:30:00+00:00,Stuttgart,Heidenheim,1,0,H,1.39,5.06,6.99
SP1_2025-10-05_sevilla_barcelona,SP1,2025-10-05,15:15,2025-10-05 14:15:00+00:00,Sevilla,Barcelona,4,1,H,5.73,4.75,1.48
F1_2025-10-05_le-havre_rennes,F1,2025-10-05,16:15,2025-10-05 15:15:00+00:00,Le Havre,Rennes,2,2,D,3.1,3.39,2.25
F1_2025-10-05_monaco_nice,F1,2025-10-05,16:15,2025-10-05 15:15:00+00:00,Monaco,Nice,2,2,D,1.93,3.74,3.65
F1_2025-10-05_strasbourg_angers,F1,2025-10-05,16:15,2025-10-05 15:15:00+00:00,Strasbourg,Angers,5,0,H,1.72,3.64,4.84
D1_2025-10-05_hamburg_mainz,D1,2025-10-05,16:30,2025-10-05 15:30:00+00:00,Hamburg,Mainz,4,0,H,3.08,3.67,2.14
E0_2025-10-05_brentford_man-city,E0,2025-10-05,16:30,2025-10-05 15:30:00+00:00,Brentford,Man City,0,1,A,5.03,4.18,1.62
I1_2025-10-05_napoli_genoa,I1,2025-10-05,17:00,2025-10-05 16:00:00+00:00,Napoli,Genoa,2,1,H,1.46,3.98,8.2
SP1_2025-10-05_espanol_betis,SP1,2025-10-05,17:30,2025-10-05 16:30:00+00:00,Espanol,Betis,1,2,A,2.53,3.32,2.74
SP1_2025-10-05_sociedad_vallecano,SP1,2025-10-05,17:30,2025-10-05 16:30:00+00:00,Sociedad,Vallecano,0,1,A,2.12,3.33,3.47
D1_2025-10-05_m-gladbach_freiburg,D1,2025-10-05,18:30,2025-10-05 17:30:00+00:00,M'gladbach,Freiburg,0,0,D,2.59,3.36,2.66
F1_2025-10-05_lille_paris-sg,F1,2025-10-05,19:45,2025-10-05 18:45:00+00:00,Lille,Paris SG,1,1,D,3.39,3.58,2.05
I1_2025-10-05_juventus_milan,I1,2025-10-05,19:45,2025-10-05 18:45:00+00:00,Juventus,Milan,0,0,D,2.74,3.01,2.73
SP1_2025-10-05_celta_ath-madrid,SP1,2025-10-05,20:00,2025-10-05 19:00:00+00:00,Celta,Ath Madrid,1,1,D,4.5,3.71,1.77
D1_2025-10-17_union-berlin_m-gladbach,D1,2025-10-17,19:30,2025-10-17 18:30:00+00:00,Union Berlin,M'gladbach,3,1,H,2.24,3.33,3.18
F1_2025-10-17_paris-sg_strasbourg,F1,2025-10-17,19:45,2025-10-17 18:45:00+00:00,Paris SG,Strasbourg,3,3,D,1.39,5.08,7.09
SP1_2025-10-17_oviedo_espanol,SP1,2025-10-17,20:00,2025-10-17 19:00:00+00:00,Oviedo,Espanol,0,2,A,2.87,3.04,2.61
E0_2025-10-18_nott-m-forest_chelsea,E0,2025-10-18,12:30,2025-10-18 11:30:00+00:00,Nott'm Forest,Chelsea,0,3,A,3.07,3.43,2.27
SP1_2025-10-18_sevilla_mallorca,SP1,2025-10-18,13:00,2025-10-18 12:00:00+00:00,Sevilla,Mallorca,1,3,A,1.83,3.38,4.63
I1_2025-10-18_lecce_sassuolo,I1,2025-10-18,14:00,2025-10-18 13:00:00+00:00,Lecce,Sassuolo,0,0,D,2.85,3.01,2.66
I1_2025-10-18_pisa_verona,I1,2025-10-18,14:00,2025-10-18 13:00:00+00:00,Pisa,Verona,0,0,D,2.68,2.88,2.94
D1_2025-10-18_fc-koln_augsburg,D1,2025-10-18,14:30,2025-10-18 13:30:00+00:00,FC Koln,Augsburg,1,1,D,1.98,3.78,3.43
D1_2025-10-18_heidenheim_werder-bremen,D1,2025-10-18,14:30,2025-10-18 13:30:00+00:00,Heidenheim,Werder Bremen,2,2,D,2.67,3.46,2.51
D1_2025-10-18_mainz_leverkusen,D1,2025-10-18,14:30,2025-10-18 13:30:00+00:00,Mainz,Leverkusen,3,4,A,2.49,3.45,2.66
D1_2025-10-18_rb-leipzig_hamburg,D1,2025-10-18,14:30,2025-10-18 13:30:00+00:00,RB Leipzig,Hamburg,2,1,H,1.45,4.96,5.85
D1_2025-10-18_wolfsburg_stuttgart,D1,2025-10-18,14:30,2025-10-18 13:30:00+00:00,Wolfsburg,Stuttgart,0,3,A,2.83,3.52,2.35
E0_2025-10-18_brighton_newcastle,E0,2025-10-18,15:00,2025-10-18 14:00:00+00:00,Brighton,Newcastle,2,1,H,2.86,3.44,2.42
E0_2025-10-18_burnley_leeds,E0,2025-10-18,15:00,2025-10-18 14:00:00+00:00,Burnley,Leeds,2,0,H,3.48,3.22,2.19
E0_2025-10-18_crystal-palace_bournemouth,E0,2025-10-18,15:00,2025-10-18 14:00:00+00:00,Crystal Palace,Bournemouth,3,3,D,2.13,3.39,3.44
E0_2025-10-18_man-city_everton,E0,2025-10-18,15:00,2025-10-18 14:00:00+00:00,Man City,Everton,2,0,H,1.44,4.46,7.29
E0_2025-10-18_sunderland_wolves,E0,2025-10-18,15:00,2025-10-18 14:00:00+00:00,Sunderland,Wolves,2,0,H,2.49,3.03,3.08
SP1_2025-10-18_barcelona_girona,SP1,2025-10-18,15:15,2025-10-18 14:15:00+00:00,Barcelona,Girona,2,1,H,1.2,7.02,11.91
F1_2025-10-18_nice_lyon,F1,2025-10-18,16:00,2025-10-18 15:00:00+00:00,Nice,Lyon,3,2,H,2.23,3.49,3.08
I1_2025-10-18_torino_napoli,I1,2025-10-18,17:00,2025-10-18 16:00:00+00:00,Torino,Napoli,1,0,H,5.02,3.23,1.81
D1_2025-10-18_bayern-munich_dortmund,D1,2025-10-18,17:30,2025-10-18 16:30:00+00:00,Bayern Munich,Dortmund,2,1,H,1.35,5.52,7.41
E0_2025-10-18_fulham_arsenal,E0,2025-10-18,17:30,2025-10-18 16:30:00+00:00,Fulham,Arsenal,0,1,A,6.77,4.18,1.5
SP1_2025-10-18_villarreal_betis,SP1,2025-10-18,17:30,2025-10-18 16:30:00+00:00,Villarreal,Betis,2,2,D,2.06,3.62,3.35
F1_2025-10-18_angers_monaco,F1,2025-10-18,18:00,2025-10-18 17:00:00+00:00,Angers,Monaco,1,1,D,5.28,4.03,1.61
I1_2025-10-18_roma_inter,I1,2025-10-18,19:45,2025-10-18 18:45:00+00:00,Roma,Inter,0,1,A,3.51,3.22,2.15
SP1_2025-10-18_ath-madrid_osasuna,SP1,2025-10-18,20:00,2025-10-18 19:00:00+00:00,Ath Madrid,Osasuna,1,0,H,1.33,4.98,9.3
F1_2025-10-18_marseille_le-havre,F1,2025-10-18,20:05,2025-10-18 19:05:00+00:00,Marseille,Le Havre,6,2,H,1.32,5.32,8.98
I1_2025-10-19_como_juventus,I1,2025-10-19,11:30,2025-10-19 10:30:00+00:00,Como,Juventus,2,0,H,3.17,3.17,2.33
SP1_2025-10-19_elche_ath-bilbao,SP1,2025-10-19,13:00,2025-10-19 12:00:00+00:00,Elche,Ath Bilbao,0,0,D,3.97,3.29,1.99
E0_2025-10-19_tottenham_aston-villa,E0,2025-10-19,14:00,2025-10-19 13:00:00+00:00,Tottenham,Aston Villa,1,2,A,2.24,3.36,3.21
F1_2025-10-19_lens_paris-fc,F1,2025-10-19,14:00,2025-10-19 13:00:00+00:00,Lens,Paris FC,2,1,H,1.79,3.83,4.15
I1_2025-10-19_cagliari_bologna,I1,2025-10-19,14:00,2025-10-19 13:00:00+00:00,Cagliari,Bologna,0,2,A,3.82,3.19,2.06
I1_2025-10-19_genoa_parma,I1,2025-10-19,14:00,2025-10-19 13:00:00+00:00,Genoa,Parma,0,0,D,2.23,2.9,3.72
D1_2025-10-19_freiburg_ein-frankfurt,D1,2025-10-19,14:30,2025-10-19 13:30:00+00:00,Freiburg,Ein Frankfurt,2,2,D,2.46,3.54,2.69
SP1_2025-10-19_celta_sociedad,SP1,2025-10-19,15:15,2025-10-19 14:15:00+00:00,Celta,Sociedad,1,1,D,1.98,3.41,3.82
F1_2025-10-19_lorient_brest,F1,2025-10-19,16:15,2025-10-19 15:15:00+00:00,Lorient,Brest,3,3,D,2.71,3.23,2.61
F1_2025-10-19_rennes_auxerre,F1,2025-10-19,16:15,2025-10-19 15:15:00+00:00,Rennes,Auxerre,2,2,D,1.83,3.65,4.18
F1_2025-10-19_toulouse_metz,F1,2025-10-19,16:15,2025-10-19 15:15:00+00:00,Toulouse,Metz,4,0,H,1.52,4.26,6.0
D1_2025-10-19_st-pauli_hoffenheim,D1,2025-10-19,16:30,2025-10-19 15:30:00+00:00,St Pauli,Hoffenheim,0,3,A,2.65,3.4,2.57
E0_2025-10-19_liverpool_man-united,E0,2025-10-19,16:30,2025-10-19 15:30:00+00:00,Liverpool,Man United,1,2,A,1.67,4.3,4.55
I1_2025-10-19_atalanta_lazio,I1,2025-10-19,17:00,2025-10-19 16:00:00+00:00,Atalanta,Lazio,0,0,D,1.82,3.67,4.21
SP1_2025-10-19_levante_vallecano,SP1,2025-10-19,17:30,2025-10-19 16:30:00+00:00,Levante,Vallecano,0,3,A,2.63,3.25,2.69
F1_2025-10-19_nantes_lille,F1,2025-10-19,19:45,2025-10-19 18:45:00+00:00,Nantes,Lille,0,2,A,5.31,3.88,1.62
I1_2025-10-19_milan_fiorentina,I1,2025-10-19,19:45,2025-10-19 18:45:00+00:00,Milan,Fiorentina,2,1,H,1.68,3.63,5.27
SP1_2025-10-19_getafe_real-madrid,SP1,2025-10-19,20:00,2025-10-19 19:00:00+00:00,Getafe,Real Madrid,0,1,A,7.14,4.42,1.44
I1_2025-10-20_cremonese_udinese,I1,2025-10-20,19:45,2025-10-20 18:45:00+00:00,Cremonese,Udinese,1,1,D,3.15,3.07,2.4
E0_2025-10-20_west-ham_brentford,E0,2025-10-20,20:00,2025-10-20 19:00:00+00:00,West Ham,Brentford,0,2,A,2.75,3.29,2.57
SP1_2025-10-20_alaves_valencia,SP1,2025-10-20,20:00,2025-10-20 19:00:00+00:00,Alaves,Valencia,0,0,D,2.18,3.11,3.59
D1_2025-10-24_werder-bremen_union-berlin,D1,2025-10-24,19:30,2025-10-24 18:30:00+00:00,Werder Bremen,Union Berlin,1,0,H,2.29,3.46,2.99
F1_2025-10-24_paris-fc_nantes,F1,2025-10-24,19:45,2025-10-24 18:45:00+00:00,Paris FC,Nantes,1,2,A,1.57,4.07,5.61
I1_2025-10-24_milan_pisa,I1,2025-10-24,19:45,2025-10-24 18:45:00+00:00,Milan,Pisa,2,2,D,1.31,5.14,9.72
E0_2025-10-24_leeds_west-ham,E0,2025-10-24,20:00,2025-10-24 19:00:00+00:00,Leeds,West Ham,2,1,H,1.79,3.64,4.56
SP1_2025-10-24_sociedad_sevilla,SP1,2025-10-24,20:00,2025-10-24 19:00:00+00:00,Sociedad,Sevilla,2,1,H,1.94,3.5,3.88
SP1_2025-10-25_girona_oviedo,SP1,2025-10-25,13:00,2025-10-25 12:00:00+00:00,Girona,Oviedo,3,3,D,1.74,3.56,4.95
I1_2025-10-25_parma_como,I1,2025-10-25,14:00,2025-10-25 13:00:00+00:00,Parma,Como,0,0,D,4.23,3.19,1.96
I1_2025-10-25_udinese_lecce,I1,2025-10-25,14:00,2025-10-25 13:00:00+00:00,Udinese,Lecce,3,2,H,1.96,3.14,4.33
D1_2025-10-25_augsburg_rb-leipzig,D1,2025-10-25,14:30,2025-10-25 13:30:00+00:00,Augsburg,RB Leipzig,0,6,A,3.23,3.8,2.04
D1_2025-10-25_ein-frankfurt_st-pauli,D1,2025-10-25,14:30,2025-10-25 13:30:00+00:00,Ein Frankfurt,St Pauli,2,0,H,1.64,4.26,4.59
D1_2025-10-25_hamburg_wolfsburg,D1,2025-10-25,14:30,2025-10-25 13:30:00+00:00,Hamburg,Wolfsburg,0,1,A,2.16,3.66,3.08
D1_2025-10-25_hoffenheim_heidenheim,D1,2025-10-25,14:30,2025-10-25 13:30:00+00:00,Hoffenheim,Heidenheim,3,1,H,1.57,4.37,5.13
D1_2025-10-25_m-gladbach_bayern-munich,D1,2025-10-25,14:30,2025-10-25 13:30:00+00:00,M'gladbach,Bayern Munich,0,3,A,9.37,6.73,1.24
E0_2025-10-25_chelsea_sunderland,E0,2025-10-25,15:00,2025-10-25 14:00:00+00:00,Chelsea,Sunderland,1,2,A,1.44,4.52,7.2
E0_2025-10-25_newcastle_fulham,E0,2025-10-25,15:00,2025-10-25 14:00:00+00:00,Newcastle,Fulham,2,1,H,1.6,3.99,5.62
SP1_2025-10-25_espanol_elche,SP1,2025-10-25,15:15,2025-10-25 14:15:00+00:00,Espanol,Elche,1,0,H,1.97,3.33,3.99
F1_2025-10-25_brest_paris-sg,F1,2025-10-25,16:00,2025-10-25 15:00:00+00:00,Brest,Paris SG,0,3,A,8.17,5.47,1.32
I1_2025-10-25_napoli_inter,I1,2025-10-25,17:00,2025-10-25 16:00:00+00:00,Napoli,Inter,3,1,H,3.48,3.16,2.19
D1_2025-10-25_dortmund_fc-koln,D1,2025-10-25,17:30,2025-10-25 16:30:00+00:00,Dortmund,FC Koln,1,0,H,1.37,5.12,7.38
E0_2025-10-25_man-united_brighton,E0,2025-10-25,17:30,2025-10-25 16:30:00+00:00,Man United,Brighton,4,2,H,1.99,3.85,3.41
SP1_2025-10-25_ath-bilbao_getafe,SP1,2025-10-25,17:30,2025-10-25 16:30:00+00:00,Ath Bilbao,Getafe,0,1,A,1.61,3.5,6.53
F1_2025-10-25_monaco_toulouse,F1,2025-10-25,18:00,2025-10-25 17:00:00+00:00,Monaco,Toulouse,1,0,H,2.06,3.57,3.31
I1_2025-10-25_cremonese_atalanta,I1,2025-10-25,19:45,2025-10-25 18:45:00+00:00,Cremonese,Atalanta,1,1,D,6.93,4.55,1.44
E0_2025-10-25_brentford_liverpool,E0,2025-10-25,20:00,2025-10-25 19:00:00+00:00,Brentford,Liverpool,3,2,H,3.92,4.01,1.82
SP1_2025-10-25_valencia_villarreal,SP1,2025-10-25,20:00,2025-10-25 19:00:00+00:00,Valencia,Villarreal,0,2,A,3.61,3.49,2.02
F1_2025-10-25_lens_marseille,F1,2025-10-25,20:05,2025-10-25 19:05:00+00:00,Lens,Marseille,2,1,H,2.52,3.47,2.67
I1_2025-10-26_torino_genoa,I1,2025-10-26,11:30,2025-10-26 11:30:00+00:00,Torino,Genoa,2,1,H,2.47,2.87,3.25
SP1_2025-10-26_mallorca_levante,SP1,2025-10-26,13:00,2025-10-26 13:00:00+00:00,Mallorca,Levante,1,1,D,1.94,3.36,4.04
E0_2025-10-26_arsenal_crystal-palace,E0,2025-10-26,14:00,2025-10-26 14:00:00+00:00,Arsenal,Crystal Palace,1,0,H,1.38,4.91,8.08
E0_2025-10-26_aston-villa_man-city,E0,2025-10-26,14:00,2025-10-26 14:00:00+00:00,Aston Villa,Man City,1,0,H,4.16,3.77,1.82
E0_2025-10-26_bournemouth_nott-m-forest,E0,2025-10-26,14:00,2025-10-26 14:00:00+00:00,Bournemouth,Nott'm Forest,2,0,H,1.95,3.59,3.82
E0_2025-10-26_wolves_burnley,E0,2025-10-26,14:00,2025-10-26 14:00:00+00:00,Wolves,Burnley,2,3,A,1.92,3.3,4.34
F1_2025-10-26_lille_metz,F1,2025-10-26,14:00,2025-10-26 14:00:00+00:00,Lille,Metz,6,1,H,1.23,6.36,11.36
I1_2025-10-26_sassuolo_roma,I1,2025-10-26,14:00,2025-10-26 14:00:00+00:00,Sassuolo,Roma,0,1,A,4.31,3.35,1.9
I1_2025-10-26_verona_cagliari,I1,2025-10-26,14:00,2025-10-26 14:00:00+00:00,Verona,Cagliari,2,2,D,1.96,3.15,4.31
D1_2025-10-26_leverkusen_freiburg,D1,2025-10-26,14:30,2025-10-26 14:30:00+00:00,Leverkusen,Freiburg,2,0,H,1.96,3.6,3.68
SP1_2025-10-26_real-madrid_barcelona,SP1,2025-10-26,15:15,2025-10-26 15:15:00+00:00,Real Madrid,Barcelona,2,1,H,1.85,4.28,3.52
F1_2025-10-26_angers_lorient,F1,2025-10-26,16:15,2025-10-26 16:15:00+00:00,Angers,Lorient,2,0,H,2.71,3.03,2.76
F1_2025-10-26_auxerre_le-havre,F1,2025-10-26,16:15,2025-10-26 16:15:00+00:00,Auxerre,Le Havre,0,1,A,2.08,3.31,3.59
F1_2025-10-26_rennes_nice,F1,2025-10-26,16:15,2025-10-26 16:15:00+00:00,Rennes,Nice,1,2,A,2.05,3.61,3.4
D1_2025-10-26_stuttgart_mainz,D1,2025-10-26,16:30,2025-10-26 16:30:00+00:00,Stuttgart,Mainz,2,1,H,2.06,3.61,3.33
E0_2025-10-26_everton_tottenham,E0,2025-10-26,16:30,2025-10-26 16:30:00+00:00,Everton,Tottenham,0,3,A,2.2,3.34,3.32
I1_2025-10-26_fiorentina_bologna,I1,2025-10-26,17:00,2025-10-26 17:00:00+00:00,Fiorentina,Bologna,2,2,D,2.76,2.9,2.82
SP1_2025-10-26_osasuna_celta,SP1,2025-10-26,17:30,2025-10-26 17:30:00+00:00,Osasuna,Celta,2,3,A,2.37,3.16,3.11
F1_2025-10-26_lyon_strasbourg,F1,2025-10-26,19:45,2025-10-26 19:45:00+00:00,Lyon,Strasbourg,2,1,H,1.92,3.67,3.75
I1_2025-10-26_lazio_juventus,I1,2025-10-26,19:45,2025-10-26 19:45:00+00:00,Lazio,Juventus,1,0,H,3.49,3.12,2.21
SP1_2025-10-26_vallecano_alaves,SP1,2025-10-26,20:00,2025-10-26 20:00:00+00:00,Vallecano,Alaves,1,0,H,2.2,3.01,3.7
SP1_2025-10-27_betis_ath-madrid,SP1,2025-10-27,20:00,2025-10-27 20:00:00+00:00,Betis,Ath Madrid,0,2,A,3.26,3.41,2.16
I1_2025-10-28_lecce_napoli,I1,2025-10-28,17:30,2025-10-28 17:30:00+00:00,Lecce,Napoli,0,1,A,6.05,3.67,1.6
I1_2025-10-28_atalanta_milan,I1,2025-10-28,19:45,2025-10-28 19:45:00+00:00,Atalanta,Milan,1,1,D,2.54,3.23,2.79
I1_2025-10-29_como_verona,I1,2025-10-29,17:30,2025-10-29 17:30:00+00:00,Como,Verona,3,1,H,1.56,3.75,6.5
I1_2025-10-29_juventus_udinese,I1,2025-10-29,17:30,2025-10-29 17:30:00+00:00,Juventus,Udinese,3,1,H,1.44,4.42,7.13
I1_2025-10-29_roma_parma,I1,2025-10-29,17:30,2025-10-29 17:30:00+00:00,Roma,Parma,2,1,H,1.45,4.07,8.01
F1_2025-10-29_le-havre_brest,F1,2025-10-29,18:00,2025-10-29 18:00:00+00:00,Le Havre,Brest,1,0,H,2.84,3.07,2.6
F1_2025-10-29_lorient_paris-sg,F1,2025-10-29,18:00,2025-10-29 18:00:00+00:00,Lorient,Paris SG,1,1,D,9.98,6.09,1.26
F1_2025-10-29_metz_lens,F1,2025-10-29,18:00,2025-10-29 18:00:00+00:00,Metz,Lens,2,0,H,6.29,4.64,1.46
F1_2025-10-29_nice_lille,F1,2025-10-29,18:00,2025-10-29 18:00:00+00:00,Nice,Lille,2,0,H,3.81,3.77,1.88
I1_2025-10-29_bologna_torino,I1,2025-10-29,19:45,2025-10-29 19:45:00+00:00,Bologna,Torino,0,0,D,1.77,3.38,4.99
I1_2025-10-29_genoa_cremonese,I1,2025-10-29,19:45,2025-10-29 19:45:00+00:00,Genoa,Cremonese,0,2,A,1.74,3.43,5.15
I1_2025-10-29_inter_fiorentina,I1,2025-10-29,19:45,2025-10-29 19:45:00+00:00,Inter,Fiorentina,3,0,H,1.35,5.13,8.33
F1_2025-10-29_marseille_angers,F1,2025-10-29,20:05,2025-10-29 20:05:00+00:00,Marseille,Angers,2,2,D,1.23,6.24,11.84
F1_2025-10-29_nantes_monaco,F1,2025-10-29,20:05,2025-10-29 20:05:00+00:00,Nantes,Monaco,3,5,A,4.65,3.99,1.68
F1_2025-10-29_paris-fc_lyon,F1,2025-10-29,20:05,2025-10-29 20:05:00+00:00,Paris FC,Lyon,3,3,D,2.67,3.45,2.53
F1_2025-10-29_strasbourg_auxerre,F1,2025-10-29,20:05,2025-10-29 20:05:00+00:00,Strasbourg,Auxerre,3,0,H,1.68,3.85,4.87
F1_2025-10-29_toulouse_rennes,F1,2025-10-29,20:05,2025-10-29 20:05:00+00:00,Toulouse,Rennes,2,2,D,1.97,3.52,3.72
I1_2025-10-30_cagliari_sassuolo,I1,2025-10-30,17:30,2025-10-30 17:30:00+00:00,Cagliari,Sassuolo,1,2,A,2.61,3.04,2.87
I1_2025-10-30_pisa_lazio,I1,2025-10-30,19:45,2025-10-30 19:45:00+00:00,Pisa,Lazio,0,0,D,3.83,3.1,2.11
D1_2025-10-31_augsburg_dortmund,D1,2025-10-31,19:30,2025-10-31 19:30:00+00:00,Augsburg,Dortmund,0,1,A,5.37,4.35,1.55
SP1_2025-10-31_getafe_girona,SP1,2025-10-31,20:00,2025-10-31 20:00:00+00:00,Getafe,Girona,2,1,H,2.12,3.0,3.96
SP1_2025-11-01_villarreal_vallecano,SP1,2025-11-01,13:00,2025-11-01 13:00:00+00:00,Villarreal,Vallecano,4,0,H,1.71,3.83,4.76
I1_2025-11-01_udinese_atalanta,I1,2025-11-01,14:00,2025-11-01 14:00:00+00:00,Udinese,Atalanta,1,0,H,4.83,3.73,1.71
D1_2025-11-01_heidenheim_ein-frankfurt,D1,2025-11-01,14:30,2025-11-01 14:30:00+00:00,Heidenheim,Ein Frankfurt,1,1,D,4.0,4.03,1.77
D1_2025-11-01_mainz_werder-bremen,D1,2025-11-01,14:30,2025-11-01 14:30:00+00:00,Mainz,Werder Bremen,1,1,D,1.86,3.81,3.8
D1_2025-11-01_rb-leipzig_stuttgart,D1,2025-11-01,14:30,2025-11-01 14:30:00+00:00,RB Leipzig,Stuttgart,3,1,H,2.09,3.76,3.17
D1_2025-11-01_st-pauli_m-gladbach,D1,2025-11-01,14:30,2025-11-01 14:30:00+00:00,St Pauli,M'gladbach,0,4,A,2.31,3.39,3.01
D1_2025-11-01_union-berlin_freiburg,D1,2025-11-01,14:30,2025-11-01 14:30:00+00:00,Union Berlin,Freiburg,0,0,D,2.62,3.14,2.78
E0_2025-11-01_brighton_leeds,E0,2025-11-01,15:00,2025-11-01 15:00:00+00:00,Brighton,Leeds,3,0,H,1.93,3.61,3.88
E0_2025-11-01_burnley_arsenal,E0,2025-11-01,15:00,2025-11-01 15:00:00+00:00,Burnley,Arsenal,0,2,A,13.66,5.78,1.24
E0_2025-11-01_crystal-palace_brentford,E0,2025-11-01,15:00,2025-11-01 15:00:00+00:00,Crystal Palace,Brentford,2,0,H,2.06,3.43,3.6
E0_2025-11-01_fulham_wolves,E0,2025-11-01,15:00,2025-11-01 15:00:00+00:00,Fulham,Wolves,3,0,H,1.79,3.69,4.44
E0_2025-11-01_nott-m-forest_man-united,E0,2025-11-01,15:00,2025-11-01 15:00:00+00:00,Nott'm Forest,Man United,2,2,D,3.27,3.63,2.12
SP1_2025-11-01_ath-madrid_sevilla,SP1,2025-11-01,15:15,2025-11-01 15:15:00+00:00,Ath Madrid,Sevilla,3,0,H,1.34,5.06,8.53
F1_2025-11-01_paris-sg_nice,F1,2025-11-01,16:00,2025-11-01 16:00:00+00:00,Paris SG,Nice,1,0,H,1.15,8.09,15.47
I1_2025-11-01_napoli_como,I1,2025-11-01,17:00,2025-11-01 17:00:00+00:00,Napoli,Como,0,0,D,1.91,3.24,4.37
D1_2025-11-01_bayern-munich_leverkusen,D1,2025-11-01,17:30,2025-11-01 17:30:00+00:00,Bayern Munich,Leverkusen,3,0,H,1.26,6.2,9.42
E0_2025-11-01_tottenham_chelsea,E0,2025-11-01,17:30,2025-11-01 17:30:00+00:00,Tottenham,Chelsea,0,1,A,3.02,3.44,2.31
SP1_2025-11-01_sociedad_ath-bilbao,SP1,2025-11-01,17:30,2025-11-01 17:30:00+00:00,Sociedad,Ath Bilbao,3,2,H,2.71,2.88,2.91
F1_2025-11-01_monaco_paris-fc,F1,2025-11-01,18:00,2025-11-01 18:00:00+00:00,Monaco,Paris FC,0,1,A,1.66,4.2,4.58
I1_2025-11-01_cremonese_juventus,I1,2025-11-01,19:45,2025-11-01 19:45:00+00:00,Cremonese,Juventus,1,2,A,6.59,4.22,1.49
E0_2025-11-01_liverpool_aston-villa,E0,2025-11-01,20:00,2025-11-01 20:00:00+00:00,Liverpool,Aston Villa,2,0,H,1.65,4.28,4.67
SP1_2025-11-01_real-madrid_valencia,SP1,2025-11-01,20:00,2025-11-01 20:00:00+00:00,Real Madrid,Valencia,4,0,H,1.13,8.76,17.47
F1_2025-11-01_auxerre_marseille,F1,2025-11-01,20:05,2025-11-01 20:05:00+00:00,Auxerre,Marseille,0,1,A,5.23,3.83,1.65
I1_2025-11-02_verona_inter,I1,2025-11-02,11:30,2025-11-02 11:30:00+00:00,Verona,Inter,1,2,A,8.36,4.87,1.36
SP1_2025-11-02_levante_celta,SP1,2025-11-02,13:00,2025-11-02 13:00:00+00:00,Levante,Celta,1,2,A,3.06,3.34,2.32
E0_2025-11-02_west-ham_newcastle,E0,2025-11-02,14:00,2025-11-02 14:00:00+00:00,West Ham,Newcastle,3,1,H,4.99,4.08,1.64
F1_2025-11-02_rennes_strasbourg,F1,2025-11-02,14:00,2025-11-02 14:00:00+00:00,Rennes,Strasbourg,4,1,H,2.68,3.44,2.52
I1_2025-11-02_fiorentina_lecce,I1,2025-11-02,14:00,2025-11-02 14:00:00+00:00,Fiorentina,Lecce,0,1,A,1.69,3.55,5.41
I1_2025-11-02_torino_pisa,I1,2025-11-02,14:00,2025-11-02 14:00:00+00:00,Torino,Pisa,2,2,D,1.82,3.29,4.89
D1_2025-11-02_fc-koln_hamburg,D1,2025-11-02,14:30,2025-11-02 14:30:00+00:00,FC Koln,Hamburg,4,1,H,2.43,3.54,2.74
SP1_2025-11-02_alaves_espanol,SP1,2025-11-02,15:15,2025-11-02 15:15:00+00:00,Alaves,Espanol,2,1,H,2.41,3.03,3.17
F1_2025-11-02_lens_lorient,F1,2025-11-02,16:15,2025-11-02 16:15:00+00:00,Lens,Lorient,3,0,H,1.55,4.18,5.74
F1_2025-11-02_lille_angers,F1,2025-11-02,16:15,2025-11-02 16:15:00+00:00,Lille,Angers,1,0,H,1.35,5.02,8.35
F1_2025-11-02_nantes_metz,F1,2025-11-02,16:15,2025-11-02 16:15:00+00:00,Nantes,Metz,0,2,A,2.08,3.52,3.38
F1_2025-11-02_toulouse_le-havre,F1,2025-11-02,16:15,2025-11-02 16:15:00+00:00,Toulouse,Le Havre,0,0,D,1.71,3.63,4.94
D1_2025-11-02_wolfsburg_hoffenheim,D1,2025-11-02,16:30,2025-11-02 16:30:00+00:00,Wolfsburg,Hoffenheim,2,3,A,2.7,3.7,2.37
E0_2025-11-02_man-city_bournemouth,E0,2025-11-02,16:30,2025-11-02 16:30:00+00:00,Man City,Bournemouth,3,1,H,1.41,5.08,6.86
I1_2025-11-02_parma_bologna,I1,2025-11-02,17:00,2025-11-02 17:00:00+00:00,Parma,Bologna,1,3,A,4.64,3.03,1.94
SP1_2025-11-02_barcelona_elche,SP1,2025-11-02,17:30,2025-11-02 17:30:00+00:00,Barcelona,Elche,3,1,H,1.19,7.24,12.59
F1_2025-11-02_brest_lyon,F1,2025-11-02,19:45,2025-11-02 19:45:00+00:00,Brest,Lyon,0,0,D,3.37,3.32,2.16
I1_2025-11-02_milan_roma,I1,2025-11-02,19:45,2025-11-02 19:45:00+00:00,Milan,Roma,1,0,H,2.34,2.95,3.42
SP1_2025-11-02_betis_mallorca,SP1,2025-11-02,20:00,2025-11-02 20:00:00+00:00,Betis,Mallorca,3,0,H,1.54,4.22,5.81
I1_2025-11-03_sassuolo_genoa,I1,2025-11-03,17:30,2025-11-03 17:30:00+00:00,Sassuolo,Genoa,1,2,A,2.45,2.9,3.26
I1_2025-11-03_lazio_cagliari,I1,2025-11-03,19:45,2025-11-03 19:45:00+00:00,Lazio,Cagliari,2,0,H,1.62,3.69,5.83
E0_2025-11-03_sunderland_everton,E0,2025-11-03,20:00,2025-11-03 20:00:00+00:00,Sunderland,Everton,1,1,D,3.24,3.09,2.37
SP1_2025-11-03_oviedo_osasuna,SP1,2025-11-03,20:00,2025-11-03 20:00:00+00:00,Oviedo,Osasuna,0,0,D,3.08,3.08,2.43
D1_2025-11-07_werder-bremen_wolfsburg,D1,2025-11-07,19:30,2025-11-07 19:30:00+00:00,Werder Bremen,Wolfsburg,2,1,H,2.14,3.64,3.14
F1_2025-11-07_paris-fc_rennes,F1,2025-11-07,19:45,2025-11-07 19:45:00+00:00,Paris FC,Rennes,0,1,A,2.22,3.52,3.07
I1_2025-11-07_pisa_cremonese,I1,2025-11-07,19:45,2025-11-07 19:45:00+00:00,Pisa,Cremonese,1,0,H,2.3,2.98,3.45
SP1_2025-11-07_elche_sociedad,SP1,2025-11-07,20:00,2025-11-07 20:00:00+00:00,Elche,Sociedad,1,1,D,2.96,3.11,2.49
E0_2025-11-08_tottenham_man-united,E0,2025-11-08,12:30,2025-11-08 12:30:00+00:00,Tottenham,Man United,2,2,D,2.9,3.47,2.38
SP1_2025-11-08_girona_alaves,SP1,2025-11-08,13:00,2025-11-08 13:00:00+00:00,Girona,Alaves,1,0,H,2.13,3.24,3.54
I1_2025-11-08_como_cagliari,I1,2025-11-08,14:00,2025-11-08 14:00:00+00:00,Como,Cagliari,0,0,D,1.54,3.95,6.37
I1_2025-11-08_lecce_verona,I1,2025-11-08,14:00,2025-11-08 14:00:00+00:00,Lecce,Verona,0,0,D,2.75,2.75,2.99
D1_2025-11-08_hamburg_dortmund,D1,2025-11-08,14:30,2025-11-08 14:30:00+00:00,Hamburg,Dortmund,1,1,D,3.79,3.84,1.86
D1_2025-11-08_hoffenheim_rb-leipzig,D1,2025-11-08,14:30,2025-11-08 14:30:00+00:00,Hoffenheim,RB Leipzig,3,1,H,2.7,3.76,2.36
D1_2025-11-08_leverkusen_heidenheim,D1,2025-11-08,14:30,2025-11-08 14:30:00+00:00,Leverkusen,Heidenheim,6,0,H,1.39,4.96,7.35
D1_2025-11-08_union-berlin_bayern-munich,D1,2025-11-08,14:30,2025-11-08 14:30:00+00:00,Union Berlin,Bayern Munich,2,2,D,11.72,6.69,1.21
E0_2025-11-08_everton_fulham,E0,2025-11-08,15:00,2025-11-08 15:00:00+00:00,Everton,Fulham,2,0,H,2.31,3.21,3.23
E0_2025-11-08_west-ham_burnley,E0,2025-11-08,15:00,2025-11-08 15:00:00+00:00,West Ham,Burnley,3,2,H,1.86,3.56,4.23
SP1_2025-11-08_sevilla_osasuna,SP1,2025-11-08,15:15,2025-11-08 15:15:00+00:00,Sevilla,Osasuna,1,0,H,2.26,3.2,3.31
F1_2025-11-08_marseille_brest,F1,2025-11-08,16:00,2025-11-08 16:00:00+00:00,Marseille,Brest,3,0,H,1.46,4.62,6.28
I1_2025-11-08_juventus_torino,I1,2025-11-08,17:00,2025-11-08 17:00:00+00:00,Juventus,Torino,0,0,D,1.49,4.04,6.88
D1_2025-11-08_m-gladbach_fc-koln,D1,2025-11-08,17:30,2025-11-08 17:30:00+00:00,M'gladbach,FC Koln,3,1,H,2.03,3.67,3.36
E0_2025-11-08_sunderland_arsenal,E0,2025-11-08,17:30,2025-11-08 17:30:00+00:00,Sunderland,Arsenal,2,2,D,7.33,4.23,1.46
SP1_2025-11-08_ath-madrid_levante,SP1,2025-11-08,17:30,2025-11-08 17:30:00+00:00,Ath Madrid,Levante,3,1,H,1.22,6.58,12.06
F1_2025-11-08_le-havre_nantes,F1,2025-11-08,18:00,2025-11-08 18:00:00+00:00,Le Havre,Nantes,1,1,D,1.86,3.33,4.51
I1_2025-11-08_parma_milan,I1,2025-11-08,19:45,2025-11-08 19:45:00+00:00,Parma,Milan,2,2,D,6.93,3.99,1.5
E0_2025-11-08_chelsea_wolves,E0,2025-11-08,20:00,2025-11-08 20:00:00+00:00,Chelsea,Wolves,3,0,H,1.36,5.1,8.12
SP1_2025-11-08_espanol_villarreal,SP1,2025-11-08,20:00,2025-11-08 20:00:00+00:00,Espanol,Villarreal,0,2,A,2.77,3.41,2.47
F1_2025-11-08_monaco_lens,F1,2025-11-08,20:05,2025-11-08 20:05:00+00:00,Monaco,Lens,1,4,A,1.98,3.81,3.43
I1_2025-11-09_atalanta_sassuolo,I1,2025-11-09,11:30,2025-11-09 11:30:00+00:00,Atalanta,Sassuolo,0,3,A,1.47,4.44,6.58
SP1_2025-11-09_ath-bilbao_oviedo,SP1,2025-11-09,13:00,2025-11-09 13:00:00+00:00,Ath Bilbao,Oviedo,1,0,H,1.58,3.61,6.62
E0_2025-11-09_aston-villa_bournemouth,E0,2025-11-09,14:00,2025-11-09 14:00:00+00:00,Aston Villa,Bournemouth,4,0,H,2.3,3.37,3.1
E0_2025-11-09_brentford_newcastle,E0,2025-11-09,14:00,2025-11-09 14:00:00+00:00,Brentford,Newcastle,3,1,H,2.83,3.38,2.47
E0_2025-11-09_crystal-palace_brighton,E0,2025-11-09,14:00,2025-11-09 14:00:00+00:00,Crystal Palace,Brighton,0,0,D,2.38,3.39,2.97
E0_2025-11-09_nott-m-forest_leeds,E0,2025-11-09,14:00,2025-11-09 14:00:00+00:00,Nott'm Forest,Leeds,3,1,H,2.23,3.14,3.46
F1_2025-11-09_lorient_toulouse,F1,2025-11-09,14:00,2025-11-09 14:00:00+00:00,Lorient,Toulouse,1,1,D,3.03,3.21,2.38
I1_2025-11-09_bologna_napoli,I1,2025-11-09,14:00,2025-11-09 14:00:00+00:00,Bologna,Napoli,2,0,H,2.89,2.93,2.68
I1_2025-11-09_genoa_fiorentina,I1,2025-11-09,14:00,2025-11-09 14:00:00+00:00,Genoa,Fiorentina,2,2,D,2.92,2.82,2.76
D1_2025-11-09_freiburg_st-pauli,D1,2025-11-09,14:30,2025-11-09 14:30:00+00:00,Freiburg,St Pauli,2,1,H,1.77,3.57,4.61
SP1_2025-11-09_vallecano_real-madrid,SP1,2025-11-09,15:15,2025-11-09 15:15:00+00:00,Vallecano,Real Madrid,0,0,D,5.83,4.65,1.49
F1_2025-11-09_angers_auxerre,F1,2025-11-09,16:15,2025-11-09 16:15:00+00:00,Angers,Auxerre,2,0,H,2.54,3.01,2.98
F1_2025-11-09_metz_nice,F1,2025-11-09,16:15,2025-11-09 16:15:00+00:00,Metz,Nice,2,1,H,3.0,3.58,2.24
F1_2025-11-09_strasbourg_lille,F1,2025-11-09,16:15,2025-11-09 16:15:00+00:00,Strasbourg,Lille,2,0,H,2.67,3.54,2.48
D1_2025-11-09_stuttgart_augsburg,D1,2025-11-09,16:30,2025-11-09 16:30:00+00:00,Stuttgart,Augsburg,3,2,H,1.51,4.52,5.58
E0_2025-11-09_man-city_liverpool,E0,2025-11-09,16:30,2025-11-09 16:30:00+00:00,Man City,Liverpool,3,0,H,1.89,3.94,3.69
I1_2025-11-09_roma_udinese,I1,2025-11-09,17:00,2025-11-09 17:00:00+00:00,Roma,Udinese,2,0,H,1.52,3.96,6.68
SP1_2025-11-09_mallorca_getafe,SP1,2025-11-09,17:30,2025-11-09 17:30:00+00:00,Mallorca,Getafe,1,0,H,2.57,2.8,3.21
SP1_2025-11-09_valencia_betis,SP1,2025-11-09,17:30,2025-11-09 17:30:00+00:00,Valencia,Betis,1,1,D,3.4,3.42,2.12
D1_2025-11-09_ein-frankfurt_mainz,D1,2025-11-09,18:30,2025-11-09 18:30:00+00:00,Ein Frankfurt,Mainz,1,0,H,1.84,3.9,3.84
F1_2025-11-09_lyon_paris-sg,F1,2025-11-09,19:45,2025-11-09 19:45:00+00:00,Lyon,Paris SG,2,3,A,5.72,4.09,1.56
I1_2025-11-09_inter_lazio,I1,2025-11-09,19:45,2025-11-09 19:45:00+00:00,Inter,Lazio,2,0,H,1.3,5.21,9.88
SP1_2025-11-09_celta_barcelona,SP1,2025-11-09,20:00,2025-11-09 20:00:00+00:00,Celta,Barcelona,2,4,A,4.07,4.26,1.73
D1_2025-11-21_mainz_hoffenheim,D1,2025-11-21,19:30,2025-11-21 19:30:00+00:00,Mainz,Hoffenheim,1,1,D,2.49,3.52,2.67
F1_2025-11-21_nice_marseille,F1,2025-11-21,19:45,2025-11-21 19:45:00+00:00,Nice,Marseille,1,5,A,3.65,3.62,1.95
SP1_2025-11-21_valencia_levante,SP1,2025-11-21,20:00,2025-11-21 20:00:00+00:00,Valencia,Levante,1,0,H,2.02,3.42,3.7
E0_2025-11-22_burnley_chelsea,E0,2025-11-22,12:30,2025-11-22 12:30:00+00:00,Burnley,Chelsea,0,2,A,5.46,4.14,1.58
SP1_2025-11-22_alaves_celta,SP1,2025-11-22,13:00,2025-11-22 13:00:00+00:00,Alaves,Celta,0,1,A,2.64,3.01,2.87
I1_2025-11-22_cagliari_genoa,I1,2025-11-22,14:00,2025-11-22 14:00:00+00:00,Cagliari,Genoa,3,3,D,3.14,2.73,2.66
I1_2025-11-22_udinese_bologna,I1,2025-11-22,14:00,2025-11-22 14:00:00+00:00,Udinese,Bologna,0,3,A,2.99,3.02,2.54
D1_2025-11-22_augsburg_hamburg,D1,2025-11-22,14:30,2025-11-22 14:30:00+00:00,Augsburg,Hamburg,1,0,H,2.44,3.39,2.81
D1_2025-11-22_bayern-munich_freiburg,D1,2025-11-22,14:30,2025-11-22 14:30:00+00:00,Bayern Munich,Freiburg,6,2,H,1.16,7.7,14.81
D1_2025-11-22_dortmund_stuttgart,D1,2025-11-22,14:30,2025-11-22 14:30:00+00:00,Dortmund,Stuttgart,3,3,D,1.78,3.88,4.14
D1_2025-11-22_heidenheim_m-gladbach,D1,2025-11-22,14:30,2025-11-22 14:30:00+00:00,Heidenheim,M'gladbach,0,3,A,3.25,3.61,2.09
D1_2025-11-22_wolfsburg_leverkusen,D1,2025-11-22,14:30,2025-11-22 14:30:00+00:00,Wolfsburg,Leverkusen,1,3,A,3.37,3.81,2.0
E0_2025-11-22_bournemouth_west-ham,E0,2025-11-22,15:00,2025-11-22 15:00:00+00:00,Bournemouth,West Ham,2,2,D,1.67,3.97,4.95
E0_2025-11-22_brighton_brentford,E0,2025-11-22,15:00,2025-11-22 15:00:00+00:00,Brighton,Brentford,2,1,H,2.1,3.44,3.47
E0_2025-11-22_fulham_sunderland,E0,2025-11-22,15:00,2025-11-22 15:00:00+00:00,Fulham,Sunderland,1,0,H,2.02,3.33,3.81
E0_2025-11-22_liverpool_nott-m-forest,E0,2025-11-22,15:00,2025-11-22 15:00:00+00:00,Liverpool,Nott'm Forest,0,3,A,1.45,4.6,6.58
E0_2025-11-22_wolves_crystal-palace,E0,2025-11-22,15:00,2025-11-22 15:00:00+00:00,Wolves,Crystal Palace,0,2,A,4.43,3.65,1.81
SP1_2025-11-22_barcelona_ath-bilbao,SP1,2025-11-22,15:15,2025-11-22 15:15:00+00:00,Barcelona,Ath Bilbao,4,0,H,1.41,5.01,6.67
F1_2025-11-22_lens_strasbourg,F1,2025-11-22,16:00,2025-11-22 16:00:00+00:00,Lens,Strasbourg,1,0,H,2.09,3.63,3.27
I1_2025-11-22_fiorentina_juventus,I1,2025-11-22,17:00,2025-11-22 17:00:00+00:00,Fiorentina,Juventus,1,1,D,3.81,3.28,2.03
D1_2025-11-22_fc-koln_ein-frankfurt,D1,2025-11-22,17:30,2025-11-22 17:30:00+00:00,FC Koln,Ein Frankfurt,3,4,A,2.7,3.6,2.41
E0_2025-11-22_newcastle_man-city,E0,2025-11-22,17:30,2025-11-22 17:30:00+00:00,Newcastle,Man City,2,1,H,3.67,3.7,1.95
SP1_2025-11-22_osasuna_sociedad,SP1,2025-11-22,17:30,2025-11-22 17:30:00+00:00,Osasuna,Sociedad,1,3,A,2.67,2.96,2.9
F1_2025-11-22_rennes_monaco,F1,2025-11-22,18:00,2025-11-22 18:00:00+00:00,Rennes,Monaco,4,1,H,2.43,3.64,2.68
I1_2025-11-22_napoli_atalanta,I1,2025-11-22,19:45,2025-11-22 19:45:00+00:00,Napoli,Atalanta,3,1,H,2.31,3.08,3.29
SP1_2025-11-22_villarreal_mallorca,SP1,2025-11-22,20:00,2025-11-22 20:00:00+00:00,Villarreal,Mallorca,2,1,H,1.39,4.85,7.59
F1_2025-11-22_paris-sg_le-havre,F1,2025-11-22,20:05,2025-11-22 20:05:00+00:00,Paris SG,Le Havre,3,0,H,1.21,6.45,12.38
I1_2025-11-23_verona_parma,I1,2025-11-23,11:30,2025-11-23 11:30:00+00:00,Verona,Parma,1,2,A,2.19,3.0,3.71
SP1_2025-11-23_oviedo_vallecano,SP1,2025-11-23,13:00,2025-11-23 13:00:00+00:00,Oviedo,Vallecano,0,0,D,3.44,3.18,2.2
E0_2025-11-23_leeds_aston-villa,E0,2025-11-23,14:00,2025-11-23 14:00:00+00:00,Leeds,Aston Villa,1,2,A,3.22,3.3,2.27
F1_2025-11-23_auxerre_lyon,F1,2025-11-23,14:00,2025-11-23 14:00:00+00:00,Auxerre,Lyon,0,0,D,3.86,3.41,1.97
I1_2025-11-23_cremonese_roma,I1,2025-11-23,14:00,2025-11-23 14:00:00+00:00,Cremonese,Roma,1,3,A,5.41,3.5,1.69
D1_2025-11-23_rb-leipzig_werder-bremen,D1,2025-11-23,14:30,2025-11-23 14:30:00+00:00,RB Leipzig,Werder Bremen,2,0,H,1.51,4.72,5.34
SP1_2025-11-23_betis_girona,SP1,2025-11-23,15:15,2025-11-23 15:15:00+00:00,Betis,Girona,1,1,D,1.5,4.52,5.83
F1_2025-11-23_brest_metz,F1,2025-11-23,16:15,2025-11-23 16:15:00+00:00,Brest,Metz,3,2,H,1.8,3.73,4.21
F1_2025-11-23_nantes_lorient,F1,2025-11-23,16:15,2025-11-23 16:15:00+00:00,Nantes,Lorient,1,1,D,2.95,3.29,2.4
F1_2025-11-23_toulouse_angers,F1,2025-11-23,16:15,2025-11-23 16:15:00+00:00,Toulouse,Angers,0,1,A,1.66,3.67,5.45
D1_2025-11-23_st-pauli_union-berlin,D1,2025-11-23,16:30,2025-11-23 16:30:00+00:00,St Pauli,Union Berlin,0,1,A,2.63,2.97,2.9
E0_2025-11-23_arsenal_tottenham,E0,2025-11-23,16:30,2025-11-23 16:30:00+00:00,Arsenal,Tottenham,4,1,H,1.47,4.29,7.15
I1_2025-11-23_lazio_lecce,I1,2025-11-23,17:00,2025-11-23 17:00:00+00:00,Lazio,Lecce,2,0,H,1.79,3.16,5.35
SP1_2025-11-23_getafe_ath-madrid,SP1,2025-11-23,17:30,2025-11-23 17:30:00+00:00,Getafe,Ath Madrid,0,1,A,4.89,3.25,1.83
F1_2025-11-23_lille_paris-fc,F1,2025-11-23,19:45,2025-11-23 19:45:00+00:00,Lille,Paris FC,4,2,H,1.66,3.91,4.95
I1_2025-11-23_inter_milan,I1,2025-11-23,19:45,2025-11-23 19:45:00+00:00,Inter,Milan,0,1,A,2.04,3.13,3.89
SP1_2025-11-23_elche_real-madrid,SP1,2025-11-23,20:00,2025-11-23 20:00:00+00:00,Elche,Real Madrid,2,2,D,6.8,5.13,1.4
I1_2025-11-24_torino_como,I1,2025-11-24,17:30,2025-11-24 17:30:00+00:00,Torino,Como,1,5,A,3.52,3.1,2.22
I1_2025-11-24_sassuolo_pisa,I1,2025-11-24,19:45,2025-11-24 19:45:00+00:00,Sassuolo,Pisa,2,2,D,1.99,3.2,4.07
E0_2025-11-24_man-united_everton,E0,2025-11-24,20:00,2025-11-24 20:00:00+00:00,Man United,Everton,0,1,A,1.86,3.69,4.09
SP1_2025-11-24_espanol_sevilla,SP1,2025-11-24,20:00,2025-11-24 20:00:00+00:00,Espanol,Sevilla,2,1,H,1.82,3.63,4.3
D1_2025-11-28_m-gladbach_rb-leipzig,D1,2025-11-28,19:30,2025-11-28 19:30:00+00:00,M'gladbach,RB Leipzig,0,0,D,2.81,3.76,2.27
F1_2025-11-28_metz_rennes,F1,2025-11-28,19:45,2025-11-28 19:45:00+00:00,Metz,Rennes,0,1,A,3.63,3.79,1.91
I1_2025-11-28_como_sassuolo,I1,2025-11-28,19:45,2025-11-28 19:45:00+00:00,Como,Sassuolo,2,0,H,1.79,3.5,4.62
SP1_2025-11-28_getafe_elche,SP1,2025-11-28,20:00,2025-11-28 20:00:00+00:00,Getafe,Elche,1,0,H,2.24,2.89,3.74
SP1_2025-11-29_mallorca_osasuna,SP1,2025-11-29,13:00,2025-11-29 13:00:00+00:00,Mallorca,Osasuna,2,2,D,2.39,3.04,3.2
I1_2025-11-29_genoa_verona,I1,2025-11-29,14:00,2025-11-29 14:00:00+00:00,Genoa,Verona,2,1,H,2.02,2.88,4.5
I1_2025-11-29_parma_udinese,I1,2025-11-29,14:00,2025-11-29 14:00:00+00:00,Parma,Udinese,0,2,A,2.7,3.03,2.77
D1_2025-11-29_bayern-munich_st-pauli,D1,2025-11-29,14:30,2025-11-29 14:30:00+00:00,Bayern Munich,St Pauli,3,1,H,1.11,9.52,20.94
D1_2025-11-29_hoffenheim_augsburg,D1,2025-11-29,14:30,2025-11-29 14:30:00+00:00,Hoffenheim,Augsburg,3,0,H,1.71,4.03,4.4
D1_2025-11-29_union-berlin_heidenheim,D1,2025-11-29,14:30,2025-11-29 14:30:00+00:00,Union Berlin,Heidenheim,1,2,A,1.58,3.84,6.0
D1_2025-11-29_werder-bremen_fc-koln,D1,2025-11-29,14:30,2025-11-29 14:30:00+00:00,Werder Bremen,FC Koln,1,1,D,2.18,3.71,2.99
E0_2025-11-29_brentford_burnley,E0,2025-11-29,15:00,2025-11-29 15:00:00+00:00,Brentford,Burnley,3,1,H,1.48,4.36,6.61
E0_2025-11-29_man-city_leeds,E0,2025-11-29,15:00,2025-11-29 15:00:00+00:00,Man City,Leeds,3,2,H,1.22,6.58,11.56
E0_2025-11-29_sunderland_bournemouth,E0,2025-11-29,15:00,2025-11-29 15:00:00+00:00,Sunderland,Bournemouth,3,2,H,3.14,3.3,2.3
SP1_2025-11-29_barcelona_alaves,SP1,2025-11-29,15:15,2025-11-29 15:15:00+00:00,Barcelona,Alaves,3,1,H,1.25,6.14,10.02
F1_2025-11-29_monaco_paris-sg,F1,2025-11-29,16:00,2025-11-29 16:00:00+00:00,Monaco,Paris SG,1,0,H,4.42,4.32,1.66
I1_2025-11-29_juventus_cagliari,I1,2025-11-29,17:00,2025-11-29 17:00:00+00:00,Juventus,Cagliari,2,1,H,1.22,6.18,12.97
D1_2025-11-29_leverkusen_dortmund,D1,2025-11-29,17:30,2025-11-29 17:30:00+00:00,Leverkusen,Dortmund,1,2,A,2.66,3.54,2.49
E0_2025-11-29_everton_newcastle,E0,2025-11-29,17:30,2025-11-29 17:30:00+00:00,Everton,Newcastle,1,4,A,2.68,3.3,2.65
SP1_2025-11-29_levante_ath-bilbao,SP1,2025-11-29,17:30,2025-11-29 17:30:00+00:00,Levante,Ath Bilbao,0,2,A,3.78,3.33,2.02
F1_2025-11-29_paris-fc_auxerre,F1,2025-11-29,18:00,2025-11-29 18:00:00+00:00,Paris FC,Auxerre,1,1,D,1.88,3.55,4.08
I1_2025-11-29_milan_lazio,I1,2025-11-29,19:45,2025-11-29 19:45:00+00:00,Milan,Lazio,1,0,H,1.66,3.67,5.38
E0_2025-11-29_tottenham_fulham,E0,2025-11-29,20:00,2025-11-29 20:00:00+00:00,Tottenham,Fulham,1,2,A,2.34,3.35,3.04
SP1_2025-11-29_ath-madrid_oviedo,SP1,2025-11-29,20:00,2025-11-29 20:00:00+00:00,Ath Madrid,Oviedo,2,0,H,1.23,6.03,12.5
F1_2025-11-29_marseille_toulouse,F1,2025-11-29,20:05,2025-11-29 20:05:00+00:00,Marseille,Toulouse,2,2,D,1.64,3.98,5.01
I1_2025-11-30_lecce_torino,I1,2025-11-30,11:30,2025-11-30 11:30:00+00:00,Lecce,Torino,2,1,H,3.05,2.86,2.6
E0_2025-11-30_crystal-palace_man-united,E0,2025-11-30,12:00,2025-11-30 12:00:00+00:00,Crystal Palace,Man United,1,2,A,2.07,3.6,3.4
SP1_2025-11-30_sociedad_villarreal,SP1,2025-11-30,13:00,2025-11-30 13:00:00+00:00,Sociedad,Villarreal,2,3,A,2.82,3.28,2.5
F1_2025-11-30_strasbourg_brest,F1,2025-11-30,14:00,2025-11-30 14:00:00+00:00,Strasbourg,Brest,1,2,A,1.79,3.78,4.24
I1_2025-11-30_pisa_inter,I1,2025-11-30,14:00,2025-11-30 14:00:00+00:00,Pisa,Inter,0,2,A,11.5,6.0,1.23
E0_2025-11-30_aston-villa_wolves,E0,2025-11-30,14:05,2025-11-30 14:05:00+00:00,Aston Villa,Wolves,1,0,H,1.46,4.46,6.83
E0_2025-11-30_nott-m-forest_brighton,E0,2025-11-30,14:05,2025-11-30 14:05:00+00:00,Nott'm Forest,Brighton,0,2,A,2.85,3.29,2.51
E0_2025-11-30_west-ham_liverpool,E0,2025-11-30,14:05,2025-11-30 14:05:00+00:00,West Ham,Liverpool,0,2,A,5.07,4.49,1.58
D1_2025-11-30_hamburg_stuttgart,D1,2025-11-30,14:30,2025-11-30 14:30:00+00:00,Hamburg,Stuttgart,2,1,H,2.73,3.51,2.43
SP1_2025-11-30_sevilla_betis,SP1,2025-11-30,15:15,2025-11-30 15:15:00+00:00,Sevilla,Betis,0,2,A,2.69,3.22,2.66
F1_2025-11-30_angers_lens,F1,2025-11-30,16:15,2025-11-30 16:15:00+00:00,Angers,Lens,1,2,A,4.79,3.85,1.69
F1_2025-11-30_le-havre_lille,F1,2025-11-30,16:15,2025-11-30 16:15:00+00:00,Le Havre,Lille,0,1,A,4.44,3.67,1.78
F1_2025-11-30_lorient_nice,F1,2025-11-30,16:15,2025-11-30 16:15:00+00:00,Lorient,Nice,3,1,H,2.37,3.38,2.91
D1_2025-11-30_ein-frankfurt_wolfsburg,D1,2025-11-30,16:30,2025-11-30 16:30:00+00:00,Ein Frankfurt,Wolfsburg,1,1,D,1.92,3.87,3.55
E0_2025-11-30_chelsea_arsenal,E0,2025-11-30,16:30,2025-11-30 16:30:00+00:00,Chelsea,Arsenal,1,1,D,3.01,3.14,2.46
I1_2025-11-30_atalanta_fiorentina,I1,2025-11-30,17:00,2025-11-30 17:00:00+00:00,Atalanta,Fiorentina,2,0,H,1.63,3.84,5.38
SP1_2025-11-30_celta_espanol,SP1,2025-11-30,17:30,2025-11-30 17:30:00+00:00,Celta,Espanol,0,1,A,1.89,3.43,4.2
D1_2025-11-30_freiburg_mainz,D1,2025-11-30,18:30,2025-11-30 18:30:00+00:00,Freiburg,Mainz,4,0,H,1.73,3.7,4.64
F1_2025-11-30_lyon_nantes,F1,2025-11-30,19:45,2025-11-30 19:45:00+00:00,Lyon,Nantes,3,0,H,1.38,4.75,7.95
I1_2025-11-30_roma_napoli,I1,2025-11-30,19:45,2025-11-30 19:45:00+00:00,Roma,Napoli,0,1,A,2.72,2.75,3.03
SP1_2025-11-30_girona_real-madrid,SP1,2025-11-30,20:00,2025-11-30 20:00:00+00:00,Girona,Real Madrid,1,1,D,7.19,5.42,1.36
I1_2025-12-01_bologna_cremonese,I1,2025-12-01,19:45,2025-12-01 19:45:00+00:00,Bologna,Cremonese,1,3,A,1.51,4.06,6.58
SP1_2025-12-01_vallecano_valencia,SP1,2025-12-01,20:00,2025-12-01 20:00:00+00:00,Vallecano,Valencia,1,1,D,2.04,3.18,3.94
E0_2025-12-02_bournemouth_everton,E0,2025-12-02,19:30,2025-12-02 19:30:00+00:00,Bournemouth,Everton,0,1,A,2.17,3.4,3.34
E0_2025-12-02_fulham_man-city,E0,2025-12-02,19:30,2025-12-02 19:30:00+00:00,Fulham,Man City,4,5,A,5.14,4.08,1.63
SP1_2025-12-02_barcelona_ath-madrid,SP1,2025-12-02,20:00,2025-12-02 20:00:00+00:00,Barcelona,Ath Madrid,3,1,H,1.68,4.24,4.38
E0_2025-12-02_newcastle_tottenham,E0,2025-12-02,20:15,2025-12-02 20:15:00+00:00,Newcastle,Tottenham,2,2,D,1.83,3.78,4.07
SP1_2025-12-03_ath-bilbao_real-madrid,SP1,2025-12-03,18:00,2025-12-03 18:00:00+00:00,Ath Bilbao,Real Madrid,0,3,A,4.19,3.63,1.83
E0_2025-12-03_arsenal_brentford,E0,2025-12-03,19:30,2025-12-03 19:30:00+00:00,Arsenal,Brentford,2,0,H,1.43,4.53,7.43
E0_2025-12-03_brighton_aston-villa,E0,2025-12-03,19:30,2025-12-03 19:30:00+00:00,Brighton,Aston Villa,3,4,A,2.25,3.42,3.17
E0_2025-12-03_burnley_crystal-palace,E0,2025-12-03,19:30,2025-12-03 19:30:00+00:00,Burnley,Crystal Palace,0,1,A,4.99,3.62,1.73
E0_2025-12-03_wolves_nott-m-forest,E0,2025-12-03,19:30,2025-12-03 19:30:00+00:00,Wolves,Nott'm Forest,0,1,A,3.1,3.23,2.37
E0_2025-12-03_leeds_chelsea,E0,2025-12-03,20:15,2025-12-03 20:15:00+00:00,Leeds,Chelsea,3,1,H,3.94,3.45,1.95
E0_2025-12-03_liverpool_sunderland,E0,2025-12-03,20:15,2025-12-03 20:15:00+00:00,Liverpool,Sunderland,1,1,D,1.35,5.25,7.98
E0_2025-12-04_man-united_west-ham,E0,2025-12-04,20:00,2025-12-04 20:00:00+00:00,Man United,West Ham,1,1,D,1.4,5.03,7.21
F1_2025-12-05_brest_monaco,F1,2025-12-05,18:00,2025-12-05 18:00:00+00:00,Brest,Monaco,1,0,H,3.32,3.77,2.02
D1_2025-12-05_mainz_m-gladbach,D1,2025-12-05,19:30,2025-12-05 19:30:00+00:00,Mainz,M'gladbach,0,1,A,2.67,3.38,2.54
F1_2025-12-05_lille_marseille,F1,2025-12-05,20:00,2025-12-05 20:00:00+00:00,Lille,Marseille,1,0,H,2.34,3.46,2.9
SP1_2025-12-05_oviedo_mallorca,SP1,2025-12-05,20:00,2025-12-05 20:00:00+00:00,Oviedo,Mallorca,0,0,D,2.6,2.94,2.97
E0_2025-12-06_aston-villa_arsenal,E0,2025-12-06,12:30,2025-12-06 12:30:00+00:00,Aston Villa,Arsenal,2,1,H,4.18,3.47,1.9
SP1_2025-12-06_villarreal_getafe,SP1,2025-12-06,13:00,2025-12-06 13:00:00+00:00,Villarreal,Getafe,2,0,H,1.63,3.65,5.85
I1_2025-12-06_sassuolo_fiorentina,I1,2025-12-06,14:00,2025-12-06 14:00:00+00:00,Sassuolo,Fiorentina,3,1,H,2.79,3.14,2.61
D1_2025-12-06_augsburg_leverkusen,D1,2025-12-06,14:30,2025-12-06 14:30:00+00:00,Augsburg,Leverkusen,2,0,H,3.33,3.56,2.08
D1_2025-12-06_fc-koln_st-pauli,D1,2025-12-06,14:30,2025-12-06 14:30:00+00:00,FC Koln,St Pauli,1,1,D,1.99,3.47,3.7
D1_2025-12-06_heidenheim_freiburg,D1,2025-12-06,14:30,2025-12-06 14:30:00+00:00,Heidenheim,Freiburg,2,1,H,4.6,3.51,1.79
D1_2025-12-06_stuttgart_bayern-munich,D1,2025-12-06,14:30,2025-12-06 14:30:00+00:00,Stuttgart,Bayern Munich,0,5,A,4.7,4.67,1.58
D1_2025-12-06_wolfsburg_union-berlin,D1,2025-12-06,14:30,2025-12-06 14:30:00+00:00,Wolfsburg,Union Berlin,3,1,H,2.0,3.45,3.68
E0_2025-12-06_bournemouth_chelsea,E0,2025-12-06,15:00,2025-12-06 15:00:00+00:00,Bournemouth,Chelsea,0,0,D,3.33,3.75,2.05
E0_2025-12-06_everton_nott-m-forest,E0,2025-12-06,15:00,2025-12-06 15:00:00+00:00,Everton,Nott'm Forest,3,0,H,2.08,3.28,3.72
E0_2025-12-06_man-city_sunderland,E0,2025-12-06,15:00,2025-12-06 15:00:00+00:00,Man City,Sunderland,3,0,H,1.25,6.18,10.59
E0_2025-12-06_newcastle_burnley,E0,2025-12-06,15:00,2025-12-06 15:00:00+00:00,Newcastle,Burnley,2,1,H,1.3,5.53,9.5
E0_2025-12-06_tottenham_brentford,E0,2025-12-06,15:00,2025-12-06 15:00:00+00:00,Tottenham,Brentford,2,0,H,2.42,3.35,2.9
SP1_2025-12-06_alaves_sociedad,SP1,2025-12-06,15:15,2025-12-06 15:15:00+00:00,Alaves,Sociedad,1,0,H,2.7,2.94,2.87
F1_2025-12-06_nantes_lens,F1,2025-12-06,16:00,2025-12-06 16:00:00+00:00,Nantes,Lens,1,2,A,4.87,3.86,1.68
I1_2025-12-06_inter_como,I1,2025-12-06,17:00,2025-12-06 17:00:00+00:00,Inter,Como,4,0,H,1.54,4.2,5.76
D1_2025-12-06_rb-leipzig_ein-frankfurt,D1,2025-12-06,17:30,2025-12-06 17:30:00+00:00,RB Leipzig,Ein Frankfurt,6,0,H,1.72,3.99,4.32
E0_2025-12-06_leeds_liverpool,E0,2025-12-06,17:30,2025-12-06 17:30:00+00:00,Leeds,Liverpool,3,3,D,4.4,3.88,1.76
SP1_2025-12-06_betis_barcelona,SP1,2025-12-06,17:30,2025-12-06 17:30:00+00:00,Betis,Barcelona,3,5,A,3.61,4.11,1.86
F1_2025-12-06_toulouse_strasbourg,F1,2025-12-06,18:00,2025-12-06 18:00:00+00:00,Toulouse,Strasbourg,1,0,H,2.52,3.27,2.79
I1_2025-12-06_verona_atalanta,I1,2025-12-06,19:45,2025-12-06 19:45:00+00:00,Verona,Atalanta,3,1,H,5.49,3.68,1.65
SP1_2025-12-06_ath-bilbao_ath-madrid,SP1,2025-12-06,20:00,2025-12-06 20:00:00+00:00,Ath Bilbao,Ath Madrid,1,0,H,2.88,3.18,2.52
F1_2025-12-06_paris-sg_rennes,F1,2025-12-06,20:05,2025-12-06 20:05:00+00:00,Paris SG,Rennes,5,0,H,1.27,6.18,8.89
I1_2025-12-07_cremonese_lecce,I1,2025-12-07,11:30,2025-12-07 11:30:00+00:00,Cremonese,Lecce,2,0,H,2.35,3.02,3.28
SP1_2025-12-07_elche_girona,SP1,2025-12-07,13:00,2025-12-07 13:00:00+00:00,Elche,Girona,3,0,H,2.09,3.27,3.62
E0_2025-12-07_brighton_west-ham,E0,2025-12-07,14:00,2025-12-07 14:00:00+00:00,Brighton,West Ham,1,1,D,1.6,4.24,5.16
F1_2025-12-07_nice_angers,F1,2025-12-07,14:00,2025-12-07 14:00:00+00:00,Nice,Angers,0,1,A,1.78,3.66,4.45
I1_2025-12-07_cagliari_roma,I1,2025-12-07,14:00,2025-12-07 14:00:00+00:00,Cagliari,Roma,1,0,H,5.86,3.54,1.64
D1_2025-12-07_hamburg_werder-bremen,D1,2025-12-07,14:30,2025-12-07 14:30:00+00:00,Hamburg,Werder Bremen,3,2,H,2.36,3.47,2.87
SP1_2025-12-07_valencia_sevilla,SP1,2025-12-07,15:15,2025-12-07 15:15:00+00:00,Valencia,Sevilla,1,1,D,1.99,3.32,3.91
F1_2025-12-07_auxerre_metz,F1,2025-12-07,16:15,2025-12-07 16:15:00+00:00,Auxerre,Metz,3,1,H,2.0,3.45,3.73
F1_2025-12-07_le-havre_paris-fc,F1,2025-12-07,16:15,2025-12-07 16:15:00+00:00,Le Havre,Paris FC,0,0,D,2.78,3.19,2.58
D1_2025-12-07_dortmund_hoffenheim,D1,2025-12-07,16:30,2025-12-07 16:30:00+00:00,Dortmund,Hoffenheim,2,0,H,1.6,4.44,4.69
E0_2025-12-07_fulham_crystal-palace,E0,2025-12-07,16:30,2025-12-07 16:30:00+00:00,Fulham,Crystal Palace,1,2,A,2.49,3.32,2.85
I1_2025-12-07_lazio_bologna,I1,2025-12-07,17:00,2025-12-07 17:00:00+00:00,Lazio,Bologna,1,1,D,2.31,2.99,3.42
SP1_2025-12-07_espanol_vallecano,SP1,2025-12-07,17:30,2025-12-07 17:30:00+00:00,Espanol,Vallecano,1,0,H,2.36,3.12,3.1
F1_2025-12-07_lorient_lyon,F1,2025-12-07,19:45,2025-12-07 19:45:00+00:00,Lorient,Lyon,1,0,H,3.65,3.35,2.05
I1_2025-12-07_napoli_juventus,I1,2025-12-07,19:45,2025-12-07 19:45:00+00:00,Napoli,Juventus,2,1,H,2.58,2.81,3.13
SP1_2025-12-07_real-madrid_celta,SP1,2025-12-07,20:00,2025-12-07 20:00:00+00:00,Real Madrid,Celta,0,2,A,1.26,6.19,9.81
I1_2025-12-08_pisa_parma,I1,2025-12-08,14:00,2025-12-08 14:00:00+00:00,Pisa,Parma,0,1,A,2.49,3.02,3.06
I1_2025-12-08_udinese_genoa,I1,2025-12-08,17:00,2025-12-08 17:00:00+00:00,Udinese,Genoa,1,2,A,2.44,2.85,3.33
I1_2025-12-08_torino_milan,I1,2025-12-08,19:45,2025-12-08 19:45:00+00:00,Torino,Milan,2,3,A,5.47,3.71,1.64
E0_2025-12-08_wolves_man-united,E0,2025-12-08,20:00,2025-12-08 20:00:00+00:00,Wolves,Man United,1,4,A,5.04,4.09,1.64
SP1_2025-12-08_osasuna_levante,SP1,2025-12-08,20:00,2025-12-08 20:00:00+00:00,Osasuna,Levante,2,0,H,1.68,3.83,4.89
D1_2025-12-12_union-berlin_rb-leipzig,D1,2025-12-12,19:30,2025-12-12 19:30:00+00:00,Union Berlin,RB Leipzig,3,1,H,3.03,3.32,2.32
F1_2025-12-12_angers_nantes,F1,2025-12-12,19:45,2025-12-12 19:45:00+00:00,Angers,Nantes,4,1,H,2.15,3.15,3.58
I1_2025-12-12_lecce_pisa,I1,2025-12-12,19:45,2025-12-12 19:45:00+00:00,Lecce,Pisa,1,0,H,2.46,2.81,3.32
SP1_2025-12-12_sociedad_girona,SP1,2025-12-12,20:00,2025-12-12 20:00:00+00:00,Sociedad,Girona,1,2,A,1.78,3.62,4.5
SP1_2025-12-13_ath-madrid_valencia,SP1,2025-12-13,13:00,2025-12-13 13:00:00+00:00,Ath Madrid,Valencia,2,1,H,1.29,5.48,9.56
I1_2025-12-13_torino_cremonese,I1,2025-12-13,14:00,2025-12-13 14:00:00+00:00,Torino,Cremonese,1,0,H,1.99,3.36,3.84
D1_2025-12-13_ein-frankfurt_augsburg,D1,2025-12-13,14:30,2025-12-13 14:30:00+00:00,Ein Frankfurt,Augsburg,1,0,H,1.83,3.69,4.08
D1_2025-12-13_hoffenheim_hamburg,D1,2025-12-13,14:30,2025-12-13 14:30:00+00:00,Hoffenheim,Hamburg,4,1,H,1.68,4.13,4.42
D1_2025-12-13_m-gladbach_wolfsburg,D1,2025-12-13,14:30,2025-12-13 14:30:00+00:00,M'gladbach,Wolfsburg,1,3,A,1.99,3.67,3.46
D1_2025-12-13_st-pauli_heidenheim,D1,2025-12-13,14:30,2025-12-13 14:30:00+00:00,St Pauli,Heidenheim,2,1,H,1.85,3.39,4.37
E0_2025-12-13_chelsea_everton,E0,2025-12-13,15:00,2025-12-13 15:00:00+00:00,Chelsea,Everton,2,0,H,1.71,3.84,4.77
E0_2025-12-13_liverpool_brighton,E0,2025-12-13,15:00,2025-12-13 15:00:00+00:00,Liverpool,Brighton,2,0,H,1.74,3.98,4.37
SP1_2025-12-13_mallorca_elche,SP1,2025-12-13,15:15,2025-12-13 15:15:00+00:00,Mallorca,Elche,3,1,H,2.5,2.98,3.06
F1_2025-12-13_rennes_brest,F1,2025-12-13,16:00,2025-12-13 16:00:00+00:00,Rennes,Brest,3,1,H,1.84,3.71,4.01
I1_2025-12-13_parma_lazio,I1,2025-12-13,17:00,2025-12-13 17:00:00+00:00,Parma,Lazio,0,1,A,3.78,3.16,2.08
D1_2025-12-13_leverkusen_fc-koln,D1,2025-12-13,17:30,2025-12-13 17:30:00+00:00,Leverkusen,FC Koln,2,0,H,1.74,4.11,4.11
E0_2025-12-13_burnley_fulham,E0,2025-12-13,17:30,2025-12-13 17:30:00+00:00,Burnley,Fulham,2,3,A,3.88,3.41,1.99
SP1_2025-12-13_barcelona_osasuna,SP1,2025-12-13,17:30,2025-12-13 17:30:00+00:00,Barcelona,Osasuna,2,0,H,1.18,7.52,12.91
F1_2025-12-13_metz_paris-sg,F1,2025-12-13,18:00,2025-12-13 18:00:00+00:00,Metz,Paris SG,2,3,A,10.03,6.34,1.24
I1_2025-12-13_atalanta_cagliari,I1,2025-12-13,19:45,2025-12-13 19:45:00+00:00,Atalanta,Cagliari,2,1,H,1.33,5.07,9.09
E0_2025-12-13_arsenal_wolves,E0,2025-12-13,20:00,2025-12-13 20:00:00+00:00,Arsenal,Wolves,2,1,H,1.12,8.9,22.31
SP1_2025-12-13_getafe_espanol,SP1,2025-12-13,20:00,2025-12-13 20:00:00+00:00,Getafe,Espanol,0,1,A,2.6,2.77,3.18
F1_2025-12-13_paris-fc_toulouse,F1,2025-12-13,20:05,2025-12-13 20:05:00+00:00,Paris FC,Toulouse,0,3,A,2.7,3.16,2.68
I1_2025-12-14_milan_sassuolo,I1,2025-12-14,11:30,2025-12-14 11:30:00+00:00,Milan,Sassuolo,2,2,D,1.48,4.24,6.75
SP1_2025-12-14_sevilla_oviedo,SP1,2025-12-14,13:00,2025-12-14 13:00:00+00:00,Sevilla,Oviedo,4,0,H,2.05,3.05,3.89
E0_2025-12-14_crystal-palace_man-city,E0,2025-12-14,14:00,2025-12-14 14:00:00+00:00,Crystal Palace,Man City,0,3,A,4.01,3.73,1.85
E0_2025-12-14_nott-m-forest_tottenham,E0,2025-12-14,14:00,2025-12-14 14:00:00+00:00,Nott'm Forest,Tottenham,3,0,H,2.62,3.31,2.7
E0_2025-12-14_sunderland_newcastle,E0,2025-12-14,14:00,2025-12-14 14:00:00+00:00,Sunderland,Newcastle,1,0,H,3.41,3.35,2.16
E0_2025-12-14_west-ham_aston-villa,E0,2025-12-14,14:00,2025-12-14 14:00:00+00:00,West Ham,Aston Villa,2,3,A,3.31,3.42,2.18
F1_2025-12-14_lyon_le-havre,F1,2025-12-14,14:00,2025-12-14 14:00:00+00:00,Lyon,Le Havre,1,0,H,1.61,3.94,5.38
I1_2025-12-14_fiorentina_verona,I1,2025-12-14,14:00,2025-12-14 14:00:00+00:00,Fiorentina,Verona,1,2,A,1.98,3.18,4.15
I1_2025-12-14_udinese_napoli,I1,2025-12-14,14:00,2025-12-14 14:00:00+00:00,Udinese,Napoli,1,0,H,4.47,3.29,1.87
D1_2025-12-14_freiburg_dortmund,D1,2025-12-14,14:30,2025-12-14 14:30:00+00:00,Freiburg,Dortmund,1,1,D,3.65,3.5,1.99
SP1_2025-12-14_celta_ath-bilbao,SP1,2025-12-14,15:15,2025-12-14 15:15:00+00:00,Celta,Ath Bilbao,2,0,H,2.86,3.11,2.58
F1_2025-12-14_auxerre_lille,F1,2025-12-14,16:15,2025-12-14 16:15:00+00:00,Auxerre,Lille,3,4,A,4.16,3.34,1.92
F1_2025-12-14_lens_nice,F1,2025-12-14,16:15,2025-12-14 16:15:00+00:00,Lens,Nice,2,0,H,1.52,4.52,5.55
F1_2025-12-14_strasbourg_lorient,F1,2025-12-14,16:15,2025-12-14 16:15:00+00:00,Strasbourg,Lorient,0,0,D,1.76,3.73,4.41
D1_2025-12-14_bayern-munich_mainz,D1,2025-12-14,16:30,2025-12-14 16:30:00+00:00,Bayern Munich,Mainz,2,2,D,1.08,11.44,21.72
E0_2025-12-14_brentford_leeds,E0,2025-12-14,16:30,2025-12-14 16:30:00+00:00,Brentford,Leeds,1,1,D,2.14,3.25,3.56
I1_2025-12-14_genoa_inter,I1,2025-12-14,17:00,2025-12-14 17:00:00+00:00,Genoa,Inter,1,2,A,7.15,4.11,1.47
D1_2025-12-14_werder-bremen_stuttgart,D1,2025-12-14,18:30,2025-12-14 18:30:00+00:00,Werder Bremen,Stuttgart,0,4,A,2.81,3.63,2.31
F1_2025-12-14_marseille_monaco,F1,2025-12-14,19:45,2025-12-14 19:45:00+00:00,Marseille,Monaco,1,0,H,2.01,3.59,3.5
I1_2025-12-14_bologna_juventus,I1,2025-12-14,19:45,2025-12-14 19:45:00+00:00,Bologna,Juventus,0,1,A,3.27,3.17,2.27
SP1_2025-12-14_alaves_real-madrid,SP1,2025-12-14,20:00,2025-12-14 20:00:00+00:00,Alaves,Real Madrid,1,2,A,5.73,4.05,1.56
I1_2025-12-15_roma_como,I1,2025-12-15,19:45,2025-12-15 19:45:00+00:00,Roma,Como,1,0,H,2.2,3.06,3.58
E0_2025-12-15_man-united_bournemouth,E0,2025-12-15,20:00,2025-12-15 20:00:00+00:00,Man United,Bournemouth,4,4,D,1.76,4.18,4.1
SP1_2025-12-15_vallecano_betis,SP1,2025-12-15,20:00,2025-12-15 20:00:00+00:00,Vallecano,Betis,0,0,D,2.55,3.15,2.88
D1_2025-12-19_dortmund_m-gladbach,D1,2025-12-19,19:30,2025-12-19 19:30:00+00:00,Dortmund,M'gladbach,2,0,H,1.48,4.64,5.92
SP1_2025-12-19_valencia_mallorca,SP1,2025-12-19,20:00,2025-12-19 20:00:00+00:00,Valencia,Mallorca,1,1,D,2.03,3.17,3.96
E0_2025-12-20_newcastle_chelsea,E0,2025-12-20,12:30,2025-12-20 12:30:00+00:00,Newcastle,Chelsea,2,2,D,2.79,3.53,2.41
SP1_2025-12-20_oviedo_celta,SP1,2025-12-20,13:00,2025-12-20 13:00:00+00:00,Oviedo,Celta,0,0,D,3.47,3.18,2.18
D1_2025-12-20_augsburg_werder-bremen,D1,2025-12-20,14:30,2025-12-20 14:30:00+00:00,Augsburg,Werder Bremen,0,0,D,2.21,3.44,3.13
D1_2025-12-20_fc-koln_union-berlin,D1,2025-12-20,14:30,2025-12-20 14:30:00+00:00,FC Koln,Union Berlin,0,1,A,2.52,3.19,2.83
D1_2025-12-20_hamburg_ein-frankfurt,D1,2025-12-20,14:30,2025-12-20 14:30:00+00:00,Hamburg,Ein Frankfurt,1,1,D,2.44,3.39,2.78
D1_2025-12-20_stuttgart_hoffenheim,D1,2025-12-20,14:30,2025-12-20 14:30:00+00:00,Stuttgart,Hoffenheim,0,0,D,1.95,3.86,3.44
D1_2025-12-20_wolfsburg_freiburg,D1,2025-12-20,14:30,2025-12-20 14:30:00+00:00,Wolfsburg,Freiburg,3,4,A,2.41,3.39,2.83
E0_2025-12-20_bournemouth_burnley,E0,2025-12-20,15:00,2025-12-20 15:00:00+00:00,Bournemouth,Burnley,1,1,D,1.47,4.62,6.47
E0_2025-12-20_brighton_sunderland,E0,2025-12-20,15:00,2025-12-20 15:00:00+00:00,Brighton,Sunderland,0,0,D,1.83,3.65,4.27
E0_2025-12-20_man-city_west-ham,E0,2025-12-20,15:00,2025-12-20 15:00:00+00:00,Man City,West Ham,3,0,H,1.2,7.44,12.02
E0_2025-12-20_wolves_brentford,E0,2025-12-20,15:00,2025-12-20 15:00:00+00:00,Wolves,Brentford,0,2,A,3.42,3.37,2.15
SP1_2025-12-20_levante_sociedad,SP1,2025-12-20,15:15,2025-12-20 15:15:00+00:00,Levante,Sociedad,1,1,D,3.0,3.26,2.38
I1_2025-12-20_lazio_cremonese,I1,2025-12-20,17:00,2025-12-20 17:00:00+00:00,Lazio,Cremonese,0,0,D,1.54,3.92,6.47
D1_2025-12-20_rb-leipzig_leverkusen,D1,2025-12-20,17:30,2025-12-20 17:30:00+00:00,RB Leipzig,Leverkusen,1,3,A,2.05,3.83,3.19
E0_2025-12-20_tottenham_liverpool,E0,2025-12-20,17:30,2025-12-20 17:30:00+00:00,Tottenham,Liverpool,1,2,A,3.54,3.59,2.02
SP1_2025-12-20_osasuna_alaves,SP1,2025-12-20,17:30,2025-12-20 17:30:00+00:00,Osasuna,Alaves,3,0,H,2.2,2.91,3.82
I1_2025-12-20_juventus_roma,I1,2025-12-20,19:45,2025-12-20 19:45:00+00:00,Juventus,Roma,2,1,H,2.0,3.09,4.21
E0_2025-12-20_everton_arsenal,E0,2025-12-20,20:00,2025-12-20 20:00:00+00:00,Everton,Arsenal,0,1,A,6.26,4.02,1.54
E0_2025-12-20_leeds_crystal-palace,E0,2025-12-20,20:00,2025-12-20 20:00:00+00:00,Leeds,Crystal Palace,4,1,H,2.83,3.06,2.66
SP1_2025-12-20_real-madrid_sevilla,SP1,2025-12-20,20:00,2025-12-20 20:00:00+00:00,Real Madrid,Sevilla,2,0,H,1.19,7.14,12.64
I1_2025-12-21_cagliari_pisa,I1,2025-12-21,11:30,2025-12-21 11:30:00+00:00,Cagliari,Pisa,2,2,D,1.99,3.14,4.17
SP1_2025-12-21_girona_ath-madrid,SP1,2025-12-21,13:00,2025-12-21 13:00:00+00:00,Girona,Ath Madrid,0,3,A,4.76,3.76,1.71
I1_2025-12-21_sassuolo_torino,I1,2025-12-21,14:00,2025-12-21 14:00:00+00:00,Sassuolo,Torino,0,1,A,2.32,3.1,3.24
D1_2025-12-21_mainz_st-pauli,D1,2025-12-21,14:30,2025-12-21 14:30:00+00:00,Mainz,St Pauli,0,0,D,1.96,3.31,3.99
SP1_2025-12-21_villarreal_barcelona,SP1,2025-12-21,15:15,2025-12-21 15:15:00+00:00,Villarreal,Barcelona,0,2,A,3.92,4.36,1.73
D1_2025-12-21_heidenheim_bayern-munich,D1,2025-12-21,16:30,2025-12-21 16:30:00+00:00,Heidenheim,Bayern Munich,0,4,A,13.06,8.12,1.16
E0_2025-12-21_aston-villa_man-united,E0,2025-12-21,16:30,2025-12-21 16:30:00+00:00,Aston Villa,Man United,2,1,H,2.01,3.67,3.53
I1_2025-12-21_fiorentina_udinese,I1,2025-12-21,17:00,2025-12-21 17:00:00+00:00,Fiorentina,Udinese,5,1,H,2.07,3.2,3.77
SP1_2025-12-21_elche_vallecano,SP1,2025-12-21,17:30,2025-12-21 17:30:00+00:00,Elche,Vallecano,4,0,H,2.48,2.94,3.15
I1_2025-12-21_genoa_atalanta,I1,2025-12-21,19:45,2025-12-21 19:45:00+00:00,Genoa,Atalanta,0,1,A,3.8,3.19,2.06
SP1_2025-12-21_betis_getafe,SP1,2025-12-21,20:00,2025-12-21 20:00:00+00:00,Betis,Getafe,4,0,H,1.73,3.31,5.5
E0_2025-12-22_fulham_nott-m-forest,E0,2025-12-22,20:00,2025-12-22 20:00:00+00:00,Fulham,Nott'm Forest,1,0,H,2.55,3.33,2.75
SP1_2025-12-22_ath-bilbao_espanol,SP1,2025-12-22,20:00,2025-12-22 20:00:00+00:00,Ath Bilbao,Espanol,1,2,A,1.85,3.31,4.59
E0_2025-12-26_man-united_newcastle,E0,2025-12-26,20:00,2025-12-26 20:00:00+00:00,Man United,Newcastle,1,0,H,2.47,3.64,2.66
I1_2025-12-27_parma_fiorentina,I1,2025-12-27,11:30,2025-12-27 11:30:00+00:00,Parma,Fiorentina,1,0,H,3.62,3.24,2.1
E0_2025-12-27_nott-m-forest_man-city,E0,2025-12-27,12:30,2025-12-27 12:30:00+00:00,Nott'm Forest,Man City,1,2,A,5.17,4.16,1.61
I1_2025-12-27_lecce_como,I1,2025-12-27,14:00,2025-12-27 14:00:00+00:00,Lecce,Como,0,3,A,4.67,3.3,1.83
I1_2025-12-27_torino_cagliari,I1,2025-12-27,14:00,2025-12-27 14:00:00+00:00,Torino,Cagliari,1,2,A,1.8,3.32,4.87
E0_2025-12-27_arsenal_brighton,E0,2025-12-27,15:00,2025-12-27 15:00:00+00:00,Arsenal,Brighton,2,1,H,1.32,5.45,8.87
E0_2025-12-27_brentford_bournemouth,E0,2025-12-27,15:00,2025-12-27 15:00:00+00:00,Brentford,Bournemouth,4,1,H,2.28,3.47,3.04
E0_2025-12-27_burnley_everton,E0,2025-12-27,15:00,2025-12-27 15:00:00+00:00,Burnley,Everton,0,0,D,3.66,3.1,2.18
E0_2025-12-27_liverpool_wolves,E0,2025-12-27,15:00,2025-12-27 15:00:00+00:00,Liverpool,Wolves,2,1,H,1.24,6.43,11.22
E0_2025-12-27_west-ham_fulham,E0,2025-12-27,15:00,2025-12-27 15:00:00+00:00,West Ham,Fulham,0,1,A,2.98,3.33,2.39
I1_2025-12-27_udinese_lazio,I1,2025-12-27,17:00,2025-12-27 17:00:00+00:00,Udinese,Lazio,1,1,D,3.2,2.87,2.5
E0_2025-12-27_chelsea_aston-villa,E0,2025-12-27,17:30,2025-12-27 17:30:00+00:00,Chelsea,Aston Villa,1,2,A,1.77,3.94,4.23
I1_2025-12-27_pisa_juventus,I1,2025-12-27,19:45,2025-12-27 19:45:00+00:00,Pisa,Juventus,0,2,A,7.42,4.11,1.47
I1_2025-12-28_milan_verona,I1,2025-12-28,11:30,2025-12-28 11:30:00+00:00,Milan,Verona,3,0,H,1.37,4.69,8.64
E0_2025-12-28_sunderland_leeds,E0,2025-12-28,14:00,2025-12-28 14:00:00+00:00,Sunderland,Leeds,1,1,D,2.84,3.1,2.63
I1_2025-12-28_cremonese_napoli,I1,2025-12-28,14:00,2025-12-28 14:00:00+00:00,Cremonese,Napoli,0,2,A,6.49,3.77,1.56
E0_2025-12-28_crystal-palace_tottenham,E0,2025-12-28,16:30,2025-12-28 16:30:00+00:00,Crystal Palace,Tottenham,0,1,A,2.23,3.38,3.22
I1_2025-12-28_bologna_sassuolo,I1,2025-12-28,17:00,2025-12-28 17:00:00+00:00,Bologna,Sassuolo,1,1,D,1.99,3.27,3.96
I1_2025-12-28_atalanta_inter,I1,2025-12-28,19:45,2025-12-28 19:45:00+00:00,Atalanta,Inter,0,1,A,3.41,3.45,2.07
I1_2025-12-29_roma_genoa,I1,2025-12-29,19:45,2025-12-29 19:45:00+00:00,Roma,Genoa,3,1,H,1.58,3.66,6.42
E0_2025-12-30_burnley_newcastle,E0,2025-12-30,19:30,2025-12-30 19:30:00+00:00,Burnley,Newcastle,1,3,A,5.71,4.12,1.56
E0_2025-12-30_chelsea_bournemouth,E0,2025-12-30,19:30,2025-12-30 19:30:00+00:00,Chelsea,Bournemouth,2,2,D,1.56,4.45,5.25
E0_2025-12-30_nott-m-forest_everton,E0,2025-12-30,19:30,2025-12-30 19:30:00+00:00,Nott'm Forest,Everton,0,2,A,1.9,3.37,4.29
E0_2025-12-30_west-ham_brighton,E0,2025-12-30,19:30,2025-12-30 19:30:00+00:00,West Ham,Brighton,2,2,D,3.32,3.59,2.1
E0_2025-12-30_arsenal_aston-villa,E0,2025-12-30,20:15,2025-12-30 20:15:00+00:00,Arsenal,Aston Villa,4,1,H,1.37,5.03,7.76
E0_2025-12-30_man-united_wolves,E0,2025-12-30,20:15,2025-12-30 20:15:00+00:00,Man United,Wolves,1,1,D,1.37,5.04,7.63
E0_2026-01-01_crystal-palace_fulham,E0,2026-01-01,17:30,2026-01-01 17:30:00+00:00,Crystal Palace,Fulham,1,1,D,2.22,3.27,3.34
E0_2026-01-01_liverpool_leeds,E0,2026-01-01,17:30,2026-01-01 17:30:00+00:00,Liverpool,Leeds,0,0,D,1.47,4.45,6.68
E0_2026-01-01_brentford_tottenham,E0,2026-01-01,20:00,2026-01-01 20:00:00+00:00,Brentford,Tottenham,0,0,D,2.4,3.4,2.91
E0_2026-01-01_sunderland_man-city,E0,2026-01-01,20:00,2026-01-01 20:00:00+00:00,Sunderland,Man City,0,0,D,7.23,4.7,1.42
F1_2026-01-02_toulouse_lens,F1,2026-01-02,19:45,2026-01-02 19:45:00+00:00,Toulouse,Lens,0,3,A,2.51,3.18,2.86
I1_2026-01-02_cagliari_milan,I1,2026-01-02,19:45,2026-01-02 19:45:00+00:00,Cagliari,Milan,0,1,A,6.24,3.78,1.56
SP1_2026-01-02_vallecano_getafe,SP1,2026-01-02,20:00,2026-01-02 20:00:00+00:00,Vallecano,Getafe,1,1,D,2.05,2.83,4.55
I1_2026-01-03_como_udinese,I1,2026-01-03,11:30,2026-01-03 11:30:00+00:00,Como,Udinese,1,0,H,1.75,3.53,4.75
E0_2026-01-03_aston-villa_nott-m-forest,E0,2026-01-03,12:30,2026-01-03 12:30:00+00:00,Aston Villa,Nott'm Forest,3,1,H,1.9,3.51,4.1
SP1_2026-01-03_celta_valencia,SP1,2026-01-03,13:00,2026-01-03 13:00:00+00:00,Celta,Valencia,4,1,H,1.99,3.24,3.99
I1_2026-01-03_genoa_pisa,I1,2026-01-03,14:00,2026-01-03 14:00:00+00:00,Genoa,Pisa,1,1,D,1.9,3.07,4.75
I1_2026-01-03_sassuolo_parma,I1,2026-01-03,14:00,2026-01-03 14:00:00+00:00,Sassuolo,Parma,1,1,D,2.01,3.22,3.9
E0_2026-01-03_brighton_burnley,E0,2026-01-03,15:00,2026-01-03 15:00:00+00:00,Brighton,Burnley,2,0,H,1.45,4.51,7.0
E0_2026-01-03_wolves_west-ham,E0,2026-01-03,15:00,2026-01-03 15:00:00+00:00,Wolves,West Ham,3,0,H,2.63,3.36,2.66
SP1_2026-01-03_osasuna_ath-bilbao,SP1,2026-01-03,15:15,2026-01-03 15:15:00+00:00,Osasuna,Ath Bilbao,1,1,D,2.98,2.95,2.58
F1_2026-01-03_monaco_lyon,F1,2026-01-03,16:00,2026-01-03 16:00:00+00:00,Monaco,Lyon,1,3,A,2.07,3.65,3.29
I1_2026-01-03_juventus_lecce,I1,2026-01-03,17:00,2026-01-03 17:00:00+00:00,Juventus,Lecce,1,1,D,1.23,5.68,13.53
E0_2026-01-03_bournemouth_arsenal,E0,2026-01-03,17:30,2026-01-03 17:30:00+00:00,Bournemouth,Arsenal,2,3,A,5.95,4.43,1.51
SP1_2026-01-03_elche_villarreal,SP1,2026-01-03,17:30,2026-01-03 17:30:00+00:00,Elche,Villarreal,1,3,A,3.09,3.44,2.24
F1_2026-01-03_nice_strasbourg,F1,2026-01-03,18:00,2026-01-03 18:00:00+00:00,Nice,Strasbourg,1,1,D,3.13,3.43,2.22
I1_2026-01-03_atalanta_roma,I1,2026-01-03,19:45,2026-01-03 19:45:00+00:00,Atalanta,Roma,1,0,H,2.28,3.05,3.37
SP1_2026-01-03_espanol_barcelona,SP1,2026-01-03,20:00,2026-01-03 20:00:00+00:00,Espanol,Barcelona,0,2,A,5.81,4.64,1.48
F1_2026-01-03_lille_rennes,F1,2026-01-03,20:05,2026-01-03 20:05:00+00:00,Lille,Rennes,0,2,A,1.73,3.86,4.48
I1_2026-01-04_lazio_napoli,I1,2026-01-04,11:30,2026-01-04 11:30:00+00:00,Lazio,Napoli,0,2,A,3.79,2.98,2.16
E0_2026-01-04_leeds_man-united,E0,2026-01-04,12:30,2026-01-04 12:30:00+00:00,Leeds,Man United,1,1,D,2.73,3.3,2.59
SP1_2026-01-04_sevilla_levante,SP1,2026-01-04,13:00,2026-01-04 13:00:00+00:00,Sevilla,Levante,0,3,A,1.74,3.69,4.6
F1_2026-01-04_marseille_nantes,F1,2026-01-04,14:00,2026-01-04 14:00:00+00:00,Marseille,Nantes,0,2,A,1.25,6.18,10.28
I1_2026-01-04_fiorentina_cremonese,I1,2026-01-04,14:00,2026-01-04 14:00:00+00:00,Fiorentina,Cremonese,1,0,H,1.71,3.7,4.8
E0_2026-01-04_everton_brentford,E0,2026-01-04,15:00,2026-01-04 15:00:00+00:00,Everton,Brentford,2,4,A,2.46,3.16,3.01
E0_2026-01-04_newcastle_crystal-palace,E0,2026-01-04,15:00,2026-01-04 15:00:00+00:00,Newcastle,Crystal Palace,2,0,H,1.68,3.93,4.9
E0_2026-01-04_tottenham_sunderland,E0,2026-01-04,15:00,2026-01-04 15:00:00+00:00,Tottenham,Sunderland,1,1,D,1.97,3.39,3.95
E0_2026-01-04_fulham_liverpool,E0,2026-01-04,15:15,2026-01-04 15:15:00+00:00,Fulham,Liverpool,2,2,D,4.07,3.61,1.88
SP1_2026-01-04_real-madrid_betis,SP1,2026-01-04,15:15,2026-01-04 15:15:00+00:00,Real Madrid,Betis,5,1,H,1.48,4.59,6.05
F1_2026-01-04_brest_auxerre,F1,2026-01-04,16:15,2026-01-04 16:15:00+00:00,Brest,Auxerre,2,0,H,1.93,3.33,4.11
F1_2026-01-04_le-havre_angers,F1,2026-01-04,16:15,2026-01-04 16:15:00+00:00,Le Havre,Angers,2,1,H,2.37,3.2,3.05
F1_2026-01-04_lorient_metz,F1,2026-01-04,16:15,2026-01-04 16:15:00+00:00,Lorient,Metz,1,1,D,1.83,3.61,4.2
I1_2026-01-04_verona_torino,I1,2026-01-04,17:00,2026-01-04 17:00:00+00:00,Verona,Torino,0,3,A,2.66,2.85,2.96
E0_2026-01-04_man-city_chelsea,E0,2026-01-04,17:30,2026-01-04 17:30:00+00:00,Man City,Chelsea,1,1,D,1.47,4.9,5.88
SP1_2026-01-04_alaves_oviedo,SP1,2026-01-04,17:30,2026-01-04 17:30:00+00:00,Alaves,Oviedo,1,1,D,1.92,2.88,5.14
SP1_2026-01-04_mallorca_girona,SP1,2026-01-04,17:30,2026-01-04 17:30:00+00:00,Mallorca,Girona,1,2,A,2.26,3.1,3.39
F1_2026-01-04_paris-sg_paris-fc,F1,2026-01-04,19:45,2026-01-04 19:45:00+00:00,Paris SG,Paris FC,2,1,H,1.12,9.05,17.31
I1_2026-01-04_inter_bologna,I1,2026-01-04,19:45,2026-01-04 19:45:00+00:00,Inter,Bologna,3,1,H,1.39,4.77,7.55
SP1_2026-01-04_sociedad_ath-madrid,SP1,2026-01-04,20:00,2026-01-04 20:00:00+00:00,Sociedad,Ath Madrid,1,1,D,3.91,3.65,1.88
I1_2026-01-06_pisa_como,I1,2026-01-06,14:00,2026-01-06 14:00:00+00:00,Pisa,Como,0,3,A,4.95,3.44,1.76
I1_2026-01-06_lecce_roma,I1,2026-01-06,17:00,2026-01-06 17:00:00+00:00,Lecce,Roma,0,2,A,5.06,3.38,1.76
I1_2026-01-06_sassuolo_juventus,I1,2026-01-06,19:45,2026-01-06 19:45:00+00:00,Sassuolo,Juventus,0,3,A,5.34,3.68,1.66
E0_2026-01-06_west-ham_nott-m-forest,E0,2026-01-06,20:00,2026-01-06 20:00:00+00:00,West Ham,Nott'm Forest,1,2,A,2.92,3.39,2.39
I1_2026-01-07_bologna_atalanta,I1,2026-01-07,17:30,2026-01-07 17:30:00+00:00,Bologna,Atalanta,0,2,A,3.04,3.22,2.36
I1_2026-01-07_napoli_verona,I1,2026-01-07,17:30,2026-01-07 17:30:00+00:00,Napoli,Verona,2,2,D,1.31,4.87,11.0
E0_2026-01-07_bournemouth_tottenham,E0,2026-01-07,19:30,2026-01-07 19:30:00+00:00,Bournemouth,Tottenham,3,2,H,2.17,3.51,3.21
E0_2026-01-07_brentford_sunderland,E0,2026-01-07,19:30,2026-01-07 19:30:00+00:00,Brentford,Sunderland,3,0,H,2.01,3.22,4.07
E0_2026-01-07_crystal-palace_aston-villa,E0,2026-01-07,19:30,2026-01-07 19:30:00+00:00,Crystal Palace,Aston Villa,0,0,D,2.99,3.33,2.38
E0_2026-01-07_everton_wolves,E0,2026-01-07,19:30,2026-01-07 19:30:00+00:00,Everton,Wolves,1,1,D,1.84,3.46,4.51
E0_2026-01-07_fulham_chelsea,E0,2026-01-07,19:30,2026-01-07 19:30:00+00:00,Fulham,Chelsea,2,1,H,3.61,3.56,2.01
E0_2026-01-07_man-city_brighton,E0,2026-01-07,19:30,2026-01-07 19:30:00+00:00,Man City,Brighton,1,1,D,1.5,4.62,5.79
I1_2026-01-07_lazio_fiorentina,I1,2026-01-07,19:45,2026-01-07 19:45:00+00:00,Lazio,Fiorentina,2,2,D,2.34,3.02,3.29
I1_2026-01-07_parma_inter,I1,2026-01-07,19:45,2026-01-07 19:45:00+00:00,Parma,Inter,0,2,A,9.41,5.12,1.32
I1_2026-01-07_torino_udinese,I1,2026-01-07,19:45,2026-01-07 19:45:00+00:00,Torino,Udinese,1,2,A,2.2,3.04,3.59
E0_2026-01-07_burnley_man-united,E0,2026-01-07,20:15,2026-01-07 20:15:00+00:00,Burnley,Man United,2,2,D,4.8,3.76,1.72
E0_2026-01-07_newcastle_leeds,E0,2026-01-07,20:15,2026-01-07 20:15:00+00:00,Newcastle,Leeds,4,3,H,1.61,3.94,5.56
I1_2026-01-08_cremonese_cagliari,I1,2026-01-08,17:30,2026-01-08 17:30:00+00:00,Cremonese,Cagliari,2,2,D,2.44,2.86,3.31
I1_2026-01-08_milan_genoa,I1,2026-01-08,19:45,2026-01-08 19:45:00+00:00,Milan,Genoa,1,1,D,1.46,4.01,7.87
E0_2026-01-08_arsenal_liverpool,E0,2026-01-08,20:00,2026-01-08 20:00:00+00:00,Arsenal,Liverpool,0,0,D,1.57,4.16,5.65
D1_2026-01-09_ein-frankfurt_dortmund,D1,2026-01-09,19:30,2026-01-09 19:30:00+00:00,Ein Frankfurt,Dortmund,3,3,D,3.31,3.66,2.05
SP1_2026-01-09_getafe_sociedad,SP1,2026-01-09,20:00,2026-01-09 20:00:00+00:00,Getafe,Sociedad,1,2,A,3.44,2.89,2.37
SP1_2026-01-10_oviedo_betis,SP1,2026-01-10,13:00,2026-01-10 13:00:00+00:00,Oviedo,Betis,1,1,D,3.85,3.36,1.98
I1_2026-01-10_como_bologna,I1,2026-01-10,14:00,2026-01-10 14:00:00+00:00,Como,Bologna,1,1,D,1.95,3.27,4.11
I1_2026-01-10_udinese_pisa,I1,2026-01-10,14:00,2026-01-10 14:00:00+00:00,Udinese,Pisa,2,2,D,1.89,3.26,4.4
D1_2026-01-10_freiburg_hamburg,D1,2026-01-10,14:30,2026-01-10 14:30:00+00:00,Freiburg,Hamburg,2,1,H,1.76,3.58,4.6
D1_2026-01-10_heidenheim_fc-koln,D1,2026-01-10,14:30,2026-01-10 14:30:00+00:00,Heidenheim,FC Koln,2,2,D,2.71,3.41,2.49
D1_2026-01-10_union-berlin_mainz,D1,2026-01-10,14:30,2026-01-10 14:30:00+00:00,Union Berlin,Mainz,2,2,D,2.1,3.17,3.72
SP1_2026-01-10_villarreal_alaves,SP1,2026-01-10,15:15,2026-01-10 15:15:00+00:00,Villarreal,Alaves,3,1,H,1.44,4.37,7.25
I1_2026-01-10_roma_sassuolo,I1,2026-01-10,17:00,2026-01-10 17:00:00+00:00,Roma,Sassuolo,2,0,H,1.68,3.54,5.49
D1_2026-01-10_leverkusen_stuttgart,D1,2026-01-10,17:30,2026-01-10 17:30:00+00:00,Leverkusen,Stuttgart,1,4,A,2.14,3.68,3.09
SP1_2026-01-10_girona_osasuna,SP1,2026-01-10,17:30,2026-01-10 17:30:00+00:00,Girona,Osasuna,1,0,H,2.49,3.09,2.97
I1_2026-01-10_atalanta_torino,I1,2026-01-10,19:45,2026-01-10 19:45:00+00:00,Atalanta,Torino,2,0,H,1.58,3.77,6.26
SP1_2026-01-10_valencia_elche,SP1,2026-01-10,20:00,2026-01-10 20:00:00+00:00,Valencia,Elche,1,1,D,2.02,3.19,3.95
I1_2026-01-11_lecce_parma,I1,2026-01-11,11:30,2026-01-11 11:30:00+00:00,Lecce,Parma,1,2,A,2.77,2.87,2.83
SP1_2026-01-11_vallecano_mallorca,SP1,2026-01-11,13:00,2026-01-11 13:00:00+00:00,Vallecano,Mallorca,2,1,H,1.89,3.17,4.64
I1_2026-01-11_fiorentina_milan,I1,2026-01-11,14:00,2026-01-11 14:00:00+00:00,Fiorentina,Milan,1,1,D,3.3,3.26,2.21
D1_2026-01-11_m-gladbach_augsburg,D1,2026-01-11,14:30,2026-01-11 14:30:00+00:00,M'gladbach,Augsburg,4,0,H,1.91,3.61,3.81
SP1_2026-01-11_levante_espanol,SP1,2026-01-11,15:15,2026-01-11 15:15:00+00:00,Levante,Espanol,1,1,D,3.12,3.24,2.32
D1_2026-01-11_bayern-munich_wolfsburg,D1,2026-01-11,16:30,2026-01-11 16:30:00+00:00,Bayern Munich,Wolfsburg,8,1,H,1.12,9.31,16.69
I1_2026-01-11_verona_lazio,I1,2026-01-11,17:00,2026-01-11 17:00:00+00:00,Verona,Lazio,0,1,A,3.54,2.85,2.33
I1_2026-01-11_inter_napoli,I1,2026-01-11,19:45,2026-01-11 19:45:00+00:00,Inter,Napoli,2,2,D,1.71,3.46,5.3
I1_2026-01-12_genoa_cagliari,I1,2026-01-12,17:30,2026-01-12 17:30:00+00:00,Genoa,Cagliari,3,0,H,2.14,2.93,3.96
I1_2026-01-12_juventus_cremonese,I1,2026-01-12,19:45,2026-01-12 19:45:00+00:00,Juventus,Cremonese,5,0,H,1.24,5.84,11.5
SP1_2026-01-12_sevilla_celta,SP1,2026-01-12,20:00,2026-01-12 20:00:00+00:00,Sevilla,Celta,0,1,A,2.66,3.05,2.81
D1_2026-01-13_stuttgart_ein-frankfurt,D1,2026-01-13,17:30,2026-01-13 17:30:00+00:00,Stuttgart,Ein Frankfurt,3,2,H,1.65,4.24,4.53
D1_2026-01-13_dortmund_werder-bremen,D1,2026-01-13,19:30,2026-01-13 19:30:00+00:00,Dortmund,Werder Bremen,3,0,H,1.4,5.02,6.92
D1_2026-01-13_mainz_heidenheim,D1,2026-01-13,19:30,2026-01-13 19:30:00+00:00,Mainz,Heidenheim,2,1,H,1.74,3.73,4.52
D1_2026-01-14_wolfsburg_st-pauli,D1,2026-01-14,17:30,2026-01-14 17:30:00+00:00,Wolfsburg,St Pauli,2,1,H,1.84,3.49,4.34
I1_2026-01-14_napoli_parma,I1,2026-01-14,17:30,2026-01-14 17:30:00+00:00,Napoli,Parma,0,0,D,1.29,5.17,10.77
D1_2026-01-14_fc-koln_bayern-munich,D1,2026-01-14,19:30,2026-01-14 19:30:00+00:00,FC Koln,Bayern Munich,1,3,A,9.66,6.79,1.23
D1_2026-01-14_hoffenheim_m-gladbach,D1,2026-01-14,19:30,2026-01-14 19:30:00+00:00,Hoffenheim,M'gladbach,5,1,H,1.9,3.81,3.65
D1_2026-01-14_rb-leipzig_freiburg,D1,2026-01-14,19:30,2026-01-14 19:30:00+00:00,RB Leipzig,Freiburg,2,0,H,1.71,3.9,4.55
I1_2026-01-14_inter_lecce,I1,2026-01-14,19:45,2026-01-14 19:45:00+00:00,Inter,Lecce,1,0,H,1.16,7.36,16.16
I1_2026-01-15_verona_bologna,I1,2026-01-15,17:30,2026-01-15 17:30:00+00:00,Verona,Bologna,2,3,A,3.72,3.08,2.14
D1_2026-01-15_augsburg_union-berlin,D1,2026-01-15,19:30,2026-01-15 19:30:00+00:00,Augsburg,Union Berlin,1,1,D,2.59,3.13,2.79
I1_2026-01-15_como_milan,I1,2026-01-15,19:45,2026-01-15 19:45:00+00:00,Como,Milan,1,3,A,3.08,3.16,2.37
F1_2026-01-16_monaco_lorient,F1,2026-01-16,18:00,2026-01-16 18:00:00+00:00,Monaco,Lorient,1,3,A,1.62,4.17,4.88
D1_2026-01-16_werder-bremen_ein-frankfurt,D1,2026-01-16,19:30,2026-01-16 19:30:00+00:00,Werder Bremen,Ein Frankfurt,3,3,D,2.57,3.45,2.58
I1_2026-01-16_pisa_atalanta,I1,2026-01-16,19:45,2026-01-16 19:45:00+00:00,Pisa,Atalanta,1,1,D,6.11,4.06,1.53
F1_2026-01-16_paris-sg_lille,F1,2026-01-16,20:00,2026-01-16 20:00:00+00:00,Paris SG,Lille,3,0,H,1.27,6.05,9.35
SP1_2026-01-16_espanol_girona,SP1,2026-01-16,20:00,2026-01-16 20:00:00+00:00,Espanol,Girona,0,2,A,1.85,3.41,4.4
E0_2026-01-17_man-united_man-city,E0,2026-01-17,12:30,2026-01-17 12:30:00+00:00,Man United,Man City,2,0,H,3.01,3.63,2.23
SP1_2026-01-17_real-madrid_levante,SP1,2026-01-17,13:00,2026-01-17 13:00:00+00:00,Real Madrid,Levante,2,0,H,1.14,8.56,15.19
I1_2026-01-17_udinese_inter,I1,2026-01-17,14:00,2026-01-17 14:00:00+00:00,Udinese,Inter,0,1,A,6.87,4.37,1.46
D1_2026-01-17_dortmund_st-pauli,D1,2026-01-17,14:30,2026-01-17 14:30:00+00:00,Dortmund,St Pauli,3,2,H,1.3,5.1,10.27
D1_2026-01-17_fc-koln_mainz,D1,2026-01-17,14:30,2026-01-17 14:30:00+00:00,FC Koln,Mainz,2,1,H,2.08,3.47,3.39
D1_2026-01-17_hamburg_m-gladbach,D1,2026-01-17,14:30,2026-01-17 14:30:00+00:00,Hamburg,M'gladbach,0,0,D,2.41,3.41,2.81
D1_2026-01-17_hoffenheim_leverkusen,D1,2026-01-17,14:30,2026-01-17 14:30:00+00:00,Hoffenheim,Leverkusen,1,0,H,2.31,3.71,2.77
D1_2026-01-17_wolfsburg_heidenheim,D1,2026-01-17,14:30,2026-01-17 14:30:00+00:00,Wolfsburg,Heidenheim,1,1,D,1.67,4.01,4.75
E0_2026-01-17_chelsea_brentford,E0,2026-01-17,15:00,2026-01-17 15:00:00+00:00,Chelsea,Brentford,2,0,H,1.86,3.78,3.93
E0_2026-01-17_leeds_fulham,E0,2026-01-17,15:00,2026-01-17 15:00:00+00:00,Leeds,Fulham,1,0,H,2.31,3.34,3.1
E0_2026-01-17_liverpool_burnley,E0,2026-01-17,15:00,2026-01-17 15:00:00+00:00,Liverpool,Burnley,1,1,D,1.23,6.38,11.91
E0_2026-01-17_sunderland_crystal-palace,E0,2026-01-17,15:00,2026-01-17 15:00:00+00:00,Sunderland,Crystal Palace,2,1,H,2.38,3.13,3.15
E0_2026-01-17_tottenham_west-ham,E0,2026-01-17,15:00,2026-01-17 15:00:00+00:00,Tottenham,West Ham,1,2,A,1.84,3.72,4.13
SP1_2026-01-17_mallorca_ath-bilbao,SP1,2026-01-17,15:15,2026-01-17 15:15:00+00:00,Mallorca,Ath Bilbao,3,2,H,3.64,3.09,2.15
F1_2026-01-17_lens_auxerre,F1,2026-01-17,16:00,2026-01-17 16:00:00+00:00,Lens,Auxerre,1,0,H,1.46,4.32,6.74
I1_2026-01-17_napoli_sassuolo,I1,2026-01-17,17:00,2026-01-17 17:00:00+00:00,Napoli,Sassuolo,1,0,H,1.43,4.19,7.94
D1_2026-01-17_rb-leipzig_bayern-munich,D1,2026-01-17,17:30,2026-01-17 17:30:00+00:00,RB Leipzig,Bayern Munich,1,5,A,4.12,4.33,1.7
E0_2026-01-17_nott-m-forest_arsenal,E0,2026-01-17,17:30,2026-01-17 17:30:00+00:00,Nott'm Forest,Arsenal,0,0,D,5.79,3.87,1.6
SP1_2026-01-17_osasuna_oviedo,SP1,2026-01-17,17:30,2026-01-17 17:30:00+00:00,Osasuna,Oviedo,3,2,H,1.73,3.48,5.22
F1_2026-01-17_toulouse_nice,F1,2026-01-17,18:00,2026-01-17 18:00:00+00:00,Toulouse,Nice,5,1,H,1.95,3.46,3.81
I1_2026-01-17_cagliari_juventus,I1,2026-01-17,19:45,2026-01-17 19:45:00+00:00,Cagliari,Juventus,1,0,H,6.8,3.97,1.51
SP1_2026-01-17_betis_villarreal,SP1,2026-01-17,20:00,2026-01-17 20:00:00+00:00,Betis,Villarreal,2,0,H,2.55,3.45,2.64
F1_2026-01-17_angers_marseille,F1,2026-01-17,20:05,2026-01-17 20:05:00+00:00,Angers,Marseille,2,5,A,5.62,4.05,1.57
I1_2026-01-18_parma_genoa,I1,2026-01-18,11:30,2026-01-18 11:30:00+00:00,Parma,Genoa,0,0,D,2.84,2.73,2.9
SP1_2026-01-18_getafe_valencia,SP1,2026-01-18,13:00,2026-01-18 13:00:00+00:00,Getafe,Valencia,0,1,A,2.47,2.73,3.44
E0_2026-01-18_wolves_newcastle,E0,2026-01-18,14:00,2026-01-18 14:00:00+00:00,Wolves,Newcastle,0,0,D,4.5,3.98,1.72
F1_2026-01-18_strasbourg_metz,F1,2026-01-18,14:00,2026-01-18 14:00:00+00:00,Strasbourg,Metz,2,1,H,1.42,4.7,7.02
I1_2026-01-18_bologna_fiorentina,I1,2026-01-18,14:00,2026-01-18 14:00:00+00:00,Bologna,Fiorentina,1,2,A,2.33,3.28,3.05
D1_2026-01-18_stuttgart_union-berlin,D1,2026-01-18,14:30,2026-01-18 14:30:00+00:00,Stuttgart,Union Berlin,1,1,D,1.58,4.08,5.47
SP1_2026-01-18_ath-madrid_alaves,SP1,2026-01-18,15:15,2026-01-18 15:15:00+00:00,Ath Madrid,Alaves,1,0,H,1.35,4.8,8.98
F1_2026-01-18_nantes_paris-fc,F1,2026-01-18,16:15,2026-01-18 16:15:00+00:00,Nantes,Paris FC,1,2,A,2.62,3.15,2.73
F1_2026-01-18_rennes_le-havre,F1,2026-01-18,16:15,2026-01-18 16:15:00+00:00,Rennes,Le Havre,1,1,D,1.59,4.22,5.14
D1_2026-01-18_augsburg_freiburg,D1,2026-01-18,16:30,2026-01-18 16:30:00+00:00,Augsburg,Freiburg,2,2,D,2.59,3.2,2.75
E0_2026-01-18_aston-villa_everton,E0,2026-01-18,16:30,2026-01-18 16:30:00+00:00,Aston Villa,Everton,0,1,A,1.6,3.94,5.77
I1_2026-01-18_torino_roma,I1,2026-01-18,17:00,2026-01-18 17:00:00+00:00,Torino,Roma,0,2,A,4.32,3.27,1.91
SP1_2026-01-18_celta_vallecano,SP1,2026-01-18,17:30,2026-01-18 17:30:00+00:00,Celta,Vallecano,3,0,H,1.9,3.27,4.39
F1_2026-01-18_lyon_brest,F1,2026-01-18,19:45,2026-01-18 19:45:00+00:00,Lyon,Brest,2,1,H,1.64,3.87,5.16
I1_2026-01-18_milan_lecce,I1,2026-01-18,19:45,2026-01-18 19:45:00+00:00,Milan,Lecce,1,0,H,1.28,5.11,11.56
SP1_2026-01-18_sociedad_barcelona,SP1,2026-01-18,20:00,2026-01-18 20:00:00+00:00,Sociedad,Barcelona,2,1,H,4.7,4.37,1.62
I1_2026-01-19_cremonese_verona,I1,2026-01-19,17:30,2026-01-19 17:30:00+00:00,Cremonese,Verona,0,0,D,2.4,3.01,3.18
I1_2026-01-19_lazio_como,I1,2026-01-19,19:45,2026-01-19 19:45:00+00:00,Lazio,Como,0,3,A,3.11,2.85,2.56
E0_2026-01-19_brighton_bournemouth,E0,2026-01-19,20:00,2026-01-19 20:00:00+00:00,Brighton,Bournemouth,1,1,D,1.96,3.79,3.55
SP1_2026-01-19_elche_sevilla,SP1,2026-01-19,20:00,2026-01-19 20:00:00+00:00,Elche,Sevilla,2,2,D,2.39,3.04,3.19
F1_2026-01-23_auxerre_paris-sg,F1,2026-01-23,19:00,2026-01-23 19:00:00+00:00,Auxerre,Paris SG,0,1,A,8.24,5.01,1.35
D1_2026-01-23_st-pauli_hamburg,D1,2026-01-23,19:30,2026-01-23 19:30:00+00:00,St Pauli,Hamburg,0,0,D,2.81,2.91,2.75
I1_2026-01-23_inter_pisa,I1,2026-01-23,19:45,2026-01-23 19:45:00+00:00,Inter,Pisa,6,2,H,1.26,5.88,10.08
SP1_2026-01-23_levante_elche,SP1,2026-01-23,20:00,2026-01-23 20:00:00+00:00,Levante,Elche,3,2,H,2.23,3.33,3.18
E0_2026-01-24_west-ham_sunderland,E0,2026-01-24,12:30,2026-01-24 12:30:00+00:00,West Ham,Sunderland,3,1,H,2.21,3.32,3.28
SP1_2026-01-24_vallecano_osasuna,SP1,2026-01-24,13:00,2026-01-24 13:00:00+00:00,Vallecano,Osasuna,1,3,A,2.22,3.09,3.49
I1_2026-01-24_como_torino,I1,2026-01-24,14:00,2026-01-24 14:00:00+00:00,Como,Torino,6,0,H,1.52,4.01,6.43
D1_2026-01-24_bayern-munich_augsburg,D1,2026-01-24,14:30,2026-01-24 14:30:00+00:00,Bayern Munich,Augsburg,1,2,A,1.12,9.33,16.38
D1_2026-01-24_ein-frankfurt_hoffenheim,D1,2026-01-24,14:30,2026-01-24 14:30:00+00:00,Ein Frankfurt,Hoffenheim,1,3,A,2.99,3.58,2.21
D1_2026-01-24_heidenheim_rb-leipzig,D1,2026-01-24,14:30,2026-01-24 14:30:00+00:00,Heidenheim,RB Leipzig,0,3,A,4.6,4.33,1.62
D1_2026-01-24_leverkusen_werder-bremen,D1,2026-01-24,14:30,2026-01-24 14:30:00+00:00,Leverkusen,Werder Bremen,1,0,H,1.54,4.41,5.32
D1_2026-01-24_mainz_wolfsburg,D1,2026-01-24,14:30,2026-01-24 14:30:00+00:00,Mainz,Wolfsburg,3,1,H,2.29,3.33,3.06
E0_2026-01-24_burnley_tottenham,E0,2026-01-24,15:00,2026-01-24 15:00:00+00:00,Burnley,Tottenham,2,2,D,3.85,3.33,2.01
E0_2026-01-24_fulham_brighton,E0,2026-01-24,15:00,2026-01-24 15:00:00+00:00,Fulham,Brighton,2,1,H,2.57,3.28,2.76
E0_2026-01-24_man-city_wolves,E0,2026-01-24,15:00,2026-01-24 15:00:00+00:00,Man City,Wolves,2,0,H,1.3,5.63,9.5
SP1_2026-01-24_valencia_espanol,SP1,2026-01-24,15:15,2026-01-24 15:15:00+00:00,Valencia,Espanol,3,2,H,2.39,3.11,3.13
F1_2026-01-24_rennes_lorient,F1,2026-01-24,16:00,2026-01-24 16:00:00+00:00,Rennes,Lorient,0,2,A,1.76,3.7,4.42
I1_2026-01-24_fiorentina_cagliari,I1,2026-01-24,17:00,2026-01-24 17:00:00+00:00,Fiorentina,Cagliari,1,2,A,1.79,3.46,4.67
D1_2026-01-24_union-berlin_dortmund,D1,2026-01-24,17:30,2026-01-24 17:30:00+00:00,Union Berlin,Dortmund,0,3,A,3.21,3.25,2.25
E0_2026-01-24_bournemouth_liverpool,E0,2026-01-24,17:30,2026-01-24 17:30:00+00:00,Bournemouth,Liverpool,3,2,H,4.21,3.98,1.77
SP1_2026-01-24_sevilla_ath-bilbao,SP1,2026-01-24,17:30,2026-01-24 17:30:00+00:00,Sevilla,Ath Bilbao,2,1,H,2.61,2.97,2.93
F1_2026-01-24_le-havre_monaco,F1,2026-01-24,18:00,2026-01-24 18:00:00+00:00,Le Havre,Monaco,0,0,D,4.1,3.89,1.78
I1_2026-01-24_lecce_lazio,I1,2026-01-24,19:45,2026-01-24 19:45:00+00:00,Lecce,Lazio,0,0,D,4.5,2.93,2.0
SP1_2026-01-24_villarreal_real-madrid,SP1,2026-01-24,20:00,2026-01-24 20:00:00+00:00,Villarreal,Real Madrid,0,2,A,3.74,4.05,1.84
F1_2026-01-24_marseille_lens,F1,2026-01-24,20:05,2026-01-24 20:05:00+00:00,Marseille,Lens,3,1,H,2.07,3.72,3.22
I1_2026-01-25_sassuolo_cremonese,I1,2026-01-25,11:30,2026-01-25 11:30:00+00:00,Sassuolo,Cremonese,1,0,H,2.04,3.1,4.02
SP1_2026-01-25_ath-madrid_mallorca,SP1,2026-01-25,13:00,2026-01-25 13:00:00+00:00,Ath Madrid,Mallorca,3,0,H,1.32,5.06,9.62
E0_2026-01-25_brentford_nott-m-forest,E0,2026-01-25,14:00,2026-01-25 14:00:00+00:00,Brentford,Nott'm Forest,0,2,A,1.84,3.5,4.38
E0_2026-01-25_crystal-palace_chelsea,E0,2026-01-25,14:00,2026-01-25 14:00:00+00:00,Crystal Palace,Chelsea,1,3,A,3.39,3.48,2.11
E0_2026-01-25_newcastle_aston-villa,E0,2026-01-25,14:00,2026-01-25 14:00:00+00:00,Newcastle,Aston Villa,0,2,A,2.15,3.53,3.26
F1_2026-01-25_nantes_nice,F1,2026-01-25,14:00,2026-01-25 14:00:00+00:00,Nantes,Nice,1,4,A,2.7,3.34,2.55
I1_2026-01-25_atalanta_parma,I1,2026-01-25,14:00,2026-01-25 14:00:00+00:00,Atalanta,Parma,4,0,H,1.33,4.9,9.22
I1_2026-01-25_genoa_bologna,I1,2026-01-25,14:00,2026-01-25 14:00:00+00:00,Genoa,Bologna,3,2,H,3.23,2.98,2.4
D1_2026-01-25_m-gladbach_stuttgart,D1,2026-01-25,14:30,2026-01-25 14:30:00+00:00,M'gladbach,Stuttgart,0,3,A,2.88,3.61,2.29
SP1_2026-01-25_barcelona_oviedo,SP1,2026-01-25,15:15,2026-01-25 15:15:00+00:00,Barcelona,Oviedo,3,0,H,1.12,9.35,17.46
F1_2026-01-25_brest_toulouse,F1,2026-01-25,16:15,2026-01-25 16:15:00+00:00,Brest,Toulouse,0,2,A,2.98,2.89,2.62
F1_2026-01-25_metz_lyon,F1,2026-01-25,16:15,2026-01-25 16:15:00+00:00,Metz,Lyon,2,5,A,5.18,3.72,1.66
F1_2026-01-25_paris-fc_angers,F1,2026-01-25,16:15,2026-01-25 16:15:00+00:00,Paris FC,Angers,0,0,D,1.87,3.32,4.41
D1_2026-01-25_freiburg_fc-koln,D1,2026-01-25,16:30,2026-01-25 16:30:00+00:00,Freiburg,FC Koln,2,1,H,1.98,3.6,3.57
E0_2026-01-25_arsenal_man-united,E0,2026-01-25,16:30,2026-01-25 16:30:00+00:00,Arsenal,Man United,2,3,A,1.54,4.32,5.69
I1_2026-01-25_juventus_napoli,I1,2026-01-25,17:00,2026-01-25 17:00:00+00:00,Juventus,Napoli,3,0,H,1.91,3.12,4.57
SP1_2026-01-25_sociedad_celta,SP1,2026-01-25,17:30,2026-01-25 17:30:00+00:00,Sociedad,Celta,3,1,H,2.12,3.26,3.54
F1_2026-01-25_lille_strasbourg,F1,2026-01-25,19:45,2026-01-25 19:45:00+00:00,Lille,Strasbourg,1,4,A,2.46,3.21,2.89
I1_2026-01-25_roma_milan,I1,2026-01-25,19:45,2026-01-25 19:45:00+00:00,Roma,Milan,1,1,D,2.66,2.95,2.89
SP1_2026-01-25_alaves_betis,SP1,2026-01-25,20:00,2026-01-25 20:00:00+00:00,Alaves,Betis,2,1,H,2.66,2.95,2.9
I1_2026-01-26_verona_udinese,I1,2026-01-26,19:45,2026-01-26 19:45:00+00:00,Verona,Udinese,1,3,A,2.92,2.86,2.69
E0_2026-01-26_everton_leeds,E0,2026-01-26,20:00,2026-01-26 20:00:00+00:00,Everton,Leeds,1,1,D,2.49,3.07,3.03
SP1_2026-01-26_girona_getafe,SP1,2026-01-26,20:00,2026-01-26 20:00:00+00:00,Girona,Getafe,1,1,D,2.16,2.95,3.87
D1_2026-01-27_st-pauli_rb-leipzig,D1,2026-01-27,19:30,2026-01-27 19:30:00+00:00,St Pauli,RB Leipzig,1,1,D,4.75,3.58,1.75
D1_2026-01-27_werder-bremen_hoffenheim,D1,2026-01-27,19:30,2026-01-27 19:30:00+00:00,Werder Bremen,Hoffenheim,0,2,A,3.66,3.7,1.93
D1_2026-01-30_fc-koln_wolfsburg,D1,2026-01-30,19:30,2026-01-30 19:30:00+00:00,FC Koln,Wolfsburg,1,0,H,2.03,3.62,3.4
F1_2026-01-30_lens_le-havre,F1,2026-01-30,19:45,2026-01-30 19:45:00+00:00,Lens,Le Havre,1,0,H,1.42,4.58,7.1
I1_2026-01-30_lazio_genoa,I1,2026-01-30,19:45,2026-01-30 19:45:00+00:00,Lazio,Genoa,3,2,H,2.23,2.87,3.77
SP1_2026-01-30_espanol_alaves,SP1,2026-01-30,20:00,2026-01-30 20:00:00+00:00,Espanol,Alaves,1,2,A,1.94,3.07,4.51
SP1_2026-01-31_oviedo_girona,SP1,2026-01-31,13:00,2026-01-31 13:00:00+00:00,Oviedo,Girona,1,0,H,2.78,2.99,2.73
I1_2026-01-31_pisa_sassuolo,I1,2026-01-31,14:00,2026-01-31 14:00:00+00:00,Pisa,Sassuolo,1,3,A,3.06,3.08,2.43
D1_2026-01-31_augsburg_st-pauli,D1,2026-01-31,14:30,2026-01-31 14:30:00+00:00,Augsburg,St Pauli,2,1,H,2.11,3.06,3.81
D1_2026-01-31_ein-frankfurt_leverkusen,D1,2026-01-31,14:30,2026-01-31 14:30:00+00:00,Ein Frankfurt,Leverkusen,1,3,A,3.38,3.6,2.04
D1_2026-01-31_hoffenheim_union-berlin,D1,2026-01-31,14:30,2026-01-31 14:30:00+00:00,Hoffenheim,Union Berlin,3,1,H,1.81,3.63,4.23
D1_2026-01-31_rb-leipzig_mainz,D1,2026-01-31,14:30,2026-01-31 14:30:00+00:00,RB Leipzig,Mainz,1,2,A,1.52,4.52,5.44
D1_2026-01-31_werder-bremen_m-gladbach,D1,2026-01-31,14:30,2026-01-31 14:30:00+00:00,Werder Bremen,M'gladbach,1,1,D,2.14,3.48,3.21
E0_2026-01-31_brighton_everton,E0,2026-01-31,15:00,2026-01-31 15:00:00+00:00,Brighton,Everton,1,1,D,1.91,3.47,4.08
E0_2026-01-31_leeds_arsenal,E0,2026-01-31,15:00,2026-01-31 15:00:00+00:00,Leeds,Arsenal,0,4,A,5.87,3.99,1.57
E0_2026-01-31_wolves_bournemouth,E0,2026-01-31,15:00,2026-01-31 15:00:00+00:00,Wolves,Bournemouth,0,2,A,2.94,3.41,2.37
SP1_2026-01-31_osasuna_villarreal,SP1,2026-01-31,15:15,2026-01-31 15:15:00+00:00,Osasuna,Villarreal,2,2,D,2.73,3.28,2.56
F1_2026-01-31_paris-fc_marseille,F1,2026-01-31,16:00,2026-01-31 16:00:00+00:00,Paris FC,Marseille,2,2,D,4.28,3.81,1.77
I1_2026-01-31_napoli_fiorentina,I1,2026-01-31,17:00,2026-01-31 17:00:00+00:00,Napoli,Fiorentina,2,1,H,1.92,3.22,4.3
D1_2026-01-31_hamburg_bayern-munich,D1,2026-01-31,17:30,2026-01-31 17:30:00+00:00,Hamburg,Bayern Munich,2,2,D,9.01,5.94,1.27
E0_2026-01-31_chelsea_west-ham,E0,2026-01-31,17:30,2026-01-31 17:30:00+00:00,Chelsea,West Ham,3,2,H,1.59,4.34,5.11
SP1_2026-01-31_levante_ath-madrid,SP1,2026-01-31,17:30,2026-01-31 17:30:00+00:00,Levante,Ath Madrid,0,0,D,4.87,3.82,1.69
F1_2026-01-31_lorient_nantes,F1,2026-01-31,18:00,2026-01-31 18:00:00+00:00,Lorient,Nantes,2,1,H,1.86,3.45,4.25
I1_2026-01-31_cagliari_verona,I1,2026-01-31,19:45,2026-01-31 19:45:00+00:00,Cagliari,Verona,4,0,H,2.18,2.98,3.74
E0_2026-01-31_liverpool_newcastle,E0,2026-01-31,20:00,2026-01-31 20:00:00+00:00,Liverpool,Newcastle,4,1,H,1.64,4.22,4.78
SP1_2026-01-31_elche_barcelona,SP1,2026-01-31,20:00,2026-01-31 20:00:00+00:00,Elche,Barcelona,1,3,A,8.62,6.26,1.28
F1_2026-01-31_monaco_rennes,F1,2026-01-31,20:05,2026-01-31 20:05:00+00:00,Monaco,Rennes,4,0,H,1.93,3.87,3.51
I1_2026-02-01_torino_lecce,I1,2026-02-01,11:30,2026-02-01 11:30:00+00:00,Torino,Lecce,1,0,H,2.12,2.88,4.05
SP1_2026-02-01_real-madrid_vallecano,SP1,2026-02-01,13:00,2026-02-01 13:00:00+00:00,Real Madrid,Vallecano,2,1,H,1.26,6.17,9.75
E0_2026-02-01_aston-villa_brentford,E0,2026-02-01,14:00,2026-02-01 14:00:00+00:00,Aston Villa,Brentford,0,1,A,2.3,3.32,3.13
E0_2026-02-01_man-united_fulham,E0,2026-02-01,14:00,2026-02-01 14:00:00+00:00,Man United,Fulham,3,2,H,1.52,4.63,5.47
E0_2026-02-01_nott-m-forest_crystal-palace,E0,2026-02-01,14:00,2026-02-01 14:00:00+00:00,Nott'm Forest,Crystal Palace,1,1,D,2.09,3.22,3.73
F1_2026-02-01_lyon_lille,F1,2026-02-01,14:00,2026-02-01 14:00:00+00:00,Lyon,Lille,1,0,H,2.23,3.38,3.15
I1_2026-02-01_como_atalanta,I1,2026-02-01,14:00,2026-02-01 14:00:00+00:00,Como,Atalanta,0,0,D,2.3,3.24,3.17
D1_2026-02-01_stuttgart_freiburg,D1,2026-02-01,14:30,2026-02-01 14:30:00+00:00,Stuttgart,Freiburg,1,0,H,1.63,4.13,4.82
SP1_2026-02-01_betis_valencia,SP1,2026-02-01,15:15,2026-02-01 15:15:00+00:00,Betis,Valencia,2,1,H,1.81,3.48,4.54
F1_2026-02-01_angers_metz,F1,2026-02-01,16:15,2026-02-01 16:15:00+00:00,Angers,Metz,1,0,H,2.14,3.24,3.49
F1_2026-02-01_nice_brest,F1,2026-02-01,16:15,2026-02-01 16:15:00+00:00,Nice,Brest,2,2,D,2.26,3.34,3.13
F1_2026-02-01_toulouse_auxerre,F1,2026-02-01,16:15,2026-02-01 16:15:00+00:00,Toulouse,Auxerre,0,0,D,1.76,3.43,4.91
D1_2026-02-01_dortmund_heidenheim,D1,2026-02-01,16:30,2026-02-01 16:30:00+00:00,Dortmund,Heidenheim,3,2,H,1.26,6.03,10.0
E0_2026-02-01_tottenham_man-city,E0,2026-02-01,16:30,2026-02-01 16:30:00+00:00,Tottenham,Man City,2,2,D,4.98,4.01,1.65
I1_2026-02-01_cremonese_inter,I1,2026-02-01,17:00,2026-02-01 17:00:00+00:00,Cremonese,Inter,0,2,A,12.08,5.8,1.23
SP1_2026-02-01_getafe_celta,SP1,2026-02-01,17:30,2026-02-01 17:30:00+00:00,Getafe,Celta,0,0,D,2.9,2.81,2.8
F1_2026-02-01_strasbourg_paris-sg,F1,2026-02-01,19:45,2026-02-01 19:45:00+00:00,Strasbourg,Paris SG,1,2,A,4.93,4.15,1.6
I1_2026-02-01_parma_juventus,I1,2026-02-01,19:45,2026-02-01 19:45:00+00:00,Parma,Juventus,1,4,A,8.61,4.48,1.38
SP1_2026-02-01_ath-bilbao_sociedad,SP1,2026-02-01,20:00,2026-02-01 20:00:00+00:00,Ath Bilbao,Sociedad,1,1,D,2.21,3.1,3.52
I1_2026-02-02_udinese_roma,I1,2026-02-02,19:45,2026-02-02 19:45:00+00:00,Udinese,Roma,1,0,H,4.35,3.12,1.95
E0_2026-02-02_sunderland_burnley,E0,2026-02-02,20:00,2026-02-02 20:00:00+00:00,Sunderland,Burnley,3,0,H,1.91,3.23,4.46
SP1_2026-02-02_mallorca_sevilla,SP1,2026-02-02,20:00,2026-02-02 20:00:00+00:00,Mallorca,Sevilla,4,1,H,2.65,3.01,2.84
I1_2026-02-03_bologna_milan,I1,2026-02-03,19:45,2026-02-03 19:45:00+00:00,Bologna,Milan,0,3,A,3.06,3.09,2.44
D1_2026-02-06_union-berlin_ein-frankfurt,D1,2026-02-06,19:30,2026-02-06 19:30:00+00:00,Union Berlin,Ein Frankfurt,1,1,D,2.14,3.39,3.31
F1_2026-02-06_metz_lille,F1,2026-02-06,19:45,2026-02-06 19:45:00+00:00,Metz,Lille,0,0,D,6.18,4.23,1.51
I1_2026-02-06_verona_pisa,I1,2026-02-06,19:45,2026-02-06 19:45:00+00:00,Verona,Pisa,0,0,D,2.54,2.88,3.12
E0_2026-02-06_leeds_nott-m-forest,E0,2026-02-06,20:00,2026-02-06 20:00:00+00:00,Leeds,Nott'm Forest,3,1,H,2.14,3.37,3.4
SP1_2026-02-06_celta_osasuna,SP1,2026-02-06,20:00,2026-02-06 20:00:00+00:00,Celta,Osasuna,1,2,A,2.05,3.24,3.8
E0_2026-02-07_man-united_tottenham,E0,2026-02-07,12:30,2026-02-07 12:30:00+00:00,Man United,Tottenham,2,0,H,1.59,4.38,4.95
D1_2026-02-07_freiburg_werder-bremen,D1,2026-02-07,14:30,2026-02-07 14:30:00+00:00,Freiburg,Werder Bremen,1,0,H,2.1,3.34,3.47
D1_2026-02-07_heidenheim_hamburg,D1,2026-02-07,14:30,2026-02-07 14:30:00+00:00,Heidenheim,Hamburg,0,2,A,2.87,3.37,2.4
D1_2026-02-07_mainz_augsburg,D1,2026-02-07,14:30,2026-02-07 14:30:00+00:00,Mainz,Augsburg,2,0,H,1.94,3.57,3.75
D1_2026-02-07_st-pauli_stuttgart,D1,2026-02-07,14:30,2026-02-07 14:30:00+00:00,St Pauli,Stuttgart,2,1,H,4.79,3.77,1.7
D1_2026-02-07_wolfsburg_dortmund,D1,2026-02-07,14:30,2026-02-07 14:30:00+00:00,Wolfsburg,Dortmund,1,2,A,4.46,4.16,1.67
E0_2026-02-07_arsenal_sunderland,E0,2026-02-07,15:00,2026-02-07 15:00:00+00:00,Arsenal,Sunderland,3,0,H,1.26,5.65,12.04
E0_2026-02-07_bournemouth_aston-villa,E0,2026-02-07,15:00,2026-02-07 15:00:00+00:00,Bournemouth,Aston Villa,1,1,D,2.84,3.58,2.35
E0_2026-02-07_burnley_west-ham,E0,2026-02-07,15:00,2026-02-07 15:00:00+00:00,Burnley,West Ham,0,2,A,3.11,3.58,2.19
E0_2026-02-07_fulham_everton,E0,2026-02-07,15:00,2026-02-07 15:00:00+00:00,Fulham,Everton,1,2,A,2.13,3.41,3.4
E0_2026-02-07_wolves_chelsea,E0,2026-02-07,15:00,2026-02-07 15:00:00+00:00,Wolves,Chelsea,1,3,A,5.31,4.19,1.58
SP1_2026-02-07_barcelona_mallorca,SP1,2026-02-07,15:15,2026-02-07 15:15:00+00:00,Barcelona,Mallorca,3,0,H,1.14,8.4,15.31
F1_2026-02-07_lens_rennes,F1,2026-02-07,16:00,2026-02-07 16:00:00+00:00,Lens,Rennes,3,1,H,1.56,4.31,5.23
I1_2026-02-07_genoa_napoli,I1,2026-02-07,17:00,2026-02-07 17:00:00+00:00,Genoa,Napoli,2,3,A,4.13,2.99,2.05
D1_2026-02-07_m-gladbach_leverkusen,D1,2026-02-07,17:30,2026-02-07 17:30:00+00:00,M'gladbach,Leverkusen,1,1,D,3.48,3.65,2.0
E0_2026-02-07_newcastle_brentford,E0,2026-02-07,17:30,2026-02-07 17:30:00+00:00,Newcastle,Brentford,2,3,A,1.92,3.7,3.77
F1_2026-02-07_brest_lorient,F1,2026-02-07,18:00,2026-02-07 18:00:00+00:00,Brest,Lorient,2,0,H,2.31,3.1,3.26
I1_2026-02-07_fiorentina_torino,I1,2026-02-07,19:45,2026-02-07 19:45:00+00:00,Fiorentina,Torino,2,2,D,1.69,3.76,4.93
SP1_2026-02-07_sociedad_elche,SP1,2026-02-07,20:00,2026-02-07 20:00:00+00:00,Sociedad,Elche,3,1,H,1.62,4.02,5.14
F1_2026-02-07_nantes_lyon,F1,2026-02-07,20:05,2026-02-07 20:05:00+00:00,Nantes,Lyon,0,1,A,4.81,3.74,1.71
I1_2026-02-08_bologna_parma,I1,2026-02-08,11:30,2026-02-08 11:30:00+00:00,Bologna,Parma,0,1,A,1.62,3.84,5.45
SP1_2026-02-08_alaves_getafe,SP1,2026-02-08,13:00,2026-02-08 13:00:00+00:00,Alaves,Getafe,0,2,A,2.38,2.67,3.78
E0_2026-02-08_brighton_crystal-palace,E0,2026-02-08,14:00,2026-02-08 14:00:00+00:00,Brighton,Crystal Palace,0,1,A,2.19,3.27,3.39
F1_2026-02-08_nice_monaco,F1,2026-02-08,14:00,2026-02-08 14:00:00+00:00,Nice,Monaco,0,0,D,3.24,3.82,2.03
I1_2026-02-08_lecce_udinese,I1,2026-02-08,14:00,2026-02-08 14:00:00+00:00,Lecce,Udinese,2,1,H,2.87,2.76,2.86
D1_2026-02-08_fc-koln_rb-leipzig,D1,2026-02-08,14:30,2026-02-08 14:30:00+00:00,FC Koln,RB Leipzig,1,2,A,3.31,3.85,2.0
SP1_2026-02-08_ath-bilbao_levante,SP1,2026-02-08,15:15,2026-02-08 15:15:00+00:00,Ath Bilbao,Levante,4,2,H,1.61,3.87,5.54
SP1_2026-02-08_sevilla_girona,SP1,2026-02-08,15:15,2026-02-08 15:15:00+00:00,Sevilla,Girona,1,1,D,2.02,3.4,3.7
F1_2026-02-08_angers_toulouse,F1,2026-02-08,16:15,2026-02-08 16:15:00+00:00,Angers,Toulouse,1,0,H,3.72,3.15,2.1
F1_2026-02-08_auxerre_paris-fc,F1,2026-02-08,16:15,2026-02-08 16:15:00+00:00,Auxerre,Paris FC,0,0,D,2.48,3.18,2.9
F1_2026-02-08_le-havre_strasbourg,F1,2026-02-08,16:15,2026-02-08 16:15:00+00:00,Le Havre,Strasbourg,2,1,H,4.2,3.62,1.82
D1_2026-02-08_bayern-munich_hoffenheim,D1,2026-02-08,16:30,2026-02-08 16:30:00+00:00,Bayern Munich,Hoffenheim,5,1,H,1.22,7.03,9.82
E0_2026-02-08_liverpool_man-city,E0,2026-02-08,16:30,2026-02-08 16:30:00+00:00,Liverpool,Man City,1,2,A,2.15,3.84,3.01
I1_2026-02-08_sassuolo_inter,I1,2026-02-08,17:00,2026-02-08 17:00:00+00:00,Sassuolo,Inter,0,5,A,7.15,4.5,1.43
SP1_2026-02-08_ath-madrid_betis,SP1,2026-02-08,17:30,2026-02-08 17:30:00+00:00,Ath Madrid,Betis,0,1,A,1.45,4.66,6.35
F1_2026-02-08_paris-sg_marseille,F1,2026-02-08,19:45,2026-02-08 19:45:00+00:00,Paris SG,Marseille,5,0,H,1.44,4.92,6.05
I1_2026-02-08_juventus_lazio,I1,2026-02-08,19:45,2026-02-08 19:45:00+00:00,Juventus,Lazio,2,2,D,1.39,4.37,8.65
SP1_2026-02-08_valencia_real-madrid,SP1,2026-02-08,20:00,2026-02-08 20:00:00+00:00,Valencia,Real Madrid,0,2,A,5.01,4.1,1.62
I1_2026-02-09_atalanta_cremonese,I1,2026-02-09,17:30,2026-02-09 17:30:00+00:00,Atalanta,Cremonese,2,1,H,1.35,4.9,8.5
I1_2026-02-09_roma_cagliari,I1,2026-02-09,19:45,2026-02-09 19:45:00+00:00,Roma,Cagliari,2,0,H,1.47,4.05,7.48
SP1_2026-02-09_villarreal_espanol,SP1,2026-02-09,20:00,2026-02-09 20:00:00+00:00,Villarreal,Espanol,4,1,H,1.69,3.91,4.73
E0_2026-02-10_chelsea_leeds,E0,2026-02-10,19:30,2026-02-10 19:30:00+00:00,Chelsea,Leeds,2,2,D,1.51,4.4,6.03
E0_2026-02-10_everton_bournemouth,E0,2026-02-10,19:30,2026-02-10 19:30:00+00:00,Everton,Bournemouth,1,2,A,2.32,3.41,3.0
E0_2026-02-10_tottenham_newcastle,E0,2026-02-10,19:30,2026-02-10 19:30:00+00:00,Tottenham,Newcastle,1,2,A,3.0,3.6,2.25
E0_2026-02-10_west-ham_man-united,E0,2026-02-10,20:15,2026-02-10 20:15:00+00:00,West Ham,Man United,1,1,D,4.47,4.15,1.69
E0_2026-02-11_aston-villa_brighton,E0,2026-02-11,19:30,2026-02-11 19:30:00+00:00,Aston Villa,Brighton,1,0,H,2.06,3.69,3.34
E0_2026-02-11_crystal-palace_burnley,E0,2026-02-11,19:30,2026-02-11 19:30:00+00:00,Crystal Palace,Burnley,2,3,A,1.46,4.45,6.9
E0_2026-02-11_man-city_fulham,E0,2026-02-11,19:30,2026-02-11 19:30:00+00:00,Man City,Fulham,3,0,H,1.37,5.23,7.38
E0_2026-02-11_nott-m-forest_wolves,E0,2026-02-11,19:30,2026-02-11 19:30:00+00:00,Nott'm Forest,Wolves,0,0,D,1.73,3.79,4.66
E0_2026-02-11_sunderland_liverpool,E0,2026-02-11,20:15,2026-02-11 20:15:00+00:00,Sunderland,Liverpool,0,1,A,4.45,3.83,1.75
E0_2026-02-12_brentford_arsenal,E0,2026-02-12,20:00,2026-02-12 20:00:00+00:00,Brentford,Arsenal,1,1,D,5.08,3.77,1.68
F1_2026-02-13_rennes_paris-sg,F1,2026-02-13,18:00,2026-02-13 18:00:00+00:00,Rennes,Paris SG,3,1,H,7.47,5.47,1.34
D1_2026-02-13_dortmund_mainz,D1,2026-02-13,19:30,2026-02-13 19:30:00+00:00,Dortmund,Mainz,4,0,H,1.64,4.1,4.77
I1_2026-02-13_pisa_milan,I1,2026-02-13,19:45,2026-02-13 19:45:00+00:00,Pisa,Milan,1,2,A,6.48,3.82,1.54
SP1_2026-02-13_elche_osasuna,SP1,2026-02-13,20:00,2026-02-13 20:00:00+00:00,Elche,Osasuna,0,0,D,2.88,3.14,2.53
F1_2026-02-13_monaco_nantes,F1,2026-02-13,20:05,2026-02-13 20:05:00+00:00,Monaco,Nantes,3,1,H,1.43,4.78,6.56
SP1_2026-02-14_espanol_celta,SP1,2026-02-14,13:00,2026-02-14 13:00:00+00:00,Espanol,Celta,2,2,D,2.58,3.05,2.88
I1_2026-02-14_como_fiorentina,I1,2026-02-14,14:00,2026-02-14 14:00:00+00:00,Como,Fiorentina,1,2,A,1.68,3.9,4.83
D1_2026-02-14_ein-frankfurt_m-gladbach,D1,2026-02-14,14:30,2026-02-14 14:30:00+00:00,Ein Frankfurt,M'gladbach,3,0,H,2.12,3.47,3.31
D1_2026-02-14_hamburg_union-berlin,D1,2026-02-14,14:30,2026-02-14 14:30:00+00:00,Hamburg,Union Berlin,3,2,H,2.33,3.14,3.14
D1_2026-02-14_hoffenheim_freiburg,D1,2026-02-14,14:30,2026-02-14 14:30:00+00:00,Hoffenheim,Freiburg,3,0,H,1.7,3.92,4.53
D1_2026-02-14_leverkusen_st-pauli,D1,2026-02-14,14:30,2026-02-14 14:30:00+00:00,Leverkusen,St Pauli,4,0,H,1.51,4.23,6.14
D1_2026-02-14_werder-bremen_bayern-munich,D1,2026-02-14,14:30,2026-02-14 14:30:00+00:00,Werder Bremen,Bayern Munich,0,3,A,7.88,5.83,1.31
SP1_2026-02-14_getafe_villarreal,SP1,2026-02-14,15:15,2026-02-14 15:15:00+00:00,Getafe,Villarreal,2,1,H,3.05,2.84,2.61
F1_2026-02-14_marseille_strasbourg,F1,2026-02-14,16:00,2026-02-14 16:00:00+00:00,Marseille,Strasbourg,2,2,D,1.9,3.8,3.65
I1_2026-02-14_lazio_atalanta,I1,2026-02-14,17:00,2026-02-14 17:00:00+00:00,Lazio,Atalanta,0,2,A,3.35,3.22,2.2
D1_2026-02-14_stuttgart_fc-koln,D1,2026-02-14,17:30,2026-02-14 17:30:00+00:00,Stuttgart,FC Koln,3,1,H,1.49,4.71,5.64
SP1_2026-02-14_sevilla_alaves,SP1,2026-02-14,17:30,2026-02-14 17:30:00+00:00,Sevilla,Alaves,1,1,D,2.1,3.05,3.92
F1_2026-02-14_lille_brest,F1,2026-02-14,18:00,2026-02-14 18:00:00+00:00,Lille,Brest,1,1,D,1.58,3.99,5.65
I1_2026-02-14_inter_juventus,I1,2026-02-14,19:45,2026-02-14 19:45:00+00:00,Inter,Juventus,3,2,H,2.02,3.29,3.85
SP1_2026-02-14_real-madrid_sociedad,SP1,2026-02-14,20:00,2026-02-14 20:00:00+00:00,Real Madrid,Sociedad,4,1,H,1.37,5.08,7.63
F1_2026-02-14_paris-fc_lens,F1,2026-02-14,20:05,2026-02-14 20:05:00+00:00,Paris FC,Lens,0,5,A,3.83,3.52,1.93
I1_2026-02-15_udinese_sassuolo,I1,2026-02-15,11:30,2026-02-15 11:30:00+00:00,Udinese,Sassuolo,1,2,A,2.58,2.97,2.97
SP1_2026-02-15_oviedo_ath-bilbao,SP1,2026-02-15,13:00,2026-02-15 13:00:00+00:00,Oviedo,Ath Bilbao,1,2,A,3.28,2.93,2.42
F1_2026-02-15_le-havre_toulouse,F1,2026-02-15,14:00,2026-02-15 14:00:00+00:00,Le Havre,Toulouse,2,1,H,3.33,3.11,2.27
I1_2026-02-15_cremonese_genoa,I1,2026-02-15,14:00,2026-02-15 14:00:00+00:00,Cremonese,Genoa,0,0,D,3.36,2.83,2.43
I1_2026-02-15_parma_verona,I1,2026-02-15,14:00,2026-02-15 14:00:00+00:00,Parma,Verona,2,1,H,2.24,2.92,3.66
D1_2026-02-15_augsburg_heidenheim,D1,2026-02-15,14:30,2026-02-15 14:30:00+00:00,Augsburg,Heidenheim,1,0,H,1.87,3.7,3.85
SP1_2026-02-15_vallecano_ath-madrid,SP1,2026-02-15,15:15,2026-02-15 15:15:00+00:00,Vallecano,Ath Madrid,3,0,H,4.55,3.58,1.78
F1_2026-02-15_lorient_angers,F1,2026-02-15,16:15,2026-02-15 16:15:00+00:00,Lorient,Angers,2,0,H,1.96,3.12,4.28
F1_2026-02-15_metz_auxerre,F1,2026-02-15,16:15,2026-02-15 16:15:00+00:00,Metz,Auxerre,1,3,A,3.04,3.01,2.48
D1_2026-02-15_rb-leipzig_wolfsburg,D1,2026-02-15,16:30,2026-02-15 16:30:00+00:00,RB Leipzig,Wolfsburg,2,2,D,1.51,4.66,5.39
I1_2026-02-15_torino_bologna,I1,2026-02-15,17:00,2026-02-15 17:00:00+00:00,Torino,Bologna,1,2,A,2.97,3.12,2.46
SP1_2026-02-15_levante_valencia,SP1,2026-02-15,17:30,2026-02-15 17:30:00+00:00,Levante,Valencia,0,2,A,2.69,3.14,2.7
F1_2026-02-15_lyon_nice,F1,2026-02-15,19:45,2026-02-15 19:45:00+00:00,Lyon,Nice,2,0,H,1.83,3.68,4.09
I1_2026-02-15_napoli_roma,I1,2026-02-15,19:45,2026-02-15 19:45:00+00:00,Napoli,Roma,2,2,D,2.47,2.8,3.33
SP1_2026-02-15_mallorca_betis,SP1,2026-02-15,20:00,2026-02-15 20:00:00+00:00,Mallorca,Betis,1,2,A,3.0,3.15,2.44
I1_2026-02-16_cagliari_lecce,I1,2026-02-16,19:45,2026-02-16 19:45:00+00:00,Cagliari,Lecce,0,2,A,2.38,2.81,3.48
SP1_2026-02-16_girona_barcelona,SP1,2026-02-16,20:00,2026-02-16 20:00:00+00:00,Girona,Barcelona,2,1,H,7.79,5.66,1.32
SP1_2026-02-18_levante_villarreal,SP1,2026-02-18,19:00,2026-02-18 19:00:00+00:00,Levante,Villarreal,0,1,A,3.97,3.64,1.86
I1_2026-02-18_milan_como,I1,2026-02-18,19:45,2026-02-18 19:45:00+00:00,Milan,Como,1,1,D,2.49,2.98,3.08
E0_2026-02-18_wolves_arsenal,E0,2026-02-18,20:00,2026-02-18 20:00:00+00:00,Wolves,Arsenal,2,2,D,12.35,5.93,1.24
D1_2026-02-20_mainz_hamburg,D1,2026-02-20,19:30,2026-02-20 19:30:00+00:00,Mainz,Hamburg,1,1,D,2.06,3.45,3.48
F1_2026-02-20_brest_marseille,F1,2026-02-20,19:45,2026-02-20 19:45:00+00:00,Brest,Marseille,2,0,H,3.8,3.75,1.87
I1_2026-02-20_sassuolo_verona,I1,2026-02-20,19:45,2026-02-20 19:45:00+00:00,Sassuolo,Verona,3,0,H,1.75,3.4,5.04
SP1_2026-02-20_ath-bilbao_elche,SP1,2026-02-20,20:00,2026-02-20 20:00:00+00:00,Ath Bilbao,Elche,2,1,H,1.7,3.7,4.96
SP1_2026-02-21_sociedad_oviedo,SP1,2026-02-21,13:00,2026-02-21 13:00:00+00:00,Sociedad,Oviedo,3,3,D,1.53,3.9,6.63
I1_2026-02-21_juventus_como,I1,2026-02-21,14:00,2026-02-21 14:00:00+00:00,Juventus,Como,0,2,A,2.08,3.35,3.5
D1_2026-02-21_bayern-munich_ein-frankfurt,D1,2026-02-21,14:30,2026-02-21 14:30:00+00:00,Bayern Munich,Ein Frankfurt,3,2,H,1.08,10.88,19.31
D1_2026-02-21_fc-koln_hoffenheim,D1,2026-02-21,14:30,2026-02-21 14:30:00+00:00,FC Koln,Hoffenheim,2,2,D,3.43,3.71,1.99
D1_2026-02-21_union-berlin_leverkusen,D1,2026-02-21,14:30,2026-02-21 14:30:00+00:00,Union Berlin,Leverkusen,1,0,H,3.1,3.26,2.3
D1_2026-02-21_wolfsburg_augsburg,D1,2026-02-21,14:30,2026-02-21 14:30:00+00:00,Wolfsburg,Augsburg,2,3,A,2.19,3.39,3.17
E0_2026-02-21_aston-villa_leeds,E0,2026-02-21,15:00,2026-02-21 15:00:00+00:00,Aston Villa,Leeds,1,1,D,1.82,3.68,4.18
E0_2026-02-21_brentford_brighton,E0,2026-02-21,15:00,2026-02-21 15:00:00+00:00,Brentford,Brighton,0,2,A,2.25,3.39,3.13
E0_2026-02-21_chelsea_burnley,E0,2026-02-21,15:00,2026-02-21 15:00:00+00:00,Chelsea,Burnley,1,1,D,1.23,6.31,11.6
SP1_2026-02-21_betis_vallecano,SP1,2026-02-21,15:15,2026-02-21 15:15:00+00:00,Betis,Vallecano,1,1,D,1.91,3.45,4.06
F1_2026-02-21_lens_monaco,F1,2026-02-21,16:00,2026-02-21 16:00:00+00:00,Lens,Monaco,2,3,A,1.72,4.02,4.29
I1_2026-02-21_lecce_inter,I1,2026-02-21,17:00,2026-02-21 17:00:00+00:00,Lecce,Inter,0,2,A,7.11,4.13,1.47
D1_2026-02-21_rb-leipzig_dortmund,D1,2026-02-21,17:30,2026-02-21 17:30:00+00:00,RB Leipzig,Dortmund,2,2,D,1.97,3.88,3.32
E0_2026-02-21_west-ham_bournemouth,E0,2026-02-21,17:30,2026-02-21 17:30:00+00:00,West Ham,Bournemouth,0,0,D,2.66,3.62,2.46
SP1_2026-02-21_osasuna_real-madrid,SP1,2026-02-21,17:30,2026-02-21 17:30:00+00:00,Osasuna,Real Madrid,2,1,H,4.62,3.94,1.69
F1_2026-02-21_toulouse_paris-fc,F1,2026-02-21,18:00,2026-02-21 18:00:00+00:00,Toulouse,Paris FC,1,1,D,1.99,3.26,3.92
I1_2026-02-21_cagliari_lazio,I1,2026-02-21,19:45,2026-02-21 19:45:00+00:00,Cagliari,Lazio,0,0,D,3.35,2.87,2.39
E0_2026-02-21_man-city_newcastle,E0,2026-02-21,20:00,2026-02-21 20:00:00+00:00,Man City,Newcastle,2,1,H,1.54,4.63,5.31
SP1_2026-02-21_ath-madrid_espanol,SP1,2026-02-21,20:00,2026-02-21 20:00:00+00:00,Ath Madrid,Espanol,4,2,H,1.41,4.54,7.5
F1_2026-02-21_paris-sg_metz,F1,2026-02-21,20:05,2026-02-21 20:05:00+00:00,Paris SG,Metz,3,0,H,1.13,8.78,16.16
I1_2026-02-22_genoa_torino,I1,2026-02-22,11:30,2026-02-22 11:30:00+00:00,Genoa,Torino,3,0,H,2.29,2.89,3.54
SP1_2026-02-22_getafe_sevilla,SP1,2026-02-22,13:00,2026-02-22 13:00:00+00:00,Getafe,Sevilla,0,1,A,2.33,2.8,3.62
E0_2026-02-22_crystal-palace_wolves,E0,2026-02-22,14:00,2026-02-22 14:00:00+00:00,Crystal Palace,Wolves,1,0,H,1.77,3.71,4.44
E0_2026-02-22_nott-m-forest_liverpool,E0,2026-02-22,14:00,2026-02-22 14:00:00+00:00,Nott'm Forest,Liverpool,0,1,A,3.83,3.78,1.87
E0_2026-02-22_sunderland_fulham,E0,2026-02-22,14:00,2026-02-22 14:00:00+00:00,Sunderland,Fulham,1,3,A,2.85,3.18,2.55
F1_2026-02-22_auxerre_rennes,F1,2026-02-22,14:00,2026-02-22 14:00:00+00:00,Auxerre,Rennes,0,3,A,2.85,3.34,2.43
I1_2026-02-22_atalanta_napoli,I1,2026-02-22,14:00,2026-02-22 14:00:00+00:00,Atalanta,Napoli,2,1,H,2.43,2.96,3.15
D1_2026-02-22_freiburg_m-gladbach,D1,2026-02-22,14:30,2026-02-22 14:30:00+00:00,Freiburg,M'gladbach,2,1,H,2.06,3.34,3.58
SP1_2026-02-22_barcelona_levante,SP1,2026-02-22,15:15,2026-02-22 15:15:00+00:00,Barcelona,Levante,3,0,H,1.1,10.34,17.85
F1_2026-02-22_angers_lille,F1,2026-02-22,16:15,2026-02-22 16:15:00+00:00,Angers,Lille,0,1,A,4.54,3.52,1.79
F1_2026-02-22_nantes_le-havre,F1,2026-02-22,16:15,2026-02-22 16:15:00+00:00,Nantes,Le Havre,2,0,H,2.4,3.22,2.98
F1_2026-02-22_nice_lorient,F1,2026-02-22,16:15,2026-02-22 16:15:00+00:00,Nice,Lorient,3,3,D,2.15,3.37,3.33
D1_2026-02-22_st-pauli_werder-bremen,D1,2026-02-22,16:30,2026-02-22 16:30:00+00:00,St Pauli,Werder Bremen,2,1,H,2.65,3.11,2.73
E0_2026-02-22_tottenham_arsenal,E0,2026-02-22,16:30,2026-02-22 16:30:00+00:00,Tottenham,Arsenal,1,4,A,7.2,4.35,1.45
I1_2026-02-22_milan_parma,I1,2026-02-22,17:00,2026-02-22 17:00:00+00:00,Milan,Parma,0,1,A,1.3,5.14,9.79
SP1_2026-02-22_celta_mallorca,SP1,2026-02-22,17:30,2026-02-22 17:30:00+00:00,Celta,Mallorca,2,0,H,1.78,3.48,4.73
D1_2026-02-22_heidenheim_stuttgart,D1,2026-02-22,18:30,2026-02-22 18:30:00+00:00,Heidenheim,Stuttgart,3,3,D,4.42,4.21,1.67
F1_2026-02-22_strasbourg_lyon,F1,2026-02-22,19:45,2026-02-22 19:45:00+00:00,Strasbourg,Lyon,3,1,H,2.27,3.45,3.01
I1_2026-02-22_roma_cremonese,I1,2026-02-22,19:45,2026-02-22 19:45:00+00:00,Roma,Cremonese,3,0,H,1.3,5.19,9.94
SP1_2026-02-22_villarreal_valencia,SP1,2026-02-22,20:00,2026-02-22 20:00:00+00:00,Villarreal,Valencia,2,1,H,1.67,3.87,4.89
I1_2026-02-23_fiorentina_pisa,I1,2026-02-23,17:30,2026-02-23 17:30:00+00:00,Fiorentina,Pisa,1,0,H,1.6,3.94,5.45
I1_2026-02-23_bologna_udinese,I1,2026-02-23,19:45,2026-02-23 19:45:00+00:00,Bologna,Udinese,1,0,H,1.86,3.4,4.32
E0_2026-02-23_everton_man-united,E0,2026-02-23,20:00,2026-02-23 20:00:00+00:00,Everton,Man United,0,1,A,3.52,3.62,1.99
SP1_2026-02-23_alaves_girona,SP1,2026-02-23,20:00,2026-02-23 20:00:00+00:00,Alaves,Girona,2,2,D,2.38,3.04,3.23
D1_2026-02-27_augsburg_fc-koln,D1,2026-02-27,19:30,2026-02-27 19:30:00+00:00,Augsburg,FC Koln,2,0,H,2.16,3.39,3.23
F1_2026-02-27_strasbourg_lens,F1,2026-02-27,19:45,2026-02-27 19:45:00+00:00,Strasbourg,Lens,1,1,D,2.23,3.5,3.04
I1_2026-02-27_parma_cagliari,I1,2026-02-27,19:45,2026-02-27 19:45:00+00:00,Parma,Cagliari,1,1,D,2.18,2.92,3.78
E0_2026-02-27_wolves_aston-villa,E0,2026-02-27,20:00,2026-02-27 20:00:00+00:00,Wolves,Aston Villa,2,0,H,4.6,3.74,1.74
SP1_2026-02-27_levante_alaves,SP1,2026-02-27,20:00,2026-02-27 20:00:00+00:00,Levante,Alaves,2,0,H,2.69,3.05,2.77
E0_2026-02-28_bournemouth_sunderland,E0,2026-02-28,12:30,2026-02-28 12:30:00+00:00,Bournemouth,Sunderland,1,1,D,1.8,3.68,4.27
SP1_2026-02-28_vallecano_ath-bilbao,SP1,2026-02-28,13:00,2026-02-28 13:00:00+00:00,Vallecano,Ath Bilbao,1,1,D,2.43,3.05,3.1
I1_2026-02-28_como_lecce,I1,2026-02-28,14:00,2026-02-28 14:00:00+00:00,Como,Lecce,3,1,H,1.39,4.39,8.65
D1_2026-02-28_hoffenheim_st-pauli,D1,2026-02-28,14:30,2026-02-28 14:30:00+00:00,Hoffenheim,St Pauli,0,1,A,1.51,4.2,6.11
D1_2026-02-28_leverkusen_mainz,D1,2026-02-28,14:30,2026-02-28 14:30:00+00:00,Leverkusen,Mainz,1,1,D,1.68,4.0,4.53
D1_2026-02-28_m-gladbach_union-berlin,D1,2026-02-28,14:30,2026-02-28 14:30:00+00:00,M'gladbach,Union Berlin,1,0,H,2.34,3.25,3.01
D1_2026-02-28_werder-bremen_heidenheim,D1,2026-02-28,14:30,2026-02-28 14:30:00+00:00,Werder Bremen,Heidenheim,2,0,H,1.6,4.21,4.97
E0_2026-02-28_burnley_brentford,E0,2026-02-28,15:00,2026-02-28 15:00:00+00:00,Burnley,Brentford,3,4,A,4.34,3.79,1.77
E0_2026-02-28_liverpool_west-ham,E0,2026-02-28,15:00,2026-02-28 15:00:00+00:00,Liverpool,West Ham,5,2,H,1.41,4.98,6.69
E0_2026-02-28_newcastle_everton,E0,2026-02-28,15:00,2026-02-28 15:00:00+00:00,Newcastle,Everton,2,3,A,1.78,3.73,4.34
SP1_2026-02-28_barcelona_villarreal,SP1,2026-02-28,15:15,2026-02-28 15:15:00+00:00,Barcelona,Villarreal,4,1,H,1.37,5.54,6.51
F1_2026-02-28_rennes_toulouse,F1,2026-02-28,16:00,2026-02-28 16:00:00+00:00,Rennes,Toulouse,1,0,H,1.97,3.51,3.67
I1_2026-02-28_verona_napoli,I1,2026-02-28,17:00,2026-02-28 17:00:00+00:00,Verona,Napoli,1,2,A,6.19,3.53,1.61
D1_2026-02-28_dortmund_bayern-munich,D1,2026-02-28,17:30,2026-02-28 17:30:00+00:00,Dortmund,Bayern Munich,2,3,A,4.21,4.38,1.67
E0_2026-02-28_leeds_man-city,E0,2026-02-28,17:30,2026-02-28 17:30:00+00:00,Leeds,Man City,0,1,A,4.77,3.91,1.69
SP1_2026-02-28_mallorca_sociedad,SP1,2026-02-28,17:30,2026-02-28 17:30:00+00:00,Mallorca,Sociedad,0,1,A,3.04,3.22,2.36
F1_2026-02-28_monaco_angers,F1,2026-02-28,18:00,2026-02-28 18:00:00+00:00,Monaco,Angers,2,0,H,1.41,4.71,7.02
I1_2026-02-28_inter_genoa,I1,2026-02-28,19:45,2026-02-28 19:45:00+00:00,Inter,Genoa,2,0,H,1.29,5.34,9.68
SP1_2026-02-28_oviedo_ath-madrid,SP1,2026-02-28,20:00,2026-02-28 20:00:00+00:00,Oviedo,Ath Madrid,0,1,A,4.72,3.53,1.77
F1_2026-02-28_le-havre_paris-sg,F1,2026-02-28,20:05,2026-02-28 20:05:00+00:00,Le Havre,Paris SG,0,1,A,9.38,5.61,1.28
I1_2026-03-01_cremonese_milan,I1,2026-03-01,11:30,2026-03-01 11:30:00+00:00,Cremonese,Milan,0,2,A,8.17,4.73,1.37
SP1_2026-03-01_elche_espanol,SP1,2026-03-01,13:00,2026-03-01 13:00:00+00:00,Elche,Espanol,2,2,D,2.4,3.27,2.94
E0_2026-03-01_brighton_nott-m-forest,E0,2026-03-01,14:00,2026-03-01 14:00:00+00:00,Brighton,Nott'm Forest,2,1,H,2.09,3.39,3.48
E0_2026-03-01_fulham_tottenham,E0,2026-03-01,14:00,2026-03-01 14:00:00+00:00,Fulham,Tottenham,2,1,H,2.02,3.66,3.45
E0_2026-03-01_man-united_crystal-palace,E0,2026-03-01,14:00,2026-03-01 14:00:00+00:00,Man United,Crystal Palace,2,1,H,1.51,4.35,5.95
F1_2026-03-01_paris-fc_nice,F1,2026-03-01,14:00,2026-03-01 14:00:00+00:00,Paris FC,Nice,1,0,H,2.43,3.35,2.83
I1_2026-03-01_sassuolo_atalanta,I1,2026-03-01,14:00,2026-03-01 14:00:00+00:00,Sassuolo,Atalanta,2,1,H,3.22,3.31,2.22
D1_2026-03-01_stuttgart_wolfsburg,D1,2026-03-01,14:30,2026-03-01 14:30:00+00:00,Stuttgart,Wolfsburg,4,0,H,1.37,5.4,6.61
SP1_2026-03-01_valencia_osasuna,SP1,2026-03-01,15:15,2026-03-01 15:15:00+00:00,Valencia,Osasuna,1,0,H,2.4,3.11,3.09
F1_2026-03-01_lille_nantes,F1,2026-03-01,16:15,2026-03-01 16:15:00+00:00,Lille,Nantes,1,0,H,1.49,4.16,6.58
F1_2026-03-01_lorient_auxerre,F1,2026-03-01,16:15,2026-03-01 16:15:00+00:00,Lorient,Auxerre,2,2,D,2.07,3.22,3.71
F1_2026-03-01_metz_brest,F1,2026-03-01,16:15,2026-03-01 16:15:00+00:00,Metz,Brest,0,1,A,3.57,3.34,2.07
D1_2026-03-01_ein-frankfurt_freiburg,D1,2026-03-01,16:30,2026-03-01 16:30:00+00:00,Ein Frankfurt,Freiburg,2,0,H,2.22,3.45,3.06
E0_2026-03-01_arsenal_chelsea,E0,2026-03-01,16:30,2026-03-01 16:30:00+00:00,Arsenal,Chelsea,2,1,H,1.5,4.36,6.05
I1_2026-03-01_torino_lazio,I1,2026-03-01,17:00,2026-03-01 17:00:00+00:00,Torino,Lazio,2,0,H,2.82,2.82,2.82
SP1_2026-03-01_betis_sevilla,SP1,2026-03-01,17:30,2026-03-01 17:30:00+00:00,Betis,Sevilla,2,2,D,1.74,3.65,4.74
D1_2026-03-01_hamburg_rb-leipzig,D1,2026-03-01,18:30,2026-03-01 18:30:00+00:00,Hamburg,RB Leipzig,1,2,A,3.72,3.87,1.86
F1_2026-03-01_marseille_lyon,F1,2026-03-01,19:45,2026-03-01 19:45:00+00:00,Marseille,Lyon,3,2,H,1.92,3.62,3.74
I1_2026-03-01_roma_juventus,I1,2026-03-01,19:45,2026-03-01 19:45:00+00:00,Roma,Juventus,3,3,D,2.58,3.06,2.84
SP1_2026-03-01_girona_celta,SP1,2026-03-01,20:00,2026-03-01 20:00:00+00:00,Girona,Celta,1,2,A,2.41,3.24,2.96
I1_2026-03-02_pisa_bologna,I1,2026-03-02,17:30,2026-03-02 17:30:00+00:00,Pisa,Bologna,0,1,A,4.29,3.31,1.88
I1_2026-03-02_udinese_fiorentina,I1,2026-03-02,19:45,2026-03-02 19:45:00+00:00,Udinese,Fiorentina,3,0,H,3.23,3.05,2.34
SP1_2026-03-02_real-madrid_getafe,SP1,2026-03-02,20:00,2026-03-02 20:00:00+00:00,Real Madrid,Getafe,0,1,A,1.39,4.4,8.67
E0_2026-03-03_bournemouth_brentford,E0,2026-03-03,19:30,2026-03-03 19:30:00+00:00,Bournemouth,Brentford,0,0,D,2.5,3.56,2.65
E0_2026-03-03_everton_burnley,E0,2026-03-03,19:30,2026-03-03 19:30:00+00:00,Everton,Burnley,2,0,H,1.61,3.78,5.73
E0_2026-03-03_leeds_sunderland,E0,2026-03-03,19:30,2026-03-03 19:30:00+00:00,Leeds,Sunderland,0,1,A,1.81,3.51,4.51
E0_2026-03-03_wolves_liverpool,E0,2026-03-03,20:15,2026-03-03 20:15:00+00:00,Wolves,Liverpool,2,1,H,6.85,4.71,1.43
SP1_2026-03-04_vallecano_oviedo,SP1,2026-03-04,18:00,2026-03-04 18:00:00+00:00,Vallecano,Oviedo,3,0,H,1.73,3.52,5.02
D1_2026-03-04_hamburg_leverkusen,D1,2026-03-04,19:30,2026-03-04 19:30:00+00:00,Hamburg,Leverkusen,0,1,A,3.54,3.63,1.97
E0_2026-03-04_aston-villa_chelsea,E0,2026-03-04,19:30,2026-03-04 19:30:00+00:00,Aston Villa,Chelsea,1,4,A,2.64,3.48,2.54
E0_2026-03-04_brighton_arsenal,E0,2026-03-04,19:30,2026-03-04 19:30:00+00:00,Brighton,Arsenal,0,1,A,5.03,3.84,1.67
E0_2026-03-04_fulham_west-ham,E0,2026-03-04,19:30,2026-03-04 19:30:00+00:00,Fulham,West Ham,0,1,A,2.2,3.51,3.13
E0_2026-03-04_man-city_nott-m-forest,E0,2026-03-04,19:30,2026-03-04 19:30:00+00:00,Man City,Nott'm Forest,2,2,D,1.39,4.83,7.62
E0_2026-03-04_newcastle_man-united,E0,2026-03-04,20:15,2026-03-04 20:15:00+00:00,Newcastle,Man United,2,1,H,2.56,3.62,2.52
E0_2026-03-05_tottenham_crystal-palace,E0,2026-03-05,20:00,2026-03-05 20:00:00+00:00,Tottenham,Crystal Palace,1,3,A,2.44,3.37,2.83
D1_2026-03-06_bayern-munich_m-gladbach,D1,2026-03-06,19:30,2026-03-06 19:30:00+00:00,Bayern Munich,M'gladbach,4,1,H,1.21,7.08,10.63
F1_2026-03-06_paris-sg_monaco,F1,2026-03-06,19:45,2026-03-06 19:45:00+00:00,Paris SG,Monaco,1,3,A,1.35,5.42,7.15
I1_2026-03-06_napoli_torino,I1,2026-03-06,19:45,2026-03-06 19:45:00+00:00,Napoli,Torino,2,1,H,1.53,3.85,6.48
SP1_2026-03-06_celta_real-madrid,SP1,2026-03-06,20:00,2026-03-06 20:00:00+00:00,Celta,Real Madrid,1,2,A,2.97,3.28,2.37
SP1_2026-03-07_osasuna_mallorca,SP1,2026-03-07,13:00,2026-03-07 13:00:00+00:00,Osasuna,Mallorca,2,2,D,1.89,3.37,4.23
I1_2026-03-07_cagliari_como,I1,2026-03-07,14:00,2026-03-07 14:00:00+00:00,Cagliari,Como,1,2,A,6.58,4.02,1.51
D1_2026-03-07_freiburg_leverkusen,D1,2026-03-07,14:30,2026-03-07 14:30:00+00:00,Freiburg,Leverkusen,3,3,D,2.94,3.37,2.34
D1_2026-03-07_heidenheim_hoffenheim,D1,2026-03-07,14:30,2026-03-07 14:30:00+00:00,Heidenheim,Hoffenheim,2,4,A,5.44,4.57,1.51
D1_2026-03-07_mainz_stuttgart,D1,2026-03-07,14:30,2026-03-07 14:30:00+00:00,Mainz,Stuttgart,2,2,D,3.47,3.77,1.95
D1_2026-03-07_rb-leipzig_augsburg,D1,2026-03-07,14:30,2026-03-07 14:30:00+00:00,RB Leipzig,Augsburg,2,1,H,1.33,5.42,7.63
D1_2026-03-07_wolfsburg_hamburg,D1,2026-03-07,14:30,2026-03-07 14:30:00+00:00,Wolfsburg,Hamburg,1,2,A,2.56,3.37,2.65
SP1_2026-03-07_levante_girona,SP1,2026-03-07,15:15,2026-03-07 15:15:00+00:00,Levante,Girona,1,1,D,2.7,3.31,2.56
F1_2026-03-07_nantes_angers,F1,2026-03-07,16:00,2026-03-07 16:00:00+00:00,Nantes,Angers,0,1,A,2.2,2.99,3.63
I1_2026-03-07_atalanta_udinese,I1,2026-03-07,17:00,2026-03-07 17:00:00+00:00,Atalanta,Udinese,2,2,D,1.69,3.63,5.05
D1_2026-03-07_fc-koln_dortmund,D1,2026-03-07,17:30,2026-03-07 17:30:00+00:00,FC Koln,Dortmund,1,2,A,4.03,3.94,1.77
SP1_2026-03-07_ath-madrid_sociedad,SP1,2026-03-07,17:30,2026-03-07 17:30:00+00:00,Ath Madrid,Sociedad,3,2,H,1.63,3.97,5.12
F1_2026-03-07_auxerre_strasbourg,F1,2026-03-07,18:00,2026-03-07 18:00:00+00:00,Auxerre,Strasbourg,0,0,D,3.37,3.3,2.16
I1_2026-03-07_juventus_pisa,I1,2026-03-07,19:45,2026-03-07 19:45:00+00:00,Juventus,Pisa,4,0,H,1.19,6.63,13.62
SP1_2026-03-07_ath-bilbao_barcelona,SP1,2026-03-07,20:00,2026-03-07 20:00:00+00:00,Ath Bilbao,Barcelona,0,1,A,4.63,4.27,1.64
F1_2026-03-07_toulouse_marseille,F1,2026-03-07,20:05,2026-03-07 20:05:00+00:00,Toulouse,Marseille,0,1,A,3.13,3.53,2.15
I1_2026-03-08_lecce_cremonese,I1,2026-03-08,11:30,2026-03-08 11:30:00+00:00,Lecce,Cremonese,2,1,H,2.28,2.91,3.53
SP1_2026-03-08_villarreal_elche,SP1,2026-03-08,13:00,2026-03-08 13:00:00+00:00,Villarreal,Elche,2,1,H,1.45,4.59,6.58
F1_2026-03-08_lens_metz,F1,2026-03-08,14:00,2026-03-08 14:00:00+00:00,Lens,Metz,3,0,H,1.26,6.0,10.0
I1_2026-03-08_bologna_verona,I1,2026-03-08,14:00,2026-03-08 14:00:00+00:00,Bologna,Verona,1,2,A,1.59,3.75,5.95
I1_2026-03-08_fiorentina_parma,I1,2026-03-08,14:00,2026-03-08 14:00:00+00:00,Fiorentina,Parma,0,0,D,1.72,3.57,5.0
D1_2026-03-08_st-pauli_ein-frankfurt,D1,2026-03-08,14:30,2026-03-08 14:30:00+00:00,St Pauli,Ein Frankfurt,0,0,D,2.54,3.28,2.74
SP1_2026-03-08_getafe_betis,SP1,2026-03-08,15:15,2026-03-08 15:15:00+00:00,Getafe,Betis,2,0,H,2.72,2.77,3.01
F1_2026-03-08_brest_le-havre,F1,2026-03-08,16:15,2026-03-08 16:15:00+00:00,Brest,Le Havre,2,0,H,1.9,3.36,4.18
F1_2026-03-08_lille_lorient,F1,2026-03-08,16:15,2026-03-08 16:15:00+00:00,Lille,Lorient,1,1,D,1.52,4.12,6.15
F1_2026-03-08_nice_rennes,F1,2026-03-08,16:15,2026-03-08 16:15:00+00:00,Nice,Rennes,0,4,A,2.61,3.46,2.56
D1_2026-03-08_union-berlin_werder-bremen,D1,2026-03-08,16:30,2026-03-08 16:30:00+00:00,Union Berlin,Werder Bremen,1,4,A,2.37,3.18,3.04
I1_2026-03-08_genoa_roma,I1,2026-03-08,17:00,2026-03-08 17:00:00+00:00,Genoa,Roma,2,1,H,4.2,3.12,1.98
SP1_2026-03-08_sevilla_vallecano,SP1,2026-03-08,17:30,2026-03-08 17:30:00+00:00,Sevilla,Vallecano,1,1,D,2.53,3.03,2.98
F1_2026-03-08_lyon_paris-fc,F1,2026-03-08,19:45,2026-03-08 19:45:00+00:00,Lyon,Paris FC,1,1,D,1.82,3.48,4.45
I1_2026-03-08_milan_inter,I1,2026-03-08,19:45,2026-03-08 19:45:00+00:00,Milan,Inter,1,0,H,3.12,3.12,2.37
SP1_2026-03-08_valencia_alaves,SP1,2026-03-08,20:00,2026-03-08 20:00:00+00:00,Valencia,Alaves,3,2,H,2.08,3.07,3.91
I1_2026-03-09_lazio_sassuolo,I1,2026-03-09,19:45,2026-03-09 19:45:00+00:00,Lazio,Sassuolo,2,1,H,2.2,3.16,3.38
SP1_2026-03-09_espanol_oviedo,SP1,2026-03-09,20:00,2026-03-09 20:00:00+00:00,Espanol,Oviedo,1,1,D,1.94,3.25,4.17
D1_2026-03-13_m-gladbach_st-pauli,D1,2026-03-13,19:30,2026-03-13 19:30:00+00:00,M'gladbach,St Pauli,2,0,H,1.91,3.3,4.17
F1_2026-03-13_marseille_auxerre,F1,2026-03-13,19:45,2026-03-13 19:45:00+00:00,Marseille,Auxerre,1,0,H,1.42,4.53,7.11
I1_2026-03-13_torino_parma,I1,2026-03-13,19:45,2026-03-13 19:45:00+00:00,Torino,Parma,4,1,H,2.25,2.92,3.61
SP1_2026-03-13_alaves_villarreal,SP1,2026-03-13,20:00,2026-03-13 20:00:00+00:00,Alaves,Villarreal,1,1,D,3.41,3.39,2.1
SP1_2026-03-14_girona_ath-bilbao,SP1,2026-03-14,13:00,2026-03-14 13:00:00+00:00,Girona,Ath Bilbao,3,0,H,2.8,3.28,2.49
I1_2026-03-14_inter_atalanta,I1,2026-03-14,14:00,2026-03-14 14:00:00+00:00,Inter,Atalanta,1,1,D,1.49,4.44,5.89
D1_2026-03-14_dortmund_augsburg,D1,2026-03-14,14:30,2026-03-14 14:30:00+00:00,Dortmund,Augsburg,2,0,H,1.53,4.47,5.31
D1_2026-03-14_ein-frankfurt_heidenheim,D1,2026-03-14,14:30,2026-03-14 14:30:00+00:00,Ein Frankfurt,Heidenheim,1,0,H,1.61,4.26,4.77
D1_2026-03-14_hoffenheim_wolfsburg,D1,2026-03-14,14:30,2026-03-14 14:30:00+00:00,Hoffenheim,Wolfsburg,1,1,D,1.41,4.97,6.46
D1_2026-03-14_leverkusen_bayern-munich,D1,2026-03-14,14:30,2026-03-14 14:30:00+00:00,Leverkusen,Bayern Munich,1,1,D,4.91,4.67,1.54
E0_2026-03-14_burnley_bournemouth,E0,2026-03-14,15:00,2026-03-14 15:00:00+00:00,Burnley,Bournemouth,0,0,D,3.92,3.93,1.82
E0_2026-03-14_sunderland_brighton,E0,2026-03-14,15:00,2026-03-14 15:00:00+00:00,Sunderland,Brighton,0,1,A,3.64,3.46,2.01
SP1_2026-03-14_ath-madrid_getafe,SP1,2026-03-14,15:15,2026-03-14 15:15:00+00:00,Ath Madrid,Getafe,1,0,H,1.64,3.46,6.1
F1_2026-03-14_lorient_lens,F1,2026-03-14,16:00,2026-03-14 16:00:00+00:00,Lorient,Lens,2,1,H,4.98,3.92,1.65
I1_2026-03-14_napoli_lecce,I1,2026-03-14,17:00,2026-03-14 17:00:00+00:00,Napoli,Lecce,2,1,H,1.43,4.19,8.04
D1_2026-03-14_hamburg_fc-koln,D1,2026-03-14,17:30,2026-03-14 17:30:00+00:00,Hamburg,FC Koln,1,1,D,2.32,3.44,2.88
E0_2026-03-14_arsenal_everton,E0,2026-03-14,17:30,2026-03-14 17:30:00+00:00,Arsenal,Everton,2,0,H,1.37,4.65,8.58
E0_2026-03-14_chelsea_newcastle,E0,2026-03-14,17:30,2026-03-14 17:30:00+00:00,Chelsea,Newcastle,0,1,A,1.69,4.24,4.3
SP1_2026-03-14_oviedo_valencia,SP1,2026-03-14,17:30,2026-03-14 17:30:00+00:00,Oviedo,Valencia,1,0,H,2.8,3.12,2.59
F1_2026-03-14_angers_nice,F1,2026-03-14,18:00,2026-03-14 18:00:00+00:00,Angers,Nice,0,2,A,3.19,3.07,2.35
I1_2026-03-14_udinese_juventus,I1,2026-03-14,19:45,2026-03-14 19:45:00+00:00,Udinese,Juventus,0,1,A,6.12,4.05,1.52
E0_2026-03-14_west-ham_man-city,E0,2026-03-14,20:00,2026-03-14 20:00:00+00:00,West Ham,Man City,1,1,D,4.81,4.16,1.63
SP1_2026-03-14_real-madrid_elche,SP1,2026-03-14,20:00,2026-03-14 20:00:00+00:00,Real Madrid,Elche,4,1,H,1.27,5.93,9.32
F1_2026-03-14_monaco_brest,F1,2026-03-14,20:05,2026-03-14 20:05:00+00:00,Monaco,Brest,2,0,H,1.58,4.14,5.23
I1_2026-03-15_verona_genoa,I1,2026-03-15,11:30,2026-03-15 11:30:00+00:00,Verona,Genoa,0,2,A,3.35,2.9,2.37
SP1_2026-03-15_mallorca_espanol,SP1,2026-03-15,13:00,2026-03-15 13:00:00+00:00,Mallorca,Espanol,2,1,H,2.43,3.09,3.04
E0_2026-03-15_crystal-palace_leeds,E0,2026-03-15,14:00,2026-03-15 14:00:00+00:00,Crystal Palace,Leeds,0,0,D,2.66,3.23,2.69
E0_2026-03-15_man-united_aston-villa,E0,2026-03-15,14:00,2026-03-15 14:00:00+00:00,Man United,Aston Villa,3,1,H,1.69,4.0,4.56
E0_2026-03-15_nott-m-forest_fulham,E0,2026-03-15,14:00,2026-03-15 14:00:00+00:00,Nott'm Forest,Fulham,0,0,D,2.29,3.31,3.13
F1_2026-03-15_strasbourg_paris-fc,F1,2026-03-15,14:00,2026-03-15 14:00:00+00:00,Strasbourg,Paris FC,0,0,D,1.65,3.93,4.88
I1_2026-03-15_pisa_cagliari,I1,2026-03-15,14:00,2026-03-15 14:00:00+00:00,Pisa,Cagliari,3,1,H,2.55,2.86,3.06
I1_2026-03-15_sassuolo_bologna,I1,2026-03-15,14:00,2026-03-15 14:00:00+00:00,Sassuolo,Bologna,0,1,A,2.37,3.18,3.05
D1_2026-03-15_werder-bremen_mainz,D1,2026-03-15,14:30,2026-03-15 14:30:00+00:00,Werder Bremen,Mainz,0,2,A,2.24,3.48,3.02
SP1_2026-03-15_barcelona_sevilla,SP1,2026-03-15,15:15,2026-03-15 15:15:00+00:00,Barcelona,Sevilla,5,2,H,1.28,5.87,9.28
F1_2026-03-15_le-havre_lyon,F1,2026-03-15,16:15,2026-03-15 16:15:00+00:00,Le Havre,Lyon,0,0,D,3.44,3.33,2.11
F1_2026-03-15_metz_toulouse,F1,2026-03-15,16:15,2026-03-15 16:15:00+00:00,Metz,Toulouse,3,4,A,3.92,3.36,1.96
D1_2026-03-15_freiburg_union-berlin,D1,2026-03-15,16:30,2026-03-15 16:30:00+00:00,Freiburg,Union Berlin,0,1,A,1.89,3.54,3.94
E0_2026-03-15_liverpool_tottenham,E0,2026-03-15,16:30,2026-03-15 16:30:00+00:00,Liverpool,Tottenham,1,1,D,1.3,5.87,8.24
I1_2026-03-15_como_roma,I1,2026-03-15,17:00,2026-03-15 17:00:00+00:00,Como,Roma,2,1,H,2.06,3.1,3.88
SP1_2026-03-15_betis_celta,SP1,2026-03-15,17:30,2026-03-15 17:30:00+00:00,Betis,Celta,1,1,D,2.02,3.32,3.73
D1_2026-03-15_stuttgart_rb-leipzig,D1,2026-03-15,18:30,2026-03-15 18:30:00+00:00,Stuttgart,RB Leipzig,1,0,H,2.4,3.91,2.54
F1_2026-03-15_rennes_lille,F1,2026-03-15,19:45,2026-03-15 19:45:00+00:00,Rennes,Lille,1,2,A,2.19,3.26,3.3
I1_2026-03-15_lazio_milan,I1,2026-03-15,19:45,2026-03-15 19:45:00+00:00,Lazio,Milan,1,0,H,4.46,3.45,1.81
SP1_2026-03-15_sociedad_osasuna,SP1,2026-03-15,20:00,2026-03-15 20:00:00+00:00,Sociedad,Osasuna,3,1,H,1.91,3.53,3.89
I1_2026-03-16_cremonese_fiorentina,I1,2026-03-16,19:45,2026-03-16 19:45:00+00:00,Cremonese,Fiorentina,1,4,A,4.18,3.36,1.89
E0_2026-03-16_brentford_wolves,E0,2026-03-16,20:00,2026-03-16 20:00:00+00:00,Brentford,Wolves,2,2,D,1.53,4.29,5.78
SP1_2026-03-16_vallecano_levante,SP1,2026-03-16,20:00,2026-03-16 20:00:00+00:00,Vallecano,Levante,1,1,D,1.8,3.55,4.45
I1_2026-03-20_cagliari_napoli,I1,2026-03-20,17:30,2026-03-20 17:30:00+00:00,Cagliari,Napoli,0,1,A,5.45,3.37,1.71
D1_2026-03-20_rb-leipzig_hoffenheim,D1,2026-03-20,19:30,2026-03-20 19:30:00+00:00,RB Leipzig,Hoffenheim,5,0,H,1.9,3.98,3.45
F1_2026-03-20_lens_angers,F1,2026-03-20,19:45,2026-03-20 19:45:00+00:00,Lens,Angers,5,1,H,1.2,6.54,13.04
I1_2026-03-20_genoa_udinese,I1,2026-03-20,19:45,2026-03-20 19:45:00+00:00,Genoa,Udinese,0,2,A,2.16,3.05,3.68
E0_2026-03-20_bournemouth_man-united,E0,2026-03-20,20:00,2026-03-20 20:00:00+00:00,Bournemouth,Man United,2,2,D,3.07,3.72,2.15
SP1_2026-03-20_villarreal_sociedad,SP1,2026-03-20,20:00,2026-03-20 20:00:00+00:00,Villarreal,Sociedad,3,1,H,1.92,3.62,3.74
E0_2026-03-21_brighton_liverpool,E0,2026-03-21,12:30,2026-03-21 12:30:00+00:00,Brighton,Liverpool,2,1,H,3.05,3.62,2.19
SP1_2026-03-21_elche_mallorca,SP1,2026-03-21,13:00,2026-03-21 13:00:00+00:00,Elche,Mallorca,2,1,H,2.05,3.37,3.55
I1_2026-03-21_parma_cremonese,I1,2026-03-21,14:00,2026-03-21 14:00:00+00:00,Parma,Cremonese,0,2,A,2.21,3.04,3.52
D1_2026-03-21_bayern-munich_union-berlin,D1,2026-03-21,14:30,2026-03-21 14:30:00+00:00,Bayern Munich,Union Berlin,4,0,H,1.13,8.67,15.22
D1_2026-03-21_fc-koln_m-gladbach,D1,2026-03-21,14:30,2026-03-21 14:30:00+00:00,FC Koln,M'gladbach,3,3,D,2.3,3.36,3.0
D1_2026-03-21_heidenheim_leverkusen,D1,2026-03-21,14:30,2026-03-21 14:30:00+00:00,Heidenheim,Leverkusen,3,3,D,5.25,4.58,1.52
D1_2026-03-21_wolfsburg_werder-bremen,D1,2026-03-21,14:30,2026-03-21 14:30:00+00:00,Wolfsburg,Werder Bremen,0,1,A,2.34,3.58,2.8
E0_2026-03-21_fulham_burnley,E0,2026-03-21,15:00,2026-03-21 15:00:00+00:00,Fulham,Burnley,3,1,H,1.52,4.29,5.92
SP1_2026-03-21_espanol_getafe,SP1,2026-03-21,15:15,2026-03-21 15:15:00+00:00,Espanol,Getafe,1,2,A,2.46,2.83,3.29
F1_2026-03-21_toulouse_lorient,F1,2026-03-21,16:00,2026-03-21 16:00:00+00:00,Toulouse,Lorient,1,0,H,1.8,3.35,4.71
I1_2026-03-21_milan_torino,I1,2026-03-21,17:00,2026-03-21 17:00:00+00:00,Milan,Torino,3,2,H,1.34,4.79,8.93
D1_2026-03-21_dortmund_hamburg,D1,2026-03-21,17:30,2026-03-21 17:30:00+00:00,Dortmund,Hamburg,3,2,H,1.41,4.78,6.89
E0_2026-03-21_everton_chelsea,E0,2026-03-21,17:30,2026-03-21 17:30:00+00:00,Everton,Chelsea,3,0,H,3.15,3.43,2.22
SP1_2026-03-21_levante_oviedo,SP1,2026-03-21,17:30,2026-03-21 17:30:00+00:00,Levante,Oviedo,4,2,H,2.29,3.19,3.18
SP1_2026-03-21_osasuna_girona,SP1,2026-03-21,17:30,2026-03-21 17:30:00+00:00,Osasuna,Girona,1,0,H,2.01,3.48,3.56
F1_2026-03-21_auxerre_brest,F1,2026-03-21,18:00,2026-03-21 18:00:00+00:00,Auxerre,Brest,3,0,H,2.27,3.1,3.33
I1_2026-03-21_juventus_sassuolo,I1,2026-03-21,19:45,2026-03-21 19:45:00+00:00,Juventus,Sassuolo,1,1,D,1.27,5.73,9.82
E0_2026-03-21_leeds_brentford,E0,2026-03-21,20:00,2026-03-21 20:00:00+00:00,Leeds,Brentford,0,0,D,2.35,3.41,2.95
SP1_2026-03-21_sevilla_valencia,SP1,2026-03-21,20:00,2026-03-21 20:00:00+00:00,Sevilla,Valencia,0,2,A,2.18,3.14,3.48
F1_2026-03-21_nice_paris-sg,F1,2026-03-21,20:05,2026-03-21 20:05:00+00:00,Nice,Paris SG,0,4,A,6.41,4.73,1.44
I1_2026-03-22_como_pisa,I1,2026-03-22,11:30,2026-03-22 11:30:00+00:00,Como,Pisa,5,0,H,1.29,5.34,10.1
E0_2026-03-22_newcastle_sunderland,E0,2026-03-22,12:00,2026-03-22 12:00:00+00:00,Newcastle,Sunderland,1,2,A,1.53,4.2,5.83
SP1_2026-03-22_barcelona_vallecano,SP1,2026-03-22,13:00,2026-03-22 13:00:00+00:00,Barcelona,Vallecano,1,0,H,1.2,7.1,11.1
F1_2026-03-22_lyon_monaco,F1,2026-03-22,14:00,2026-03-22 14:00:00+00:00,Lyon,Monaco,1,2,A,2.62,3.52,2.51
I1_2026-03-22_atalanta_verona,I1,2026-03-22,14:00,2026-03-22 14:00:00+00:00,Atalanta,Verona,1,0,H,1.37,4.59,8.55
I1_2026-03-22_bologna_lazio,I1,2026-03-22,14:00,2026-03-22 14:00:00+00:00,Bologna,Lazio,0,2,A,2.29,3.12,3.26
E0_2026-03-22_aston-villa_west-ham,E0,2026-03-22,14:15,2026-03-22 14:15:00+00:00,Aston Villa,West Ham,2,0,H,1.73,3.79,4.55
E0_2026-03-22_tottenham_nott-m-forest,E0,2026-03-22,14:15,2026-03-22 14:15:00+00:00,Tottenham,Nott'm Forest,0,3,A,2.37,3.29,3.0
D1_2026-03-22_mainz_ein-frankfurt,D1,2026-03-22,14:30,2026-03-22 14:30:00+00:00,Mainz,Ein Frankfurt,2,1,H,2.15,3.51,3.18
SP1_2026-03-22_celta_alaves,SP1,2026-03-22,15:15,2026-03-22 15:15:00+00:00,Celta,Alaves,3,4,A,1.95,3.25,4.17
F1_2026-03-22_marseille_lille,F1,2026-03-22,16:15,2026-03-22 16:15:00+00:00,Marseille,Lille,1,2,A,1.86,3.64,3.99
F1_2026-03-22_paris-fc_le-havre,F1,2026-03-22,16:15,2026-03-22 16:15:00+00:00,Paris FC,Le Havre,3,2,H,2.1,3.17,3.67
F1_2026-03-22_rennes_metz,F1,2026-03-22,16:15,2026-03-22 16:15:00+00:00,Rennes,Metz,0,0,D,1.29,5.58,9.16
D1_2026-03-22_st-pauli_freiburg,D1,2026-03-22,16:30,2026-03-22 16:30:00+00:00,St Pauli,Freiburg,1,2,A,2.66,3.0,2.8
I1_2026-03-22_roma_lecce,I1,2026-03-22,17:00,2026-03-22 17:00:00+00:00,Roma,Lecce,1,0,H,1.48,3.99,7.35
SP1_2026-03-22_ath-bilbao_betis,SP1,2026-03-22,17:30,2026-03-22 17:30:00+00:00,Ath Bilbao,Betis,2,1,H,2.0,3.48,3.61
D1_2026-03-22_augsburg_stuttgart,D1,2026-03-22,18:30,2026-03-22 18:30:00+00:00,Augsburg,Stuttgart,2,5,A,3.37,3.74,1.99
F1_2026-03-22_nantes_strasbourg,F1,2026-03-22,19:45,2026-03-22 19:45:00+00:00,Nantes,Strasbourg,2,3,A,3.43,3.42,2.08
I1_2026-03-22_fiorentina_inter,I1,2026-03-22,19:45,2026-03-22 19:45:00+00:00,Fiorentina,Inter,1,1,D,5.22,4.02,1.6
SP1_2026-03-22_real-madrid_ath-madrid,SP1,2026-03-22,20:00,2026-03-22 20:00:00+00:00,Real Madrid,Ath Madrid,3,2,H,2.0,3.8,3.32
F1_2026-04-03_paris-sg_toulouse,F1,2026-04-03,19:45,2026-04-03 18:45:00+00:00,Paris SG,Toulouse,3,1,H,1.27,5.82,9.61
SP1_2026-04-03_vallecano_elche,SP1,2026-04-03,20:00,2026-04-03 19:00:00+00:00,Vallecano,Elche,1,0,H,1.71,3.76,4.68
SP1_2026-04-04_sociedad_levante,SP1,2026-04-04,13:00,2026-04-04 12:00:00+00:00,Sociedad,Levante,2,0,H,1.57,4.24,5.24
I1_2026-04-04_sassuolo_cagliari,I1,2026-04-04,14:00,2026-04-04 13:00:00+00:00,Sassuolo,Cagliari,2,1,H,2.11,3.11,3.75
D1_2026-04-04_freiburg_bayern-munich,D1,2026-04-04,14:30,2026-04-04 13:30:00+00:00,Freiburg,Bayern Munich,2,3,A,5.43,4.61,1.5
D1_2026-04-04_hamburg_augsburg,D1,2026-04-04,14:30,2026-04-04 13:30:00+00:00,Hamburg,Augsburg,1,1,D,2.37,3.37,2.88
D1_2026-04-04_hoffenheim_mainz,D1,2026-04-04,14:30,2026-04-04 13:30:00+00:00,Hoffenheim,Mainz,1,2,A,1.7,3.95,4.52
D1_2026-04-04_leverkusen_wolfsburg,D1,2026-04-04,14:30,2026-04-04 13:30:00+00:00,Leverkusen,Wolfsburg,6,3,H,1.42,4.88,6.39
D1_2026-04-04_m-gladbach_heidenheim,D1,2026-04-04,14:30,2026-04-04 13:30:00+00:00,M'gladbach,Heidenheim,2,2,D,1.59,4.22,5.05
D1_2026-04-04_werder-bremen_rb-leipzig,D1,2026-04-04,14:30,2026-04-04 13:30:00+00:00,Werder Bremen,RB Leipzig,1,2,A,3.74,3.96,1.84
SP1_2026-04-04_mallorca_real-madrid,SP1,2026-04-04,15:15,2026-04-04 14:15:00+00:00,Mallorca,Real Madrid,2,1,H,5.41,4.41,1.53
F1_2026-04-04_strasbourg_nice,F1,2026-04-04,16:00,2026-04-04 15:00:00+00:00,Strasbourg,Nice,3,1,H,1.93,3.68,3.67
I1_2026-04-04_verona_fiorentina,I1,2026-04-04,17:00,2026-04-04 16:00:00+00:00,Verona,Fiorentina,0,1,A,3.91,3.13,2.05
D1_2026-04-04_stuttgart_dortmund,D1,2026-04-04,17:30,2026-04-04 16:30:00+00:00,Stuttgart,Dortmund,0,2,A,2.33,3.85,2.65
SP1_2026-04-04_betis_espanol,SP1,2026-04-04,17:30,2026-04-04 16:30:00+00:00,Betis,Espanol,0,0,D,1.78,3.72,4.34
F1_2026-04-04_brest_rennes,F1,2026-04-04,18:00,2026-04-04 17:00:00+00:00,Brest,Rennes,3,4,A,3.17,3.39,2.21
I1_2026-04-04_lazio_parma,I1,2026-04-04,19:45,2026-04-04 18:45:00+00:00,Lazio,Parma,1,1,D,1.92,3.2,4.35
SP1_2026-04-04_ath-madrid_barcelona,SP1,2026-04-04,20:00,2026-04-04 19:00:00+00:00,Ath Madrid,Barcelona,1,2,A,3.21,3.98,1.99
F1_2026-04-04_lille_lens,F1,2026-04-04,20:05,2026-04-04 19:05:00+00:00,Lille,Lens,3,0,H,2.82,3.38,2.4
SP1_2026-04-05_getafe_ath-bilbao,SP1,2026-04-05,13:00,2026-04-05 12:00:00+00:00,Getafe,Ath Bilbao,2,0,H,3.27,2.84,2.48
F1_2026-04-05_angers_lyon,F1,2026-04-05,14:00,2026-04-05 13:00:00+00:00,Angers,Lyon,0,0,D,5.4,4.01,1.59
I1_2026-04-05_cremonese_bologna,I1,2026-04-05,14:00,2026-04-05 13:00:00+00:00,Cremonese,Bologna,1,2,A,3.44,3.29,2.13
D1_2026-04-05_union-berlin_st-pauli,D1,2026-04-05,14:30,2026-04-05 13:30:00+00:00,Union Berlin,St Pauli,1,1,D,2.04,3.18,3.85
SP1_2026-04-05_valencia_celta,SP1,2026-04-05,15:15,2026-04-05 14:15:00+00:00,Valencia,Celta,2,3,A,2.33,3.22,3.11
F1_2026-04-05_le-havre_auxerre,F1,2026-04-05,16:15,2026-04-05 15:15:00+00:00,Le Havre,Auxerre,1,1,D,2.41,3.04,3.12
F1_2026-04-05_lorient_paris-fc,F1,2026-04-05,16:15,2026-04-05 15:15:00+00:00,Lorient,Paris FC,1,1,D,2.36,3.21,3.05
F1_2026-04-05_metz_nantes,F1,2026-04-05,16:15,2026-04-05 15:15:00+00:00,Metz,Nantes,0,0,D,2.81,3.27,2.48
D1_2026-04-05_ein-frankfurt_fc-koln,D1,2026-04-05,16:30,2026-04-05 15:30:00+00:00,Ein Frankfurt,FC Koln,2,2,D,1.9,3.7,3.72
I1_2026-04-05_pisa_torino,I1,2026-04-05,17:00,2026-04-05 16:00:00+00:00,Pisa,Torino,0,1,A,3.12,2.97,2.46
SP1_2026-04-05_oviedo_sevilla,SP1,2026-04-05,17:30,2026-04-05 16:30:00+00:00,Oviedo,Sevilla,1,0,H,2.79,2.93,2.75
F1_2026-04-05_monaco_marseille,F1,2026-04-05,19:45,2026-04-05 18:45:00+00:00,Monaco,Marseille,2,1,H,2.05,3.7,3.29
I1_2026-04-05_inter_roma,I1,2026-04-05,19:45,2026-04-05 18:45:00+00:00,Inter,Roma,5,2,H,1.56,3.98,5.81
SP1_2026-04-05_alaves_osasuna,SP1,2026-04-05,20:00,2026-04-05 19:00:00+00:00,Alaves,Osasuna,2,2,D,2.68,3.1,2.73
I1_2026-04-06_udinese_como,I1,2026-04-06,11:30,2026-04-06 10:30:00+00:00,Udinese,Como,0,0,D,5.4,3.75,1.63
I1_2026-04-06_lecce_atalanta,I1,2026-04-06,14:00,2026-04-06 13:00:00+00:00,Lecce,Atalanta,0,3,A,5.27,3.72,1.65
I1_2026-04-06_juventus_genoa,I1,2026-04-06,17:00,2026-04-06 16:00:00+00:00,Juventus,Genoa,2,0,H,1.37,4.71,8.27
I1_2026-04-06_napoli_milan,I1,2026-04-06,19:45,2026-04-06 18:45:00+00:00,Napoli,Milan,1,0,H,2.42,2.97,3.19
SP1_2026-04-06_girona_villarreal,SP1,2026-04-06,20:00,2026-04-06 19:00:00+00:00,Girona,Villarreal,1,0,H,2.93,3.53,2.3
F1_2026-04-10_paris-fc_monaco,F1,2026-04-10,18:00,2026-04-10 17:00:00+00:00,Paris FC,Monaco,4,1,H,3.75,3.7,1.89
D1_2026-04-10_augsburg_hoffenheim,D1,2026-04-10,19:30,2026-04-10 18:30:00+00:00,Augsburg,Hoffenheim,2,2,D,3.46,3.84,1.94
I1_2026-04-10_roma_pisa,I1,2026-04-10,19:45,2026-04-10 18:45:00+00:00,Roma,Pisa,3,0,H,1.36,4.76,8.4
E0_2026-04-10_west-ham_wolves,E0,2026-04-10,20:00,2026-04-10 19:00:00+00:00,West Ham,Wolves,4,0,H,1.77,3.74,4.38
SP1_2026-04-10_real-madrid_girona,SP1,2026-04-10,20:00,2026-04-10 19:00:00+00:00,Real Madrid,Girona,1,1,D,1.32,5.79,7.91
F1_2026-04-10_marseille_metz,F1,2026-04-10,20:05,2026-04-10 19:05:00+00:00,Marseille,Metz,3,1,H,1.23,6.48,10.0
E0_2026-04-11_arsenal_bournemouth,E0,2026-04-11,12:30,2026-04-11 11:30:00+00:00,Arsenal,Bournemouth,1,2,A,1.47,4.47,6.4
SP1_2026-04-11_sociedad_alaves,SP1,2026-04-11,13:00,2026-04-11 12:00:00+00:00,Sociedad,Alaves,3,3,D,1.82,3.59,4.23
I1_2026-04-11_cagliari_cremonese,I1,2026-04-11,14:00,2026-04-11 13:00:00+00:00,Cagliari,Cremonese,1,0,H,2.06,3.08,3.92
I1_2026-04-11_torino_verona,I1,2026-04-11,14:00,2026-04-11 13:00:00+00:00,Torino,Verona,2,1,H,1.94,3.2,4.2
D1_2026-04-11_dortmund_leverkusen,D1,2026-04-11,14:30,2026-04-11 13:30:00+00:00,Dortmund,Leverkusen,0,1,A,2.06,3.79,3.19
D1_2026-04-11_heidenheim_union-berlin,D1,2026-04-11,14:30,2026-04-11 13:30:00+00:00,Heidenheim,Union Berlin,3,1,H,2.74,3.39,2.47
D1_2026-04-11_rb-leipzig_m-gladbach,D1,2026-04-11,14:30,2026-04-11 13:30:00+00:00,RB Leipzig,M'gladbach,1,0,H,1.46,4.73,5.94
D1_2026-04-11_wolfsburg_ein-frankfurt,D1,2026-04-11,14:30,2026-04-11 13:30:00+00:00,Wolfsburg,Ein Frankfurt,1,2,A,2.46,3.62,2.6
E0_2026-04-11_brentford_everton,E0,2026-04-11,15:00,2026-04-11 14:00:00+00:00,Brentford,Everton,2,2,D,2.15,3.34,3.37
E0_2026-04-11_burnley_brighton,E0,2026-04-11,15:00,2026-04-11 14:00:00+00:00,Burnley,Brighton,0,2,A,5.29,4.13,1.59
SP1_2026-04-11_elche_valencia,SP1,2026-04-11,15:15,2026-04-11 14:15:00+00:00,Elche,Valencia,1,0,H,2.59,3.38,2.62
I1_2026-04-11_milan_udinese,I1,2026-04-11,17:00,2026-04-11 16:00:00+00:00,Milan,Udinese,0,3,A,1.42,4.4,7.5
D1_2026-04-11_st-pauli_bayern-munich,D1,2026-04-11,17:30,2026-04-11 16:30:00+00:00,St Pauli,Bayern Munich,0,5,A,8.22,5.53,1.31
E0_2026-04-11_liverpool_fulham,E0,2026-04-11,17:30,2026-04-11 16:30:00+00:00,Liverpool,Fulham,2,0,H,1.71,4.06,4.38
SP1_2026-04-11_barcelona_espanol,SP1,2026-04-11,17:30,2026-04-11 16:30:00+00:00,Barcelona,Espanol,4,1,H,1.3,5.64,8.46
F1_2026-04-11_auxerre_nantes,F1,2026-04-11,18:00,2026-04-11 17:00:00+00:00,Auxerre,Nantes,0,0,D,1.91,3.33,4.15
I1_2026-04-11_atalanta_juventus,I1,2026-04-11,19:45,2026-04-11 18:45:00+00:00,Atalanta,Juventus,0,1,A,3.01,3.4,2.28
SP1_2026-04-11_sevilla_ath-madrid,SP1,2026-04-11,20:00,2026-04-11 19:00:00+00:00,Sevilla,Ath Madrid,2,1,H,2.23,3.46,3.12
F1_2026-04-11_rennes_angers,F1,2026-04-11,20:05,2026-04-11 19:05:00+00:00,Rennes,Angers,2,1,H,1.34,5.01,8.65
I1_2026-04-12_genoa_sassuolo,I1,2026-04-12,11:30,2026-04-12 10:30:00+00:00,Genoa,Sassuolo,2,1,H,2.13,3.27,3.44
SP1_2026-04-12_osasuna_betis,SP1,2026-04-12,13:00,2026-04-12 12:00:00+00:00,Osasuna,Betis,1,1,D,2.25,3.37,3.1
E0_2026-04-12_crystal-palace_newcastle,E0,2026-04-12,14:00,2026-04-12 13:00:00+00:00,Crystal Palace,Newcastle,2,1,H,2.91,3.3,2.42
E0_2026-04-12_nott-m-forest_aston-villa,E0,2026-04-12,14:00,2026-04-12 13:00:00+00:00,Nott'm Forest,Aston Villa,1,1,D,2.35,3.32,2.99
E0_2026-04-12_sunderland_tottenham,E0,2026-04-12,14:00,2026-04-12 13:00:00+00:00,Sunderland,Tottenham,1,0,H,2.75,3.31,2.53
I1_2026-04-12_parma_napoli,I1,2026-04-12,14:00,2026-04-12 13:00:00+00:00,Parma,Napoli,1,1,D,6.74,3.65,1.56
D1_2026-04-12_fc-koln_werder-bremen,D1,2026-04-12,14:30,2026-04-12 13:30:00+00:00,FC Koln,Werder Bremen,3,1,H,2.29,3.38,3.01
SP1_2026-04-12_mallorca_vallecano,SP1,2026-04-12,15:15,2026-04-12 14:15:00+00:00,Mallorca,Vallecano,3,0,H,2.4,3.26,2.95
F1_2026-04-12_nice_le-havre,F1,2026-04-12,16:15,2026-04-12 15:15:00+00:00,Nice,Le Havre,1,1,D,1.88,3.31,4.35
F1_2026-04-12_toulouse_lille,F1,2026-04-12,16:15,2026-04-12 15:15:00+00:00,Toulouse,Lille,0,4,A,3.27,3.19,2.25
D1_2026-04-12_stuttgart_hamburg,D1,2026-04-12,16:30,2026-04-12 15:30:00+00:00,Stuttgart,Hamburg,4,0,H,1.28,5.93,8.84
E0_2026-04-12_chelsea_man-city,E0,2026-04-12,16:30,2026-04-12 15:30:00+00:00,Chelsea,Man City,0,3,A,3.48,3.89,1.94
I1_2026-04-12_bologna_lecce,I1,2026-04-12,17:00,2026-04-12 16:00:00+00:00,Bologna,Lecce,2,0,H,1.82,3.33,4.65
SP1_2026-04-12_celta_oviedo,SP1,2026-04-12,17:30,2026-04-12 16:30:00+00:00,Celta,Oviedo,0,3,A,1.72,3.52,4.94
D1_2026-04-12_mainz_freiburg,D1,2026-04-12,18:30,2026-04-12 17:30:00+00:00,Mainz,Freiburg,0,1,A,2.2,3.2,3.37
F1_2026-04-12_lyon_lorient,F1,2026-04-12,19:45,2026-04-12 18:45:00+00:00,Lyon,Lorient,2,0,H,1.62,3.97,5.09
I1_2026-04-12_como_inter,I1,2026-04-12,19:45,2026-04-12 18:45:00+00:00,Como,Inter,3,4,A,3.05,3.24,2.35
SP1_2026-04-12_ath-bilbao_villarreal,SP1,2026-04-12,20:00,2026-04-12 19:00:00+00:00,Ath Bilbao,Villarreal,1,2,A,2.03,3.46,3.55
I1_2026-04-13_fiorentina_lazio,I1,2026-04-13,19:45,2026-04-13 18:45:00+00:00,Fiorentina,Lazio,1,0,H,2.34,3.07,3.23
E0_2026-04-13_man-united_leeds,E0,2026-04-13,20:00,2026-04-13 19:00:00+00:00,Man United,Leeds,1,2,A,1.62,4.07,5.08
SP1_2026-04-13_levante_getafe,SP1,2026-04-13,20:00,2026-04-13 19:00:00+00:00,Levante,Getafe,1,0,H,2.61,2.95,2.94
I1_2026-04-17_sassuolo_como,I1,2026-04-17,17:30,2026-04-17 16:30:00+00:00,Sassuolo,Como,2,1,H,6.2,4.4,1.48
D1_2026-04-17_st-pauli_fc-koln,D1,2026-04-17,19:30,2026-04-17 18:30:00+00:00,St Pauli,FC Koln,1,1,D,2.82,3.25,2.48
F1_2026-04-17_lens_toulouse,F1,2026-04-17,19:45,2026-04-17 18:45:00+00:00,Lens,Toulouse,3,2,H,1.5,4.36,5.94
I1_2026-04-17_inter_cagliari,I1,2026-04-17,19:45,2026-04-17 18:45:00+00:00,Inter,Cagliari,3,0,H,1.23,6.19,12.08
E0_2026-04-18_brentford_fulham,E0,2026-04-18,12:30,2026-04-18 11:30:00+00:00,Brentford,Fulham,0,0,D,1.96,3.75,3.52
I1_2026-04-18_udinese_parma,I1,2026-04-18,14:00,2026-04-18 13:00:00+00:00,Udinese,Parma,0,1,A,2.17,2.93,3.85
D1_2026-04-18_hoffenheim_dortmund,D1,2026-04-18,14:30,2026-04-18 13:30:00+00:00,Hoffenheim,Dortmund,2,1,H,2.19,3.82,2.89
D1_2026-04-18_leverkusen_augsburg,D1,2026-04-18,14:30,2026-04-18 13:30:00+00:00,Leverkusen,Augsburg,1,2,A,1.38,5.2,6.74
D1_2026-04-18_union-berlin_wolfsburg,D1,2026-04-18,14:30,2026-04-18 13:30:00+00:00,Union Berlin,Wolfsburg,1,2,A,2.14,3.56,3.15
D1_2026-04-18_werder-bremen_hamburg,D1,2026-04-18,14:30,2026-04-18 13:30:00+00:00,Werder Bremen,Hamburg,3,1,H,1.79,3.78,4.18
E0_2026-04-18_leeds_wolves,E0,2026-04-18,15:00,2026-04-18 14:00:00+00:00,Leeds,Wolves,3,0,H,1.53,4.11,6.26
E0_2026-04-18_newcastle_bournemouth,E0,2026-04-18,15:00,2026-04-18 14:00:00+00:00,Newcastle,Bournemouth,1,2,A,2.18,3.67,3.04
F1_2026-04-18_lorient_marseille,F1,2026-04-18,16:00,2026-04-18 15:00:00+00:00,Lorient,Marseille,2,0,H,4.5,4.28,1.65
I1_2026-04-18_napoli_lazio,I1,2026-04-18,17:00,2026-04-18 16:00:00+00:00,Napoli,Lazio,0,2,A,1.51,3.96,6.86
D1_2026-04-18_ein-frankfurt_rb-leipzig,D1,2026-04-18,17:30,2026-04-18 16:30:00+00:00,Ein Frankfurt,RB Leipzig,1,3,A,2.9,3.89,2.16
E0_2026-04-18_tottenham_brighton,E0,2026-04-18,17:30,2026-04-18 16:30:00+00:00,Tottenham,Brighton,2,2,D,2.93,3.76,2.21
F1_2026-04-18_angers_le-havre,F1,2026-04-18,18:00,2026-04-18 17:00:00+00:00,Angers,Le Havre,1,1,D,3.21,3.01,2.39
I1_2026-04-18_roma_atalanta,I1,2026-04-18,19:45,2026-04-18 18:45:00+00:00,Roma,Atalanta,1,1,D,2.36,3.33,2.94
E0_2026-04-18_chelsea_man-united,E0,2026-04-18,20:00,2026-04-18 19:00:00+00:00,Chelsea,Man United,0,1,A,2.1,3.69,3.21
F1_2026-04-18_lille_nice,F1,2026-04-18,20:05,2026-04-18 19:05:00+00:00,Lille,Nice,0,0,D,1.49,4.37,6.06
I1_2026-04-19_cremonese_torino,I1,2026-04-19,11:30,2026-04-19 10:30:00+00:00,Cremonese,Torino,0,0,D,2.85,3.08,2.58
E0_2026-04-19_aston-villa_sunderland,E0,2026-04-19,14:00,2026-04-19 13:00:00+00:00,Aston Villa,Sunderland,4,3,H,1.73,3.66,4.8
E0_2026-04-19_everton_liverpool,E0,2026-04-19,14:00,2026-04-19 13:00:00+00:00,Everton,Liverpool,1,2,A,3.2,3.33,2.24
E0_2026-04-19_nott-m-forest_burnley,E0,2026-04-19,14:00,2026-04-19 13:00:00+00:00,Nott'm Forest,Burnley,4,1,H,1.46,4.39,6.84
F1_2026-04-19_monaco_auxerre,F1,2026-04-19,14:00,2026-04-19 13:00:00+00:00,Monaco,Auxerre,2,2,D,1.58,4.18,5.27
I1_2026-04-19_verona_milan,I1,2026-04-19,14:00,2026-04-19 13:00:00+00:00,Verona,Milan,0,1,A,6.36,3.98,1.53
D1_2026-04-19_freiburg_heidenheim,D1,2026-04-19,14:30,2026-04-19 13:30:00+00:00,Freiburg,Heidenheim,2,1,H,1.62,4.12,4.87
F1_2026-04-19_metz_paris-fc,F1,2026-04-19,16:15,2026-04-19 15:15:00+00:00,Metz,Paris FC,1,3,A,3.06,3.48,2.22
F1_2026-04-19_nantes_brest,F1,2026-04-19,16:15,2026-04-19 15:15:00+00:00,Nantes,Brest,1,1,D,2.37,3.22,3.02
F1_2026-04-19_strasbourg_rennes,F1,2026-04-19,16:15,2026-04-19 15:15:00+00:00,Strasbourg,Rennes,0,3,A,3.73,3.97,1.87
D1_2026-04-19_bayern-munich_stuttgart,D1,2026-04-19,16:30,2026-04-19 15:30:00+00:00,Bayern Munich,Stuttgart,4,2,H,1.46,5.16,5.45
E0_2026-04-19_man-city_arsenal,E0,2026-04-19,16:30,2026-04-19 15:30:00+00:00,Man City,Arsenal,2,1,H,1.84,3.59,4.22
I1_2026-04-19_pisa_genoa,I1,2026-04-19,17:00,2026-04-19 16:00:00+00:00,Pisa,Genoa,1,2,A,2.99,2.98,2.56
D1_2026-04-19_m-gladbach_mainz,D1,2026-04-19,18:30,2026-04-19 17:30:00+00:00,M'gladbach,Mainz,1,1,D,2.22,3.48,3.04
F1_2026-04-19_paris-sg_lyon,F1,2026-04-19,19:45,2026-04-19 18:45:00+00:00,Paris SG,Lyon,1,2,A,1.31,5.53,8.34
I1_2026-04-19_juventus_bologna,I1,2026-04-19,19:45,2026-04-19 18:45:00+00:00,Juventus,Bologna,2,0,H,1.44,4.54,6.78
I1_2026-04-20_lecce_fiorentina,I1,2026-04-20,19:45,2026-04-20 18:45:00+00:00,Lecce,Fiorentina,1,1,D,3.57,3.25,2.1
E0_2026-04-20_crystal-palace_west-ham,E0,2026-04-20,20:00,2026-04-20 19:00:00+00:00,Crystal Palace,West Ham,0,0,D,2.53,3.33,2.76
SP1_2026-04-21_ath-bilbao_osasuna,SP1,2026-04-21,18:00,2026-04-21 17:00:00+00:00,Ath Bilbao,Osasuna,1,0,H,1.84,3.42,4.37
SP1_2026-04-21_mallorca_valencia,SP1,2026-04-21,18:00,2026-04-21 17:00:00+00:00,Mallorca,Valencia,1,1,D,2.62,3.14,2.76
E0_2026-04-21_brighton_chelsea,E0,2026-04-21,20:00,2026-04-21 19:00:00+00:00,Brighton,Chelsea,3,0,H,2.28,3.43,3.01
SP1_2026-04-21_girona_betis,SP1,2026-04-21,20:30,2026-04-21 19:30:00+00:00,Girona,Betis,2,3,A,2.4,3.32,2.89
SP1_2026-04-21_real-madrid_alaves,SP1,2026-04-21,20:30,2026-04-21 19:30:00+00:00,Real Madrid,Alaves,2,1,H,1.2,7.26,11.65
F1_2026-04-22_paris-sg_nantes,F1,2026-04-22,18:00,2026-04-22 17:00:00+00:00,Paris SG,Nantes,3,0,H,1.15,7.93,14.88
SP1_2026-04-22_elche_ath-madrid,SP1,2026-04-22,18:00,2026-04-22 17:00:00+00:00,Elche,Ath Madrid,3,2,H,2.43,3.61,2.7
SP1_2026-04-22_sociedad_getafe,SP1,2026-04-22,19:00,2026-04-22 18:00:00+00:00,Sociedad,Getafe,0,1,A,2.21,3.02,3.58
E0_2026-04-22_bournemouth_leeds,E0,2026-04-22,20:00,2026-04-22 19:00:00+00:00,Bournemouth,Leeds,2,2,D,1.83,3.78,4.02
E0_2026-04-22_burnley_man-city,E0,2026-04-22,20:00,2026-04-22 19:00:00+00:00,Burnley,Man City,0,1,A,15.78,8.1,1.15
SP1_2026-04-22_barcelona_celta,SP1,2026-04-22,20:30,2026-04-22 19:30:00+00:00,Barcelona,Celta,1,0,H,1.22,6.88,10.23
SP1_2026-04-23_levante_sevilla,SP1,2026-04-23,18:00,2026-04-23 17:00:00+00:00,Levante,Sevilla,2,0,H,2.41,3.17,2.99
SP1_2026-04-23_vallecano_espanol,SP1,2026-04-23,19:00,2026-04-23 18:00:00+00:00,Vallecano,Espanol,1,0,H,2.07,3.29,3.58
SP1_2026-04-23_oviedo_villarreal,SP1,2026-04-23,20:30,2026-04-23 19:30:00+00:00,Oviedo,Villarreal,1,1,D,3.19,3.29,2.23
D1_2026-04-24_rb-leipzig_union-berlin,D1,2026-04-24,19:30,2026-04-24 18:30:00+00:00,RB Leipzig,Union Berlin,3,1,H,1.51,4.4,5.69
F1_2026-04-24_brest_lens,F1,2026-04-24,19:45,2026-04-24 18:45:00+00:00,Brest,Lens,3,3,D,5.71,4.18,1.53
I1_2026-04-24_napoli_cremonese,I1,2026-04-24,19:45,2026-04-24 18:45:00+00:00,Napoli,Cremonese,4,0,H,1.32,4.89,9.94
E0_2026-04-24_sunderland_nott-m-forest,E0,2026-04-24,20:00,2026-04-24 19:00:00+00:00,Sunderland,Nott'm Forest,0,5,A,2.66,3.1,2.75
SP1_2026-04-24_betis_real-madrid,SP1,2026-04-24,20:00,2026-04-24 19:00:00+00:00,Betis,Real Madrid,1,1,D,3.54,3.98,1.88
E0_2026-04-25_fulham_aston-villa,E0,2026-04-25,12:30,2026-04-25 11:30:00+00:00,Fulham,Aston Villa,1,0,H,2.43,3.55,2.7
SP1_2026-04-25_alaves_mallorca,SP1,2026-04-25,13:00,2026-04-25 12:00:00+00:00,Alaves,Mallorca,2,1,H,2.03,3.29,3.65
F1_2026-04-25_lyon_auxerre,F1,2026-04-25,14:00,2026-04-25 13:00:00+00:00,Lyon,Auxerre,3,2,H,1.61,3.95,5.14
I1_2026-04-25_parma_pisa,I1,2026-04-25,14:00,2026-04-25 13:00:00+00:00,Parma,Pisa,1,0,H,2.19,3.0,3.56
D1_2026-04-25_augsburg_ein-frankfurt,D1,2026-04-25,14:30,2026-04-25 13:30:00+00:00,Augsburg,Ein Frankfurt,1,1,D,2.36,3.69,2.67
D1_2026-04-25_fc-koln_leverkusen,D1,2026-04-25,14:30,2026-04-25 13:30:00+00:00,FC Koln,Leverkusen,1,2,A,3.52,3.92,1.89
D1_2026-04-25_heidenheim_st-pauli,D1,2026-04-25,14:30,2026-04-25 13:30:00+00:00,Heidenheim,St Pauli,2,0,H,2.29,3.37,2.95
D1_2026-04-25_mainz_bayern-munich,D1,2026-04-25,14:30,2026-04-25 13:30:00+00:00,Mainz,Bayern Munich,3,4,A,3.63,4.22,1.79
D1_2026-04-25_wolfsburg_m-gladbach,D1,2026-04-25,14:30,2026-04-25 13:30:00+00:00,Wolfsburg,M'gladbach,0,0,D,2.12,3.65,3.09
E0_2026-04-25_liverpool_crystal-palace,E0,2026-04-25,15:00,2026-04-25 14:00:00+00:00,Liverpool,Crystal Palace,3,1,H,1.56,4.37,5.21
E0_2026-04-25_west-ham_everton,E0,2026-04-25,15:00,2026-04-25 14:00:00+00:00,West Ham,Everton,2,1,H,2.42,3.38,2.82
E0_2026-04-25_wolves_tottenham,E0,2026-04-25,15:00,2026-04-25 14:00:00+00:00,Wolves,Tottenham,0,1,A,4.62,4.17,1.64
SP1_2026-04-25_getafe_barcelona,SP1,2026-04-25,15:15,2026-04-25 14:15:00+00:00,Getafe,Barcelona,0,2,A,5.59,3.84,1.59
I1_2026-04-25_bologna_roma,I1,2026-04-25,17:00,2026-04-25 16:00:00+00:00,Bologna,Roma,0,2,A,3.44,3.25,2.13
D1_2026-04-25_hamburg_hoffenheim,D1,2026-04-25,17:30,2026-04-25 16:30:00+00:00,Hamburg,Hoffenheim,1,2,A,4.34,4.16,1.67
E0_2026-04-25_arsenal_newcastle,E0,2026-04-25,17:30,2026-04-25 16:30:00+00:00,Arsenal,Newcastle,1,0,H,1.38,4.87,7.59
SP1_2026-04-25_valencia_girona,SP1,2026-04-25,17:30,2026-04-25 16:30:00+00:00,Valencia,Girona,2,1,H,2.26,3.22,3.19
F1_2026-04-25_angers_paris-sg,F1,2026-04-25,18:00,2026-04-25 17:00:00+00:00,Angers,Paris SG,0,3,A,11.05,6.11,1.23
I1_2026-04-25_verona_lecce,I1,2026-04-25,19:45,2026-04-25 18:45:00+00:00,Verona,Lecce,0,0,D,2.51,2.9,3.1
SP1_2026-04-25_ath-madrid_ath-bilbao,SP1,2026-04-25,20:00,2026-04-25 19:00:00+00:00,Ath Madrid,Ath Bilbao,3,2,H,2.03,3.53,3.44
F1_2026-04-25_toulouse_monaco,F1,2026-04-25,20:05,2026-04-25 19:05:00+00:00,Toulouse,Monaco,2,2,D,4.31,4.01,1.71
I1_2026-04-26_fiorentina_sassuolo,I1,2026-04-26,11:30,2026-04-26 10:30:00+00:00,Fiorentina,Sassuolo,0,0,D,2.01,3.32,3.69
SP1_2026-04-26_vallecano_sociedad,SP1,2026-04-26,13:00,2026-04-26 12:00:00+00:00,Vallecano,Sociedad,3,3,D,2.59,3.37,2.61
F1_2026-04-26_lorient_strasbourg,F1,2026-04-26,14:00,2026-04-26 13:00:00+00:00,Lorient,Strasbourg,2,3,A,2.08,3.59,3.21
I1_2026-04-26_genoa_como,I1,2026-04-26,14:00,2026-04-26 13:00:00+00:00,Genoa,Como,0,2,A,5.62,3.86,1.58
D1_2026-04-26_stuttgart_werder-bremen,D1,2026-04-26,14:30,2026-04-26 13:30:00+00:00,Stuttgart,Werder Bremen,1,1,D,1.52,4.5,5.29
SP1_2026-04-26_oviedo_elche,SP1,2026-04-26,15:15,2026-04-26 14:15:00+00:00,Oviedo,Elche,1,2,A,2.24,3.23,3.23
F1_2026-04-26_le-havre_metz,F1,2026-04-26,16:15,2026-04-26 15:15:00+00:00,Le Havre,Metz,4,4,D,1.57,4.19,5.21
F1_2026-04-26_paris-fc_lille,F1,2026-04-26,16:15,2026-04-26 15:15:00+00:00,Paris FC,Lille,0,1,A,4.63,3.84,1.7
F1_2026-04-26_rennes_nantes,F1,2026-04-26,16:15,2026-04-26 15:15:00+00:00,Rennes,Nantes,2,1,H,1.45,4.5,6.5
D1_2026-04-26_dortmund_freiburg,D1,2026-04-26,16:30,2026-04-26 15:30:00+00:00,Dortmund,Freiburg,4,0,H,1.41,4.88,6.62
I1_2026-04-26_torino_inter,I1,2026-04-26,17:00,2026-04-26 16:00:00+00:00,Torino,Inter,2,2,D,7.38,4.81,1.38
SP1_2026-04-26_osasuna_sevilla,SP1,2026-04-26,17:30,2026-04-26 16:30:00+00:00,Osasuna,Sevilla,2,1,H,1.9,3.33,4.18
F1_2026-04-26_marseille_nice,F1,2026-04-26,19:45,2026-04-26 18:45:00+00:00,Marseille,Nice,1,1,D,1.7,3.97,4.43
I1_2026-04-26_milan_juventus,I1,2026-04-26,19:45,2026-04-26 18:45:00+00:00,Milan,Juventus,0,0,D,2.68,3.07,2.71
SP1_2026-04-26_villarreal_celta,SP1,2026-04-26,20:00,2026-04-26 19:00:00+00:00,Villarreal,Celta,2,1,H,1.89,3.64,3.83
I1_2026-04-27_cagliari_atalanta,I1,2026-04-27,17:30,2026-04-27 16:30:00+00:00,Cagliari,Atalanta,3,2,H,4.65,3.71,1.71
I1_2026-04-27_lazio_udinese,I1,2026-04-27,19:45,2026-04-27 18:45:00+00:00,Lazio,Udinese,3,3,D,2.25,3.05,3.4
E0_2026-04-27_man-united_brentford,E0,2026-04-27,20:00,2026-04-27 19:00:00+00:00,Man United,Brentford,2,1,H,1.96,3.73,3.53
SP1_2026-04-27_espanol_levante,SP1,2026-04-27,20:00,2026-04-27 19:00:00+00:00,Espanol,Levante,0,0,D,2.11,3.3,3.47
I1_2026-05-01_pisa_lecce,I1,2026-05-01,19:45,2026-05-01 18:45:00+00:00,Pisa,Lecce,1,2,A,3.32,2.91,2.37
E0_2026-05-01_leeds_burnley,E0,2026-05-01,20:00,2026-05-01 19:00:00+00:00,Leeds,Burnley,3,1,H,1.36,4.93,8.54
SP1_2026-05-01_girona_mallorca,SP1,2026-05-01,20:00,2026-05-01 19:00:00+00:00,Girona,Mallorca,0,1,A,1.91,3.49,3.91
SP1_2026-05-02_villarreal_levante,SP1,2026-05-02,13:00,2026-05-02 12:00:00+00:00,Villarreal,Levante,5,1,H,1.73,4.09,4.04
F1_2026-05-02_nantes_marseille,F1,2026-05-02,14:00,2026-05-02 13:00:00+00:00,Nantes,Marseille,3,0,H,3.61,3.82,1.89
I1_2026-05-02_udinese_torino,I1,2026-05-02,14:00,2026-05-02 13:00:00+00:00,Udinese,Torino,2,0,H,1.98,3.31,3.84
D1_2026-05-02_bayern-munich_heidenheim,D1,2026-05-02,14:30,2026-05-02 13:30:00+00:00,Bayern Munich,Heidenheim,3,3,D,1.26,6.59,8.53
D1_2026-05-02_ein-frankfurt_hamburg,D1,2026-05-02,14:30,2026-05-02 13:30:00+00:00,Ein Frankfurt,Hamburg,1,2,A,1.66,4.16,4.42
D1_2026-05-02_hoffenheim_stuttgart,D1,2026-05-02,14:30,2026-05-02 13:30:00+00:00,Hoffenheim,Stuttgart,3,3,D,2.16,3.98,2.82
D1_2026-05-02_union-berlin_fc-koln,D1,2026-05-02,14:30,2026-05-02 13:30:00+00:00,Union Berlin,FC Koln,2,2,D,2.61,3.37,2.58
D1_2026-05-02_werder-bremen_augsburg,D1,2026-05-02,14:30,2026-05-02 13:30:00+00:00,Werder Bremen,Augsburg,1,3,A,1.93,3.82,3.48
E0_2026-05-02_brentford_west-ham,E0,2026-05-02,15:00,2026-05-02 14:00:00+00:00,Brentford,West Ham,3,0,H,1.86,3.86,3.8
E0_2026-05-02_newcastle_brighton,E0,2026-05-02,15:00,2026-05-02 14:00:00+00:00,Newcastle,Brighton,3,1,H,2.66,3.6,2.46
E0_2026-05-02_wolves_sunderland,E0,2026-05-02,15:00,2026-05-02 14:00:00+00:00,Wolves,Sunderland,1,1,D,3.67,3.52,1.98
SP1_2026-05-02_valencia_ath-madrid,SP1,2026-05-02,15:15,2026-05-02 14:15:00+00:00,Valencia,Ath Madrid,0,2,A,1.69,3.82,4.67
F1_2026-05-02_paris-sg_lorient,F1,2026-05-02,16:00,2026-05-02 15:00:00+00:00,Paris SG,Lorient,2,2,D,1.33,5.47,7.68
I1_2026-05-02_como_napoli,I1,2026-05-02,17:00,2026-05-02 16:00:00+00:00,Como,Napoli,0,0,D,2.21,3.17,3.34
D1_2026-05-02_leverkusen_rb-leipzig,D1,2026-05-02,17:30,2026-05-02 16:30:00+00:00,Leverkusen,RB Leipzig,4,1,H,2.09,4.0,2.93
E0_2026-05-02_arsenal_fulham,E0,2026-05-02,17:30,2026-05-02 16:30:00+00:00,Arsenal,Fulham,3,0,H,1.45,4.42,7.02
SP1_2026-05-02_alaves_ath-bilbao,SP1,2026-05-02,17:30,2026-05-02 16:30:00+00:00,Alaves,Ath Bilbao,2,4,A,2.74,3.22,2.56
F1_2026-05-02_metz_monaco,F1,2026-05-02,18:00,2026-05-02 17:00:00+00:00,Metz,Monaco,1,2,A,7.12,5.65,1.33
I1_2026-05-02_atalanta_genoa,I1,2026-05-02,19:45,2026-05-02 18:45:00+00:00,Atalanta,Genoa,0,0,D,1.48,4.33,6.1
SP1_2026-05-02_osasuna_barcelona,SP1,2026-05-02,20:00,2026-05-02 19:00:00+00:00,Osasuna,Barcelona,1,2,A,4.67,4.16,1.64
F1_2026-05-02_nice_lens,F1,2026-05-02,20:05,2026-05-02 19:05:00+00:00,Nice,Lens,1,1,D,4.55,4.16,1.65
I1_2026-05-03_bologna_cagliari,I1,2026-05-03,11:30,2026-05-03 10:30:00+00:00,Bologna,Cagliari,0,0,D,2.2,3.08,3.44
SP1_2026-05-03_celta_elche,SP1,2026-05-03,13:00,2026-05-03 12:00:00+00:00,Celta,Elche,3,1,H,1.69,3.86,4.62
E0_2026-05-03_bournemouth_crystal-palace,E0,2026-05-03,14:00,2026-05-03 13:00:00+00:00,Bournemouth,Crystal Palace,3,0,H,1.56,4.23,5.36
F1_2026-05-03_lille_le-havre,F1,2026-05-03,14:00,2026-05-03 13:00:00+00:00,Lille,Le Havre,1,1,D,1.35,4.72,8.52
I1_2026-05-03_sassuolo_milan,I1,2026-05-03,14:00,2026-05-03 13:00:00+00:00,Sassuolo,Milan,2,0,H,4.58,3.93,1.67
D1_2026-05-03_st-pauli_mainz,D1,2026-05-03,14:30,2026-05-03 13:30:00+00:00,St Pauli,Mainz,1,2,A,2.75,3.26,2.51
SP1_2026-05-03_getafe_vallecano,SP1,2026-05-03,15:15,2026-05-03 14:15:00+00:00,Getafe,Vallecano,0,2,A,2.02,3.03,4.15
E0_2026-05-03_man-united_liverpool,E0,2026-05-03,15:30,2026-05-03 14:30:00+00:00,Man United,Liverpool,3,2,H,2.35,3.71,2.74
F1_2026-05-03_auxerre_angers,F1,2026-05-03,16:15,2026-05-03 15:15:00+00:00,Auxerre,Angers,3,1,H,1.72,3.65,4.77
F1_2026-05-03_paris-fc_brest,F1,2026-05-03,16:15,2026-05-03 15:15:00+00:00,Paris FC,Brest,4,0,H,1.84,3.75,3.89
F1_2026-05-03_strasbourg_toulouse,F1,2026-05-03,16:15,2026-05-03 15:15:00+00:00,Strasbourg,Toulouse,1,2,A,2.97,3.48,2.25
D1_2026-05-03_m-gladbach_dortmund,D1,2026-05-03,16:30,2026-05-03 15:30:00+00:00,M'gladbach,Dortmund,1,0,H,3.64,3.82,1.89
I1_2026-05-03_juventus_verona,I1,2026-05-03,17:00,2026-05-03 16:00:00+00:00,Juventus,Verona,1,1,D,1.17,7.01,15.0
SP1_2026-05-03_betis_oviedo,SP1,2026-05-03,17:30,2026-05-03 16:30:00+00:00,Betis,Oviedo,3,0,H,1.54,4.1,5.85
D1_2026-05-03_freiburg_wolfsburg,D1,2026-05-03,18:30,2026-05-03 17:30:00+00:00,Freiburg,Wolfsburg,1,1,D,2.05,3.59,3.31
E0_2026-05-03_aston-villa_tottenham,E0,2026-05-03,19:00,2026-05-03 18:00:00+00:00,Aston Villa,Tottenham,1,2,A,2.24,3.54,2.99
F1_2026-05-03_lyon_rennes,F1,2026-05-03,19:45,2026-05-03 18:45:00+00:00,Lyon,Rennes,4,2,H,2.05,3.76,3.16
I1_2026-05-03_inter_parma,I1,2026-05-03,19:45,2026-05-03 18:45:00+00:00,Inter,Parma,2,0,H,1.19,6.67,12.91
SP1_2026-05-03_espanol_real-madrid,SP1,2026-05-03,20:00,2026-05-03 19:00:00+00:00,Espanol,Real Madrid,0,2,A,4.31,3.8,1.75
E0_2026-05-04_chelsea_nott-m-forest,E0,2026-05-04,15:00,2026-05-04 14:00:00+00:00,Chelsea,Nott'm Forest,1,3,A,1.41,4.78,7.11
I1_2026-05-04_cremonese_lazio,I1,2026-05-04,17:30,2026-05-04 16:30:00+00:00,Cremonese,Lazio,1,2,A,3.11,3.14,2.34
I1_2026-05-04_roma_fiorentina,I1,2026-05-04,19:45,2026-05-04 18:45:00+00:00,Roma,Fiorentina,4,0,H,1.51,4.13,6.16
E0_2026-05-04_everton_man-city,E0,2026-05-04,20:00,2026-05-04 19:00:00+00:00,Everton,Man City,3,3,D,6.69,4.61,1.44
SP1_2026-05-04_sevilla_sociedad,SP1,2026-05-04,20:00,2026-05-04 19:00:00+00:00,Sevilla,Sociedad,1,0,H,2.37,3.19,3.03
D1_2026-05-08_dortmund_ein-frankfurt,D1,2026-05-08,19:30,2026-05-08 18:30:00+00:00,Dortmund,Ein Frankfurt,3,2,H,1.7,4.24,4.13
F1_2026-05-08_lens_nantes,F1,2026-05-08,19:45,2026-05-08 18:45:00+00:00,Lens,Nantes,1,0,H,1.44,4.78,6.17
I1_2026-05-08_torino_sassuolo,I1,2026-05-08,19:45,2026-05-08 18:45:00+00:00,Torino,Sassuolo,2,1,H,2.71,3.18,2.6
SP1_2026-05-08_levante_osasuna,SP1,2026-05-08,20:00,2026-05-08 19:00:00+00:00,Levante,Osasuna,3,2,H,2.53,3.24,2.76
E0_2026-05-09_liverpool_chelsea,E0,2026-05-09,12:30,2026-05-09 11:30:00+00:00,Liverpool,Chelsea,1,1,D,1.99,3.69,3.48
SP1_2026-05-09_elche_alaves,SP1,2026-05-09,13:00,2026-05-09 12:00:00+00:00,Elche,Alaves,1,1,D,2.23,3.21,3.27
I1_2026-05-09_cagliari_udinese,I1,2026-05-09,14:00,2026-05-09 13:00:00+00:00,Cagliari,Udinese,0,2,A,2.51,3.06,2.94
D1_2026-05-09_augsburg_m-gladbach,D1,2026-05-09,14:30,2026-05-09 13:30:00+00:00,Augsburg,M'gladbach,3,1,H,1.91,3.9,3.46
D1_2026-05-09_hoffenheim_werder-bremen,D1,2026-05-09,14:30,2026-05-09 13:30:00+00:00,Hoffenheim,Werder Bremen,1,0,H,1.48,4.87,5.42
D1_2026-05-09_rb-leipzig_st-pauli,D1,2026-05-09,14:30,2026-05-09 13:30:00+00:00,RB Leipzig,St Pauli,2,1,H,1.27,6.01,9.02
D1_2026-05-09_stuttgart_leverkusen,D1,2026-05-09,14:30,2026-05-09 13:30:00+00:00,Stuttgart,Leverkusen,3,1,H,1.99,4.12,3.12
E0_2026-05-09_brighton_wolves,E0,2026-05-09,15:00,2026-05-09 14:00:00+00:00,Brighton,Wolves,3,0,H,1.27,5.95,9.93
E0_2026-05-09_fulham_bournemouth,E0,2026-05-09,15:00,2026-05-09 14:00:00+00:00,Fulham,Bournemouth,0,1,A,2.63,3.6,2.47
E0_2026-05-09_sunderland_man-united,E0,2026-05-09,15:00,2026-05-09 14:00:00+00:00,Sunderland,Man United,0,0,D,3.21,3.51,2.15
SP1_2026-05-09_sevilla_espanol,SP1,2026-05-09,15:15,2026-05-09 14:15:00+00:00,Sevilla,Espanol,2,1,H,1.98,3.16,4.13
I1_2026-05-09_lazio_inter,I1,2026-05-09,17:00,2026-05-09 16:00:00+00:00,Lazio,Inter,0,3,A,4.1,3.58,1.84
D1_2026-05-09_wolfsburg_bayern-munich,D1,2026-05-09,17:30,2026-05-09 16:30:00+00:00,Wolfsburg,Bayern Munich,0,1,A,5.28,5.16,1.46
E0_2026-05-09_man-city_brentford,E0,2026-05-09,17:30,2026-05-09 16:30:00+00:00,Man City,Brentford,3,0,H,1.34,5.57,7.32
SP1_2026-05-09_ath-madrid_celta,SP1,2026-05-09,17:30,2026-05-09 16:30:00+00:00,Ath Madrid,Celta,0,1,A,1.84,3.7,3.98
I1_2026-05-09_lecce_juventus,I1,2026-05-09,19:45,2026-05-09 18:45:00+00:00,Lecce,Juventus,0,1,A,8.21,4.42,1.39
SP1_2026-05-09_sociedad_betis,SP1,2026-05-09,20:00,2026-05-09 19:00:00+00:00,Sociedad,Betis,2,2,D,2.5,3.49,2.64
I1_2026-05-10_verona_como,I1,2026-05-10,11:30,2026-05-10 10:30:00+00:00,Verona,Como,0,1,A,8.29,4.57,1.37
SP1_2026-05-10_mallorca_villarreal,SP1,2026-05-10,13:00,2026-05-10 12:00:00+00:00,Mallorca,Villarreal,1,1,D,2.43,3.41,2.75
E0_2026-05-10_burnley_aston-villa,E0,2026-05-10,14:00,2026-05-10 13:00:00+00:00,Burnley,Aston Villa,2,2,D,6.34,4.42,1.48
E0_2026-05-10_crystal-palace_everton,E0,2026-05-10,14:00,2026-05-10 13:00:00+00:00,Crystal Palace,Everton,2,2,D,2.78,3.25,2.54
E0_2026-05-10_nott-m-forest_newcastle,E0,2026-05-10,14:00,2026-05-10 13:00:00+00:00,Nott'm Forest,Newcastle,1,1,D,3.27,3.44,2.15
I1_2026-05-10_cremonese_pisa,I1,2026-05-10,14:00,2026-05-10 13:00:00+00:00,Cremonese,Pisa,3,0,H,1.84,3.5,4.18
I1_2026-05-10_fiorentina_genoa,I1,2026-05-10,14:00,2026-05-10 13:00:00+00:00,Fiorentina,Genoa,0,0,D,2.0,3.31,3.79
D1_2026-05-10_hamburg_freiburg,D1,2026-05-10,14:30,2026-05-10 13:30:00+00:00,Hamburg,Freiburg,3,2,H,2.94,3.59,2.23
SP1_2026-05-10_ath-bilbao_valencia,SP1,2026-05-10,15:15,2026-05-10 14:15:00+00:00,Ath Bilbao,Valencia,0,1,A,1.65,3.71,5.29
D1_2026-05-10_fc-koln_heidenheim,D1,2026-05-10,16:30,2026-05-10 15:30:00+00:00,FC Koln,Heidenheim,1,3,A,2.02,4.05,3.08
E0_2026-05-10_west-ham_arsenal,E0,2026-05-10,16:30,2026-05-10 15:30:00+00:00,West Ham,Arsenal,0,1,A,5.83,4.14,1.54
I1_2026-05-10_parma_roma,I1,2026-05-10,17:00,2026-05-10 16:00:00+00:00,Parma,Roma,2,3,A,8.47,4.46,1.38
SP1_2026-05-10_oviedo_getafe,SP1,2026-05-10,17:30,2026-05-10 16:30:00+00:00,Oviedo,Getafe,0,0,D,2.78,2.83,2.83
D1_2026-05-10_mainz_union-berlin,D1,2026-05-10,18:30,2026-05-10 17:30:00+00:00,Mainz,Union Berlin,1,3,A,1.66,4.27,4.34
I1_2026-05-10_milan_atalanta,I1,2026-05-10,19:45,2026-05-10 18:45:00+00:00,Milan,Atalanta,2,3,A,2.23,3.28,3.19
F1_2026-05-10_angers_strasbourg,F1,2026-05-10,20:00,2026-05-10 19:00:00+00:00,Angers,Strasbourg,1,1,D,2.64,3.45,2.5
F1_2026-05-10_auxerre_nice,F1,2026-05-10,20:00,2026-05-10 19:00:00+00:00,Auxerre,Nice,2,1,H,2.31,3.33,2.97
F1_2026-05-10_le-havre_marseille,F1,2026-05-10,20:00,2026-05-10 19:00:00+00:00,Le Havre,Marseille,0,1,A,3.61,3.78,1.89
F1_2026-05-10_metz_lorient,F1,2026-05-10,20:00,2026-05-10 19:00:00+00:00,Metz,Lorient,0,4,A,2.86,3.58,2.28
F1_2026-05-10_monaco_lille,F1,2026-05-10,20:00,2026-05-10 19:00:00+00:00,Monaco,Lille,0,1,A,2.53,3.59,2.53
F1_2026-05-10_paris-sg_brest,F1,2026-05-10,20:00,2026-05-10 19:00:00+00:00,Paris SG,Brest,1,0,H,1.19,7.29,11.47
F1_2026-05-10_rennes_paris-fc,F1,2026-05-10,20:00,2026-05-10 19:00:00+00:00,Rennes,Paris FC,2,1,H,1.53,4.6,5.04
F1_2026-05-10_toulouse_lyon,F1,2026-05-10,20:00,2026-05-10 19:00:00+00:00,Toulouse,Lyon,2,1,H,3.89,3.74,1.84
SP1_2026-05-10_barcelona_real-madrid,SP1,2026-05-10,20:00,2026-05-10 19:00:00+00:00,Barcelona,Real Madrid,2,0,H,1.64,4.6,4.18
I1_2026-05-11_napoli_bologna,I1,2026-05-11,19:45,2026-05-11 18:45:00+00:00,Napoli,Bologna,2,3,A,1.53,4.01,6.01
E0_2026-05-11_tottenham_leeds,E0,2026-05-11,20:00,2026-05-11 19:00:00+00:00,Tottenham,Leeds,1,1,D,1.81,3.73,4.15
SP1_2026-05-11_vallecano_girona,SP1,2026-05-11,20:00,2026-05-11 19:00:00+00:00,Vallecano,Girona,1,1,D,2.22,3.24,3.25
SP1_2026-05-12_celta_levante,SP1,2026-05-12,18:00,2026-05-12 17:00:00+00:00,Celta,Levante,2,3,A,1.89,3.68,3.82
SP1_2026-05-12_betis_elche,SP1,2026-05-12,19:00,2026-05-12 18:00:00+00:00,Betis,Elche,2,1,H,1.6,4.15,4.95
SP1_2026-05-12_osasuna_ath-madrid,SP1,2026-05-12,20:30,2026-05-12 19:30:00+00:00,Osasuna,Ath Madrid,1,2,A,2.59,3.44,2.58
F1_2026-05-13_brest_strasbourg,F1,2026-05-13,18:00,2026-05-13 17:00:00+00:00,Brest,Strasbourg,1,2,A,3.24,3.56,2.09
SP1_2026-05-13_espanol_ath-bilbao,SP1,2026-05-13,18:00,2026-05-13 17:00:00+00:00,Espanol,Ath Bilbao,2,0,H,2.74,2.91,2.75
SP1_2026-05-13_villarreal_sevilla,SP1,2026-05-13,18:00,2026-05-13 17:00:00+00:00,Villarreal,Sevilla,2,3,A,2.07,3.33,3.46
E0_2026-05-13_man-city_crystal-palace,E0,2026-05-13,20:00,2026-05-13 19:00:00+00:00,Man City,Crystal Palace,3,0,H,1.3,5.7,8.53
F1_2026-05-13_lens_paris-sg,F1,2026-05-13,20:00,2026-05-13 19:00:00+00:00,Lens,Paris SG,0,2,A,3.09,4.01,2.01
SP1_2026-05-13_alaves_barcelona,SP1,2026-05-13,20:30,2026-05-13 19:30:00+00:00,Alaves,Barcelona,1,0,H,2.98,3.69,2.15
SP1_2026-05-13_getafe_mallorca,SP1,2026-05-13,20:30,2026-05-13 19:30:00+00:00,Getafe,Mallorca,3,1,H,2.29,2.88,3.48
SP1_2026-05-14_valencia_vallecano,SP1,2026-05-14,18:00,2026-05-14 17:00:00+00:00,Valencia,Vallecano,1,1,D,2.27,3.05,3.31
SP1_2026-05-14_girona_sociedad,SP1,2026-05-14,19:00,2026-05-14 18:00:00+00:00,Girona,Sociedad,1,1,D,1.91,3.67,3.65
SP1_2026-05-14_real-madrid_oviedo,SP1,2026-05-14,20:30,2026-05-14 19:30:00+00:00,Real Madrid,Oviedo,2,0,H,1.21,6.51,11.28
E0_2026-05-15_aston-villa_liverpool,E0,2026-05-15,20:00,2026-05-15 19:00:00+00:00,Aston Villa,Liverpool,4,2,H,2.68,3.42,2.5
D1_2026-05-16_bayern-munich_fc-koln,D1,2026-05-16,14:30,2026-05-16 13:30:00+00:00,Bayern Munich,FC Koln,5,1,H,1.14,9.11,12.56
D1_2026-05-16_ein-frankfurt_stuttgart,D1,2026-05-16,14:30,2026-05-16 13:30:00+00:00,Ein Frankfurt,Stuttgart,2,2,D,3.48,4.24,1.82
D1_2026-05-16_freiburg_rb-leipzig,D1,2026-05-16,14:30,2026-05-16 13:30:00+00:00,Freiburg,RB Leipzig,4,1,H,2.44,3.72,2.53
D1_2026-05-16_heidenheim_mainz,D1,2026-05-16,14:30,2026-05-16 13:30:00+00:00,Heidenheim,Mainz,0,2,A,1.92,4.04,3.28
D1_2026-05-16_leverkusen_hamburg,D1,2026-05-16,14:30,2026-05-16 13:30:00+00:00,Leverkusen,Hamburg,1,1,D,1.27,6.19,8.28
D1_2026-05-16_m-gladbach_hoffenheim,D1,2026-05-16,14:30,2026-05-16 13:30:00+00:00,M'gladbach,Hoffenheim,4,0,H,4.37,4.43,1.62
D1_2026-05-16_st-pauli_wolfsburg,D1,2026-05-16,14:30,2026-05-16 13:30:00+00:00,St Pauli,Wolfsburg,1,3,A,2.56,3.56,2.51
D1_2026-05-16_union-berlin_augsburg,D1,2026-05-16,14:30,2026-05-16 13:30:00+00:00,Union Berlin,Augsburg,4,0,H,2.51,3.95,2.38
D1_2026-05-16_werder-bremen_dortmund,D1,2026-05-16,14:30,2026-05-16 13:30:00+00:00,Werder Bremen,Dortmund,0,2,A,3.12,3.94,2.01
I1_2026-05-17_como_parma,I1,2026-05-17,11:00,2026-05-17 10:00:00+00:00,Como,Parma,1,0,H,1.23,5.83,12.06
I1_2026-05-17_genoa_milan,I1,2026-05-17,11:00,2026-05-17 10:00:00+00:00,Genoa,Milan,1,2,A,5.07,3.59,1.68
I1_2026-05-17_juventus_fiorentina,I1,2026-05-17,11:00,2026-05-17 10:00:00+00:00,Juventus,Fiorentina,0,2,A,1.3,5.43,8.52
I1_2026-05-17_pisa_napoli,I1,2026-05-17,11:00,2026-05-17 10:00:00+00:00,Pisa,Napoli,0,3,A,7.98,4.29,1.4
I1_2026-05-17_roma_lazio,I1,2026-05-17,11:00,2026-05-17 10:00:00+00:00,Roma,Lazio,2,0,H,1.49,4.12,6.23
E0_2026-05-17_man-united_nott-m-forest,E0,2026-05-17,12:30,2026-05-17 11:30:00+00:00,Man United,Nott'm Forest,3,2,H,1.56,4.42,5.12
I1_2026-05-17_inter_verona,I1,2026-05-17,14:00,2026-05-17 13:00:00+00:00,Inter,Verona,1,1,D,1.36,4.83,7.8
E0_2026-05-17_brentford_crystal-palace,E0,2026-05-17,15:00,2026-05-17 14:00:00+00:00,Brentford,Crystal Palace,2,2,D,1.72,3.9,4.41
E0_2026-05-17_everton_sunderland,E0,2026-05-17,15:00,2026-05-17 14:00:00+00:00,Everton,Sunderland,1,3,A,1.84,3.58,4.13
E0_2026-05-17_leeds_brighton,E0,2026-05-17,15:00,2026-05-17 14:00:00+00:00,Leeds,Brighton,1,0,H,3.43,3.48,2.04
E0_2026-05-17_wolves_fulham,E0,2026-05-17,15:00,2026-05-17 14:00:00+00:00,Wolves,Fulham,1,1,D,4.03,3.63,1.84
I1_2026-05-17_atalanta_bologna,I1,2026-05-17,17:00,2026-05-17 16:00:00+00:00,Atalanta,Bologna,0,1,A,1.71,3.91,4.3
E0_2026-05-17_newcastle_west-ham,E0,2026-05-17,17:30,2026-05-17 16:30:00+00:00,Newcastle,West Ham,3,1,H,2.05,3.81,3.15
SP1_2026-05-17_ath-bilbao_celta,SP1,2026-05-17,18:00,2026-05-17 17:00:00+00:00,Ath Bilbao,Celta,1,1,D,2.13,3.15,3.52
SP1_2026-05-17_ath-madrid_girona,SP1,2026-05-17,18:00,2026-05-17 17:00:00+00:00,Ath Madrid,Girona,1,0,H,1.78,3.83,4.07
SP1_2026-05-17_elche_getafe,SP1,2026-05-17,18:00,2026-05-17 17:00:00+00:00,Elche,Getafe,1,0,H,2.3,2.87,3.48
SP1_2026-05-17_levante_mallorca,SP1,2026-05-17,18:00,2026-05-17 17:00:00+00:00,Levante,Mallorca,2,0,H,2.05,3.39,3.49
SP1_2026-05-17_osasuna_espanol,SP1,2026-05-17,18:00,2026-05-17 17:00:00+00:00,Osasuna,Espanol,1,2,A,2.11,2.9,3.96
SP1_2026-05-17_oviedo_alaves,SP1,2026-05-17,18:00,2026-05-17 17:00:00+00:00,Oviedo,Alaves,0,1,A,3.71,3.18,2.04
SP1_2026-05-17_sevilla_real-madrid,SP1,2026-05-17,18:00,2026-05-17 17:00:00+00:00,Sevilla,Real Madrid,0,1,A,3.45,3.68,1.96
SP1_2026-05-17_sociedad_valencia,SP1,2026-05-17,18:00,2026-05-17 17:00:00+00:00,Sociedad,Valencia,3,4,A,2.37,3.19,2.99
SP1_2026-05-17_vallecano_villarreal,SP1,2026-05-17,18:00,2026-05-17 17:00:00+00:00,Vallecano,Villarreal,2,0,H,1.96,3.55,3.58
I1_2026-05-17_cagliari_torino,I1,2026-05-17,19:45,2026-05-17 18:45:00+00:00,Cagliari,Torino,2,1,H,2.16,3.05,3.53
I1_2026-05-17_sassuolo_lecce,I1,2026-05-17,19:45,2026-05-17 18:45:00+00:00,Sassuolo,Lecce,2,3,A,2.5,3.18,2.78
I1_2026-05-17_udinese_cremonese,I1,2026-05-17,19:45,2026-05-17 18:45:00+00:00,Udinese,Cremonese,0,1,A,2.37,3.14,3.02
F1_2026-05-17_brest_angers,F1,2026-05-17,20:00,2026-05-17 19:00:00+00:00,Brest,Angers,1,1,D,1.93,3.43,3.79
F1_2026-05-17_lille_auxerre,F1,2026-05-17,20:00,2026-05-17 19:00:00+00:00,Lille,Auxerre,0,2,A,1.41,4.58,6.95
F1_2026-05-17_lorient_le-havre,F1,2026-05-17,20:00,2026-05-17 19:00:00+00:00,Lorient,Le Havre,0,2,A,2.29,3.4,2.92
F1_2026-05-17_lyon_lens,F1,2026-05-17,20:00,2026-05-17 19:00:00+00:00,Lyon,Lens,0,4,A,1.52,4.52,5.16
F1_2026-05-17_marseille_rennes,F1,2026-05-17,20:00,2026-05-17 19:00:00+00:00,Marseille,Rennes,3,1,H,1.82,4.11,3.58
F1_2026-05-17_nantes_toulouse,F1,2026-05-17,20:00,2026-05-17 19:00:00+00:00,Nantes,Toulouse,0,0,D,2.75,3.41,2.4
F1_2026-05-17_nice_metz,F1,2026-05-17,20:00,2026-05-17 19:00:00+00:00,Nice,Metz,0,0,D,1.27,5.78,9.47
F1_2026-05-17_paris-fc_paris-sg,F1,2026-05-17,20:00,2026-05-17 19:00:00+00:00,Paris FC,Paris SG,2,1,H,5.62,4.81,1.46
F1_2026-05-17_strasbourg_monaco,F1,2026-05-17,20:00,2026-05-17 19:00:00+00:00,Strasbourg,Monaco,5,4,H,3.19,4.13,1.93
SP1_2026-05-17_barcelona_betis,SP1,2026-05-17,20:15,2026-05-17 19:15:00+00:00,Barcelona,Betis,3,1,H,1.32,5.67,7.3
E0_2026-05-18_arsenal_burnley,E0,2026-05-18,20:00,2026-05-18 19:00:00+00:00,Arsenal,Burnley,1,0,H,1.09,10.11,22.69
E0_2026-05-19_bournemouth_man-city,E0,2026-05-19,19:30,2026-05-19 18:30:00+00:00,Bournemouth,Man City,1,1,D,4.62,4.24,1.63
E0_2026-05-19_chelsea_tottenham,E0,2026-05-19,20:15,2026-05-19 19:15:00+00:00,Chelsea,Tottenham,2,1,H,2.19,3.28,3.25
I1_2026-05-22_fiorentina_atalanta,I1,2026-05-22,19:45,2026-05-22 18:45:00+00:00,Fiorentina,Atalanta,1,1,D,3.01,3.51,2.21
I1_2026-05-23_bologna_inter,I1,2026-05-23,17:00,2026-05-23 16:00:00+00:00,Bologna,Inter,3,3,D,3.35,3.54,2.04
I1_2026-05-23_lazio_pisa,I1,2026-05-23,19:45,2026-05-23 18:45:00+00:00,Lazio,Pisa,2,1,H,1.67,3.73,4.86
SP1_2026-05-23_alaves_vallecano,SP1,2026-05-23,20:00,2026-05-23 19:00:00+00:00,Alaves,Vallecano,1,2,A,2.11,3.27,3.45
SP1_2026-05-23_betis_levante,SP1,2026-05-23,20:00,2026-05-23 19:00:00+00:00,Betis,Levante,2,1,H,2.29,3.43,2.91
SP1_2026-05-23_celta_sevilla,SP1,2026-05-23,20:00,2026-05-23 19:00:00+00:00,Celta,Sevilla,1,0,H,1.85,3.37,4.34
SP1_2026-05-23_espanol_sociedad,SP1,2026-05-23,20:00,2026-05-23 19:00:00+00:00,Espanol,Sociedad,1,1,D,2.38,3.49,2.77
SP1_2026-05-23_getafe_osasuna,SP1,2026-05-23,20:00,2026-05-23 19:00:00+00:00,Getafe,Osasuna,1,0,H,2.91,2.55,2.99
SP1_2026-05-23_girona_elche,SP1,2026-05-23,20:00,2026-05-23 19:00:00+00:00,Girona,Elche,1,1,D,1.77,3.73,4.21
SP1_2026-05-23_mallorca_oviedo,SP1,2026-05-23,20:00,2026-05-23 19:00:00+00:00,Mallorca,Oviedo,3,0,H,1.45,4.34,6.78
SP1_2026-05-23_real-madrid_ath-bilbao,SP1,2026-05-23,20:00,2026-05-23 19:00:00+00:00,Real Madrid,Ath Bilbao,4,2,H,1.52,4.6,5.18
SP1_2026-05-23_valencia_barcelona,SP1,2026-05-23,20:00,2026-05-23 19:00:00+00:00,Valencia,Barcelona,3,1,H,3.34,3.98,1.92
I1_2026-05-24_parma_sassuolo,I1,2026-05-24,14:00,2026-05-24 13:00:00+00:00,Parma,Sassuolo,1,0,H,3.04,3.31,2.25
E0_2026-05-24_brighton_man-united,E0,2026-05-24,16:00,2026-05-24 15:00:00+00:00,Brighton,Man United,0,3,A,1.87,4.08,3.49
E0_2026-05-24_burnley_wolves,E0,2026-05-24,16:00,2026-05-24 15:00:00+00:00,Burnley,Wolves,1,1,D,2.39,3.42,2.82
E0_2026-05-24_crystal-palace_arsenal,E0,2026-05-24,16:00,2026-05-24 15:00:00+00:00,Crystal Palace,Arsenal,1,2,A,3.97,3.66,1.86
E0_2026-05-24_fulham_newcastle,E0,2026-05-24,16:00,2026-05-24 15:00:00+00:00,Fulham,Newcastle,2,0,H,2.54,3.63,2.53
E0_2026-05-24_liverpool_brentford,E0,2026-05-24,16:00,2026-05-24 15:00:00+00:00,Liverpool,Brentford,1,1,D,1.77,4.06,3.96
E0_2026-05-24_man-city_aston-villa,E0,2026-05-24,16:00,2026-05-24 15:00:00+00:00,Man City,Aston Villa,1,2,A,1.39,5.15,6.71
E0_2026-05-24_nott-m-forest_bournemouth,E0,2026-05-24,16:00,2026-05-24 15:00:00+00:00,Nott'm Forest,Bournemouth,1,1,D,3.54,3.7,1.96
E0_2026-05-24_sunderland_chelsea,E0,2026-05-24,16:00,2026-05-24 15:00:00+00:00,Sunderland,Chelsea,2,1,H,3.39,3.65,2.03
E0_2026-05-24_tottenham_everton,E0,2026-05-24,16:00,2026-05-24 15:00:00+00:00,Tottenham,Everton,1,0,H,1.87,3.48,4.1
E0_2026-05-24_west-ham_leeds,E0,2026-05-24,16:00,2026-05-24 15:00:00+00:00,West Ham,Leeds,3,0,H,1.7,4.11,4.35
I1_2026-05-24_napoli_udinese,I1,2026-05-24,17:00,2026-05-24 16:00:00+00:00,Napoli,Udinese,1,0,H,1.51,4.15,5.97
I1_2026-05-24_cremonese_como,I1,2026-05-24,19:45,2026-05-24 18:45:00+00:00,Cremonese,Como,1,4,A,5.55,4.17,1.53
I1_2026-05-24_lecce_genoa,I1,2026-05-24,19:45,2026-05-24 18:45:00+00:00,Lecce,Genoa,1,0,H,1.91,3.15,4.36
I1_2026-05-24_milan_cagliari,I1,2026-05-24,19:45,2026-05-24 18:45:00+00:00,Milan,Cagliari,1,2,A,1.35,4.66,8.62
I1_2026-05-24_torino_juventus,I1,2026-05-24,19:45,2026-05-24 18:45:00+00:00,Torino,Juventus,2,2,D,6.31,4.39,1.46
I1_2026-05-24_verona_roma,I1,2026-05-24,19:45,2026-05-24 18:45:00+00:00,Verona,Roma,0,2,A,9.46,4.83,1.32
SP1_2026-05-24_villarreal_ath-madrid,SP1,2026-05-24,20:00,2026-05-24 19:00:00+00:00,Villarreal,Ath Madrid,5,1,H,2.46,3.79,2.5
